<<<<<<< HEAD
INFO - 2024-05-28 13:10:21 --> Session: Class initialized using 'CodeIgniter\Session\Handlers\FileHandler' driver.
INFO - 2024-05-28 13:10:21 --> Session: Class initialized using 'CodeIgniter\Session\Handlers\FileHandler' driver.
INFO - 2024-05-28 13:10:21 --> Session: Class initialized using 'CodeIgniter\Session\Handlers\FileHandler' driver.
INFO - 2024-05-28 13:10:21 --> Session: Class initialized using 'CodeIgniter\Session\Handlers\FileHandler' driver.
INFO - 2024-05-28 13:10:21 --> Session: Class initialized using 'CodeIgniter\Session\Handlers\FileHandler' driver.
INFO - 2024-05-28 13:10:21 --> Session: Class initialized using 'CodeIgniter\Session\Handlers\FileHandler' driver.
INFO - 2024-05-28 13:10:21 --> Session: Class initialized using 'CodeIgniter\Session\Handlers\FileHandler' driver.
INFO - 2024-05-28 13:10:21 --> Session: Class initialized using 'CodeIgniter\Session\Handlers\FileHandler' driver.
INFO - 2024-05-28 13:10:21 --> Session: Class initialized using 'CodeIgniter\Session\Handlers\FileHandler' driver.
INFO - 2024-05-28 13:10:21 --> Session: Class initialized using 'CodeIgniter\Session\Handlers\FileHandler' driver.
INFO - 2024-05-28 13:10:22 --> Session: Class initialized using 'CodeIgniter\Session\Handlers\FileHandler' driver.
INFO - 2024-05-28 13:10:26 --> Session: Class initialized using 'CodeIgniter\Session\Handlers\FileHandler' driver.
DEBUG - 2024-05-28 13:10:26 --> File upload status for img_logo: File present
DEBUG - 2024-05-28 13:10:26 --> File upload status for img_capt: File present
DEBUG - 2024-05-28 13:10:26 --> Logo name: 1716901826_915ca53154d66446d3d4.jpg
DEBUG - 2024-05-28 13:10:26 --> Captain image name: 1716901826_72c112afc10917ff5183.jpg
DEBUG - 2024-05-28 13:10:26 --> Barangay updated successfully with ID: 4
INFO - 2024-05-28 13:10:27 --> Session: Class initialized using 'CodeIgniter\Session\Handlers\FileHandler' driver.
INFO - 2024-05-28 13:10:27 --> Session: Class initialized using 'CodeIgniter\Session\Handlers\FileHandler' driver.
INFO - 2024-05-28 13:10:27 --> Session: Class initialized using 'CodeIgniter\Session\Handlers\FileHandler' driver.
INFO - 2024-05-28 13:10:27 --> Session: Class initialized using 'CodeIgniter\Session\Handlers\FileHandler' driver.
INFO - 2024-05-28 13:10:27 --> Session: Class initialized using 'CodeIgniter\Session\Handlers\FileHandler' driver.
INFO - 2024-05-28 13:10:27 --> Session: Class initialized using 'CodeIgniter\Session\Handlers\FileHandler' driver.
INFO - 2024-05-28 13:10:27 --> Session: Class initialized using 'CodeIgniter\Session\Handlers\FileHandler' driver.
INFO - 2024-05-28 13:10:27 --> Session: Class initialized using 'CodeIgniter\Session\Handlers\FileHandler' driver.
INFO - 2024-05-28 13:10:27 --> Session: Class initialized using 'CodeIgniter\Session\Handlers\FileHandler' driver.
INFO - 2024-05-28 13:19:40 --> Session: Class initialized using 'CodeIgniter\Session\Handlers\FileHandler' driver.
INFO - 2024-05-28 13:19:40 --> Session: Class initialized using 'CodeIgniter\Session\Handlers\FileHandler' driver.
INFO - 2024-05-28 13:19:41 --> Session: Class initialized using 'CodeIgniter\Session\Handlers\FileHandler' driver.
INFO - 2024-05-28 13:19:41 --> Session: Class initialized using 'CodeIgniter\Session\Handlers\FileHandler' driver.
INFO - 2024-05-28 13:19:41 --> Session: Class initialized using 'CodeIgniter\Session\Handlers\FileHandler' driver.
INFO - 2024-05-28 13:19:41 --> Session: Class initialized using 'CodeIgniter\Session\Handlers\FileHandler' driver.
INFO - 2024-05-28 13:19:41 --> Session: Class initialized using 'CodeIgniter\Session\Handlers\FileHandler' driver.
INFO - 2024-05-28 13:19:41 --> Session: Class initialized using 'CodeIgniter\Session\Handlers\FileHandler' driver.
INFO - 2024-05-28 13:19:41 --> Session: Class initialized using 'CodeIgniter\Session\Handlers\FileHandler' driver.
INFO - 2024-05-28 13:19:41 --> Session: Class initialized using 'CodeIgniter\Session\Handlers\FileHandler' driver.
INFO - 2024-05-28 13:20:43 --> Session: Class initialized using 'CodeIgniter\Session\Handlers\FileHandler' driver.
INFO - 2024-05-28 13:20:43 --> Session: Class initialized using 'CodeIgniter\Session\Handlers\FileHandler' driver.
INFO - 2024-05-28 13:20:43 --> Session: Class initialized using 'CodeIgniter\Session\Handlers\FileHandler' driver.
INFO - 2024-05-28 13:20:43 --> Session: Class initialized using 'CodeIgniter\Session\Handlers\FileHandler' driver.
INFO - 2024-05-28 13:20:43 --> Session: Class initialized using 'CodeIgniter\Session\Handlers\FileHandler' driver.
INFO - 2024-05-28 13:20:43 --> Session: Class initialized using 'CodeIgniter\Session\Handlers\FileHandler' driver.
INFO - 2024-05-28 13:20:43 --> Session: Class initialized using 'CodeIgniter\Session\Handlers\FileHandler' driver.
INFO - 2024-05-28 13:20:43 --> Session: Class initialized using 'CodeIgniter\Session\Handlers\FileHandler' driver.
INFO - 2024-05-28 13:20:43 --> Session: Class initialized using 'CodeIgniter\Session\Handlers\FileHandler' driver.
INFO - 2024-05-28 13:20:43 --> Session: Class initialized using 'CodeIgniter\Session\Handlers\FileHandler' driver.
INFO - 2024-05-28 13:20:45 --> Session: Class initialized using 'CodeIgniter\Session\Handlers\FileHandler' driver.
INFO - 2024-05-28 13:20:48 --> Session: Class initialized using 'CodeIgniter\Session\Handlers\FileHandler' driver.
DEBUG - 2024-05-28 13:20:48 --> File upload status for img_logo: File present
DEBUG - 2024-05-28 13:20:48 --> File upload status for img_capt: File present
DEBUG - 2024-05-28 13:20:48 --> Logo name: 1716902448_937ce2d7b5bcbd8066bc.jpg
DEBUG - 2024-05-28 13:20:48 --> Captain image name: Not set
DEBUG - 2024-05-28 13:20:48 --> Barangay updated successfully with ID: 4
INFO - 2024-05-28 13:20:49 --> Session: Class initialized using 'CodeIgniter\Session\Handlers\FileHandler' driver.
INFO - 2024-05-28 13:20:49 --> Session: Class initialized using 'CodeIgniter\Session\Handlers\FileHandler' driver.
INFO - 2024-05-28 13:20:49 --> Session: Class initialized using 'CodeIgniter\Session\Handlers\FileHandler' driver.
INFO - 2024-05-28 13:20:49 --> Session: Class initialized using 'CodeIgniter\Session\Handlers\FileHandler' driver.
INFO - 2024-05-28 13:20:49 --> Session: Class initialized using 'CodeIgniter\Session\Handlers\FileHandler' driver.
INFO - 2024-05-28 13:20:49 --> Session: Class initialized using 'CodeIgniter\Session\Handlers\FileHandler' driver.
INFO - 2024-05-28 13:20:49 --> Session: Class initialized using 'CodeIgniter\Session\Handlers\FileHandler' driver.
INFO - 2024-05-28 13:20:49 --> Session: Class initialized using 'CodeIgniter\Session\Handlers\FileHandler' driver.
INFO - 2024-05-28 13:20:49 --> Session: Class initialized using 'CodeIgniter\Session\Handlers\FileHandler' driver.
INFO - 2024-05-28 13:24:06 --> Session: Class initialized using 'CodeIgniter\Session\Handlers\FileHandler' driver.
INFO - 2024-05-28 13:26:37 --> Session: Class initialized using 'CodeIgniter\Session\Handlers\FileHandler' driver.
CRITICAL - 2024-05-28 13:26:37 --> getimagesize(C:\xampp_7_4\htdocs\websitebinan\writable\uploads/BARANGAY): failed to open stream: Permission denied
in APPPATH\Controllers\Admin.php on line 537.
 1 [internal function]: CodeIgniter\Debug\Exceptions->errorHandler(2, 'getimagesize(C:\\xampp_7_4\\htdocs\\websitebinan\\writable\\uploads/BARANGAY): failed to open stream: Permission denied', 'APPPATH\\Controllers\\Admin.php', 537, [...])
 2 APPPATH\Controllers\Admin.php(537): getimagesize('ROOTPATH\\writable\\uploads\\BARANGAY')
 3 SYSTEMPATH\CodeIgniter.php(934): App\Controllers\Admin->image('BARANGAY', '1716902448_937ce2d7b5bcbd8066bc.jpg')
 4 SYSTEMPATH\CodeIgniter.php(499): CodeIgniter\CodeIgniter->runController(Object(App\Controllers\Admin))
 5 SYSTEMPATH\CodeIgniter.php(368): CodeIgniter\CodeIgniter->handleRequest(null, Object(Config\Cache), false)
 6 FCPATH\index.php(67): CodeIgniter\CodeIgniter->run()
INFO - 2024-05-28 13:26:38 --> Session: Class initialized using 'CodeIgniter\Session\Handlers\FileHandler' driver.
INFO - 2024-05-28 13:26:38 --> Session: Class initialized using 'CodeIgniter\Session\Handlers\FileHandler' driver.
INFO - 2024-05-28 13:26:38 --> Session: Class initialized using 'CodeIgniter\Session\Handlers\FileHandler' driver.
CRITICAL - 2024-05-28 13:26:38 --> getimagesize(C:\xampp_7_4\htdocs\websitebinan\writable\uploads/BARANGAY): failed to open stream: Permission denied
in APPPATH\Controllers\Admin.php on line 537.
 1 [internal function]: CodeIgniter\Debug\Exceptions->errorHandler(2, 'getimagesize(C:\\xampp_7_4\\htdocs\\websitebinan\\writable\\uploads/BARANGAY): failed to open stream: Permission denied', 'APPPATH\\Controllers\\Admin.php', 537, [...])
 2 APPPATH\Controllers\Admin.php(537): getimagesize('ROOTPATH\\writable\\uploads\\BARANGAY')
 3 SYSTEMPATH\CodeIgniter.php(934): App\Controllers\Admin->image('BARANGAY', 'BARANGAY1716902448_937ce2d7b5bcbd8066bc.jpg')
 4 SYSTEMPATH\CodeIgniter.php(499): CodeIgniter\CodeIgniter->runController(Object(App\Controllers\Admin))
 5 SYSTEMPATH\CodeIgniter.php(368): CodeIgniter\CodeIgniter->handleRequest(null, Object(Config\Cache), false)
 6 FCPATH\index.php(67): CodeIgniter\CodeIgniter->run()
INFO - 2024-05-28 13:26:38 --> Session: Class initialized using 'CodeIgniter\Session\Handlers\FileHandler' driver.
CRITICAL - 2024-05-28 13:26:38 --> getimagesize(C:\xampp_7_4\htdocs\websitebinan\writable\uploads/BARANGAY): failed to open stream: Permission denied
in APPPATH\Controllers\Admin.php on line 537.
 1 [internal function]: CodeIgniter\Debug\Exceptions->errorHandler(2, 'getimagesize(C:\\xampp_7_4\\htdocs\\websitebinan\\writable\\uploads/BARANGAY): failed to open stream: Permission denied', 'APPPATH\\Controllers\\Admin.php', 537, [...])
 2 APPPATH\Controllers\Admin.php(537): getimagesize('ROOTPATH\\writable\\uploads\\BARANGAY')
 3 SYSTEMPATH\CodeIgniter.php(934): App\Controllers\Admin->image('BARANGAY', 'BARANGAY1716901826_72c112afc10917ff5183.jpg')
 4 SYSTEMPATH\CodeIgniter.php(499): CodeIgniter\CodeIgniter->runController(Object(App\Controllers\Admin))
 5 SYSTEMPATH\CodeIgniter.php(368): CodeIgniter\CodeIgniter->handleRequest(null, Object(Config\Cache), false)
 6 FCPATH\index.php(67): CodeIgniter\CodeIgniter->run()
INFO - 2024-05-28 13:26:38 --> Session: Class initialized using 'CodeIgniter\Session\Handlers\FileHandler' driver.
CRITICAL - 2024-05-28 13:26:38 --> getimagesize(C:\xampp_7_4\htdocs\websitebinan\writable\uploads/BARANGAY): failed to open stream: Permission denied
in APPPATH\Controllers\Admin.php on line 537.
 1 [internal function]: CodeIgniter\Debug\Exceptions->errorHandler(2, 'getimagesize(C:\\xampp_7_4\\htdocs\\websitebinan\\writable\\uploads/BARANGAY): failed to open stream: Permission denied', 'APPPATH\\Controllers\\Admin.php', 537, [...])
 2 APPPATH\Controllers\Admin.php(537): getimagesize('ROOTPATH\\writable\\uploads\\BARANGAY')
 3 SYSTEMPATH\CodeIgniter.php(934): App\Controllers\Admin->image('BARANGAY', 'BARANGAY1716862191_62084d24a7ae0295d1dd.jpg')
 4 SYSTEMPATH\CodeIgniter.php(499): CodeIgniter\CodeIgniter->runController(Object(App\Controllers\Admin))
 5 SYSTEMPATH\CodeIgniter.php(368): CodeIgniter\CodeIgniter->handleRequest(null, Object(Config\Cache), false)
 6 FCPATH\index.php(67): CodeIgniter\CodeIgniter->run()
INFO - 2024-05-28 13:26:38 --> Session: Class initialized using 'CodeIgniter\Session\Handlers\FileHandler' driver.
CRITICAL - 2024-05-28 13:26:38 --> getimagesize(C:\xampp_7_4\htdocs\websitebinan\writable\uploads/BARANGAY): failed to open stream: Permission denied
in APPPATH\Controllers\Admin.php on line 537.
 1 [internal function]: CodeIgniter\Debug\Exceptions->errorHandler(2, 'getimagesize(C:\\xampp_7_4\\htdocs\\websitebinan\\writable\\uploads/BARANGAY): failed to open stream: Permission denied', 'APPPATH\\Controllers\\Admin.php', 537, [...])
 2 APPPATH\Controllers\Admin.php(537): getimagesize('ROOTPATH\\writable\\uploads\\BARANGAY')
 3 SYSTEMPATH\CodeIgniter.php(934): App\Controllers\Admin->image('BARANGAY', 'BARANGAY1716806211_b3547d3116447be44780.jpg')
 4 SYSTEMPATH\CodeIgniter.php(499): CodeIgniter\CodeIgniter->runController(Object(App\Controllers\Admin))
 5 SYSTEMPATH\CodeIgniter.php(368): CodeIgniter\CodeIgniter->handleRequest(null, Object(Config\Cache), false)
 6 FCPATH\index.php(67): CodeIgniter\CodeIgniter->run()
INFO - 2024-05-28 13:26:38 --> Session: Class initialized using 'CodeIgniter\Session\Handlers\FileHandler' driver.
CRITICAL - 2024-05-28 13:26:38 --> getimagesize(C:\xampp_7_4\htdocs\websitebinan\writable\uploads/BARANGAY): failed to open stream: Permission denied
in APPPATH\Controllers\Admin.php on line 537.
 1 [internal function]: CodeIgniter\Debug\Exceptions->errorHandler(2, 'getimagesize(C:\\xampp_7_4\\htdocs\\websitebinan\\writable\\uploads/BARANGAY): failed to open stream: Permission denied', 'APPPATH\\Controllers\\Admin.php', 537, [...])
 2 APPPATH\Controllers\Admin.php(537): getimagesize('ROOTPATH\\writable\\uploads\\BARANGAY')
 3 SYSTEMPATH\CodeIgniter.php(934): App\Controllers\Admin->image('BARANGAY', 'BARANGAY1716862191_a88f2b2c55f8226b63db.jpg')
 4 SYSTEMPATH\CodeIgniter.php(499): CodeIgniter\CodeIgniter->runController(Object(App\Controllers\Admin))
 5 SYSTEMPATH\CodeIgniter.php(368): CodeIgniter\CodeIgniter->handleRequest(null, Object(Config\Cache), false)
 6 FCPATH\index.php(67): CodeIgniter\CodeIgniter->run()
INFO - 2024-05-28 13:26:38 --> Session: Class initialized using 'CodeIgniter\Session\Handlers\FileHandler' driver.
CRITICAL - 2024-05-28 13:26:38 --> getimagesize(C:\xampp_7_4\htdocs\websitebinan\writable\uploads/BARANGAY): failed to open stream: Permission denied
in APPPATH\Controllers\Admin.php on line 537.
 1 [internal function]: CodeIgniter\Debug\Exceptions->errorHandler(2, 'getimagesize(C:\\xampp_7_4\\htdocs\\websitebinan\\writable\\uploads/BARANGAY): failed to open stream: Permission denied', 'APPPATH\\Controllers\\Admin.php', 537, [...])
 2 APPPATH\Controllers\Admin.php(537): getimagesize('ROOTPATH\\writable\\uploads\\BARANGAY')
 3 SYSTEMPATH\CodeIgniter.php(934): App\Controllers\Admin->image('BARANGAY', 'BARANGAY1716806211_38aa22b135b046e5efef.jpg')
 4 SYSTEMPATH\CodeIgniter.php(499): CodeIgniter\CodeIgniter->runController(Object(App\Controllers\Admin))
 5 SYSTEMPATH\CodeIgniter.php(368): CodeIgniter\CodeIgniter->handleRequest(null, Object(Config\Cache), false)
 6 FCPATH\index.php(67): CodeIgniter\CodeIgniter->run()
INFO - 2024-05-28 13:26:38 --> Session: Class initialized using 'CodeIgniter\Session\Handlers\FileHandler' driver.
CRITICAL - 2024-05-28 13:26:38 --> getimagesize(C:\xampp_7_4\htdocs\websitebinan\writable\uploads/BARANGAY): failed to open stream: Permission denied
in APPPATH\Controllers\Admin.php on line 537.
 1 [internal function]: CodeIgniter\Debug\Exceptions->errorHandler(2, 'getimagesize(C:\\xampp_7_4\\htdocs\\websitebinan\\writable\\uploads/BARANGAY): failed to open stream: Permission denied', 'APPPATH\\Controllers\\Admin.php', 537, [...])
 2 APPPATH\Controllers\Admin.php(537): getimagesize('ROOTPATH\\writable\\uploads\\BARANGAY')
 3 SYSTEMPATH\CodeIgniter.php(934): App\Controllers\Admin->image('BARANGAY', 'BARANGAY1716865417_3f6af72dd69660ecce35.jpg')
 4 SYSTEMPATH\CodeIgniter.php(499): CodeIgniter\CodeIgniter->runController(Object(App\Controllers\Admin))
 5 SYSTEMPATH\CodeIgniter.php(368): CodeIgniter\CodeIgniter->handleRequest(null, Object(Config\Cache), false)
 6 FCPATH\index.php(67): CodeIgniter\CodeIgniter->run()
INFO - 2024-05-28 13:26:38 --> Session: Class initialized using 'CodeIgniter\Session\Handlers\FileHandler' driver.
CRITICAL - 2024-05-28 13:26:38 --> getimagesize(C:\xampp_7_4\htdocs\websitebinan\writable\uploads/BARANGAY): failed to open stream: Permission denied
in APPPATH\Controllers\Admin.php on line 537.
 1 [internal function]: CodeIgniter\Debug\Exceptions->errorHandler(2, 'getimagesize(C:\\xampp_7_4\\htdocs\\websitebinan\\writable\\uploads/BARANGAY): failed to open stream: Permission denied', 'APPPATH\\Controllers\\Admin.php', 537, [...])
 2 APPPATH\Controllers\Admin.php(537): getimagesize('ROOTPATH\\writable\\uploads\\BARANGAY')
 3 SYSTEMPATH\CodeIgniter.php(934): App\Controllers\Admin->image('BARANGAY', 'BARANGAY1716865417_39e2680cd7c8c1365879.jpg')
 4 SYSTEMPATH\CodeIgniter.php(499): CodeIgniter\CodeIgniter->runController(Object(App\Controllers\Admin))
 5 SYSTEMPATH\CodeIgniter.php(368): CodeIgniter\CodeIgniter->handleRequest(null, Object(Config\Cache), false)
 6 FCPATH\index.php(67): CodeIgniter\CodeIgniter->run()
INFO - 2024-05-28 13:26:40 --> Session: Class initialized using 'CodeIgniter\Session\Handlers\FileHandler' driver.
INFO - 2024-05-28 13:26:40 --> Session: Class initialized using 'CodeIgniter\Session\Handlers\FileHandler' driver.
INFO - 2024-05-28 13:26:40 --> Session: Class initialized using 'CodeIgniter\Session\Handlers\FileHandler' driver.
CRITICAL - 2024-05-28 13:26:40 --> getimagesize(C:\xampp_7_4\htdocs\websitebinan\writable\uploads/BARANGAY): failed to open stream: Permission denied
in APPPATH\Controllers\Admin.php on line 537.
 1 [internal function]: CodeIgniter\Debug\Exceptions->errorHandler(2, 'getimagesize(C:\\xampp_7_4\\htdocs\\websitebinan\\writable\\uploads/BARANGAY): failed to open stream: Permission denied', 'APPPATH\\Controllers\\Admin.php', 537, [...])
 2 APPPATH\Controllers\Admin.php(537): getimagesize('ROOTPATH\\writable\\uploads\\BARANGAY')
 3 SYSTEMPATH\CodeIgniter.php(934): App\Controllers\Admin->image('BARANGAY', 'BARANGAY1716902448_937ce2d7b5bcbd8066bc.jpg')
 4 SYSTEMPATH\CodeIgniter.php(499): CodeIgniter\CodeIgniter->runController(Object(App\Controllers\Admin))
 5 SYSTEMPATH\CodeIgniter.php(368): CodeIgniter\CodeIgniter->handleRequest(null, Object(Config\Cache), false)
 6 FCPATH\index.php(67): CodeIgniter\CodeIgniter->run()
INFO - 2024-05-28 13:26:40 --> Session: Class initialized using 'CodeIgniter\Session\Handlers\FileHandler' driver.
CRITICAL - 2024-05-28 13:26:40 --> getimagesize(C:\xampp_7_4\htdocs\websitebinan\writable\uploads/BARANGAY): failed to open stream: Permission denied
in APPPATH\Controllers\Admin.php on line 537.
 1 [internal function]: CodeIgniter\Debug\Exceptions->errorHandler(2, 'getimagesize(C:\\xampp_7_4\\htdocs\\websitebinan\\writable\\uploads/BARANGAY): failed to open stream: Permission denied', 'APPPATH\\Controllers\\Admin.php', 537, [...])
 2 APPPATH\Controllers\Admin.php(537): getimagesize('ROOTPATH\\writable\\uploads\\BARANGAY')
 3 SYSTEMPATH\CodeIgniter.php(934): App\Controllers\Admin->image('BARANGAY', 'BARANGAY1716901826_72c112afc10917ff5183.jpg')
 4 SYSTEMPATH\CodeIgniter.php(499): CodeIgniter\CodeIgniter->runController(Object(App\Controllers\Admin))
 5 SYSTEMPATH\CodeIgniter.php(368): CodeIgniter\CodeIgniter->handleRequest(null, Object(Config\Cache), false)
 6 FCPATH\index.php(67): CodeIgniter\CodeIgniter->run()
INFO - 2024-05-28 13:26:40 --> Session: Class initialized using 'CodeIgniter\Session\Handlers\FileHandler' driver.
CRITICAL - 2024-05-28 13:26:40 --> getimagesize(C:\xampp_7_4\htdocs\websitebinan\writable\uploads/BARANGAY): failed to open stream: Permission denied
in APPPATH\Controllers\Admin.php on line 537.
 1 [internal function]: CodeIgniter\Debug\Exceptions->errorHandler(2, 'getimagesize(C:\\xampp_7_4\\htdocs\\websitebinan\\writable\\uploads/BARANGAY): failed to open stream: Permission denied', 'APPPATH\\Controllers\\Admin.php', 537, [...])
 2 APPPATH\Controllers\Admin.php(537): getimagesize('ROOTPATH\\writable\\uploads\\BARANGAY')
 3 SYSTEMPATH\CodeIgniter.php(934): App\Controllers\Admin->image('BARANGAY', 'BARANGAY1716806211_38aa22b135b046e5efef.jpg')
 4 SYSTEMPATH\CodeIgniter.php(499): CodeIgniter\CodeIgniter->runController(Object(App\Controllers\Admin))
 5 SYSTEMPATH\CodeIgniter.php(368): CodeIgniter\CodeIgniter->handleRequest(null, Object(Config\Cache), false)
 6 FCPATH\index.php(67): CodeIgniter\CodeIgniter->run()
INFO - 2024-05-28 13:26:40 --> Session: Class initialized using 'CodeIgniter\Session\Handlers\FileHandler' driver.
CRITICAL - 2024-05-28 13:26:40 --> getimagesize(C:\xampp_7_4\htdocs\websitebinan\writable\uploads/BARANGAY): failed to open stream: Permission denied
in APPPATH\Controllers\Admin.php on line 537.
 1 [internal function]: CodeIgniter\Debug\Exceptions->errorHandler(2, 'getimagesize(C:\\xampp_7_4\\htdocs\\websitebinan\\writable\\uploads/BARANGAY): failed to open stream: Permission denied', 'APPPATH\\Controllers\\Admin.php', 537, [...])
 2 APPPATH\Controllers\Admin.php(537): getimagesize('ROOTPATH\\writable\\uploads\\BARANGAY')
 3 SYSTEMPATH\CodeIgniter.php(934): App\Controllers\Admin->image('BARANGAY', 'BARANGAY1716862191_62084d24a7ae0295d1dd.jpg')
 4 SYSTEMPATH\CodeIgniter.php(499): CodeIgniter\CodeIgniter->runController(Object(App\Controllers\Admin))
 5 SYSTEMPATH\CodeIgniter.php(368): CodeIgniter\CodeIgniter->handleRequest(null, Object(Config\Cache), false)
 6 FCPATH\index.php(67): CodeIgniter\CodeIgniter->run()
INFO - 2024-05-28 13:26:40 --> Session: Class initialized using 'CodeIgniter\Session\Handlers\FileHandler' driver.
CRITICAL - 2024-05-28 13:26:40 --> getimagesize(C:\xampp_7_4\htdocs\websitebinan\writable\uploads/BARANGAY): failed to open stream: Permission denied
in APPPATH\Controllers\Admin.php on line 537.
 1 [internal function]: CodeIgniter\Debug\Exceptions->errorHandler(2, 'getimagesize(C:\\xampp_7_4\\htdocs\\websitebinan\\writable\\uploads/BARANGAY): failed to open stream: Permission denied', 'APPPATH\\Controllers\\Admin.php', 537, [...])
 2 APPPATH\Controllers\Admin.php(537): getimagesize('ROOTPATH\\writable\\uploads\\BARANGAY')
 3 SYSTEMPATH\CodeIgniter.php(934): App\Controllers\Admin->image('BARANGAY', 'BARANGAY1716806211_b3547d3116447be44780.jpg')
 4 SYSTEMPATH\CodeIgniter.php(499): CodeIgniter\CodeIgniter->runController(Object(App\Controllers\Admin))
 5 SYSTEMPATH\CodeIgniter.php(368): CodeIgniter\CodeIgniter->handleRequest(null, Object(Config\Cache), false)
 6 FCPATH\index.php(67): CodeIgniter\CodeIgniter->run()
INFO - 2024-05-28 13:26:40 --> Session: Class initialized using 'CodeIgniter\Session\Handlers\FileHandler' driver.
CRITICAL - 2024-05-28 13:26:40 --> getimagesize(C:\xampp_7_4\htdocs\websitebinan\writable\uploads/BARANGAY): failed to open stream: Permission denied
in APPPATH\Controllers\Admin.php on line 537.
 1 [internal function]: CodeIgniter\Debug\Exceptions->errorHandler(2, 'getimagesize(C:\\xampp_7_4\\htdocs\\websitebinan\\writable\\uploads/BARANGAY): failed to open stream: Permission denied', 'APPPATH\\Controllers\\Admin.php', 537, [...])
 2 APPPATH\Controllers\Admin.php(537): getimagesize('ROOTPATH\\writable\\uploads\\BARANGAY')
 3 SYSTEMPATH\CodeIgniter.php(934): App\Controllers\Admin->image('BARANGAY', 'BARANGAY1716862191_a88f2b2c55f8226b63db.jpg')
 4 SYSTEMPATH\CodeIgniter.php(499): CodeIgniter\CodeIgniter->runController(Object(App\Controllers\Admin))
 5 SYSTEMPATH\CodeIgniter.php(368): CodeIgniter\CodeIgniter->handleRequest(null, Object(Config\Cache), false)
 6 FCPATH\index.php(67): CodeIgniter\CodeIgniter->run()
INFO - 2024-05-28 13:26:40 --> Session: Class initialized using 'CodeIgniter\Session\Handlers\FileHandler' driver.
CRITICAL - 2024-05-28 13:26:40 --> getimagesize(C:\xampp_7_4\htdocs\websitebinan\writable\uploads/BARANGAY): failed to open stream: Permission denied
in APPPATH\Controllers\Admin.php on line 537.
 1 [internal function]: CodeIgniter\Debug\Exceptions->errorHandler(2, 'getimagesize(C:\\xampp_7_4\\htdocs\\websitebinan\\writable\\uploads/BARANGAY): failed to open stream: Permission denied', 'APPPATH\\Controllers\\Admin.php', 537, [...])
 2 APPPATH\Controllers\Admin.php(537): getimagesize('ROOTPATH\\writable\\uploads\\BARANGAY')
 3 SYSTEMPATH\CodeIgniter.php(934): App\Controllers\Admin->image('BARANGAY', 'BARANGAY1716865417_39e2680cd7c8c1365879.jpg')
 4 SYSTEMPATH\CodeIgniter.php(499): CodeIgniter\CodeIgniter->runController(Object(App\Controllers\Admin))
 5 SYSTEMPATH\CodeIgniter.php(368): CodeIgniter\CodeIgniter->handleRequest(null, Object(Config\Cache), false)
 6 FCPATH\index.php(67): CodeIgniter\CodeIgniter->run()
INFO - 2024-05-28 13:26:40 --> Session: Class initialized using 'CodeIgniter\Session\Handlers\FileHandler' driver.
CRITICAL - 2024-05-28 13:26:40 --> getimagesize(C:\xampp_7_4\htdocs\websitebinan\writable\uploads/BARANGAY): failed to open stream: Permission denied
in APPPATH\Controllers\Admin.php on line 537.
 1 [internal function]: CodeIgniter\Debug\Exceptions->errorHandler(2, 'getimagesize(C:\\xampp_7_4\\htdocs\\websitebinan\\writable\\uploads/BARANGAY): failed to open stream: Permission denied', 'APPPATH\\Controllers\\Admin.php', 537, [...])
 2 APPPATH\Controllers\Admin.php(537): getimagesize('ROOTPATH\\writable\\uploads\\BARANGAY')
 3 SYSTEMPATH\CodeIgniter.php(934): App\Controllers\Admin->image('BARANGAY', 'BARANGAY1716865417_3f6af72dd69660ecce35.jpg')
 4 SYSTEMPATH\CodeIgniter.php(499): CodeIgniter\CodeIgniter->runController(Object(App\Controllers\Admin))
 5 SYSTEMPATH\CodeIgniter.php(368): CodeIgniter\CodeIgniter->handleRequest(null, Object(Config\Cache), false)
 6 FCPATH\index.php(67): CodeIgniter\CodeIgniter->run()
INFO - 2024-05-28 13:26:41 --> Session: Class initialized using 'CodeIgniter\Session\Handlers\FileHandler' driver.
INFO - 2024-05-28 13:26:41 --> Session: Class initialized using 'CodeIgniter\Session\Handlers\FileHandler' driver.
INFO - 2024-05-28 13:26:41 --> Session: Class initialized using 'CodeIgniter\Session\Handlers\FileHandler' driver.
CRITICAL - 2024-05-28 13:26:41 --> getimagesize(C:\xampp_7_4\htdocs\websitebinan\writable\uploads/BARANGAY): failed to open stream: Permission denied
in APPPATH\Controllers\Admin.php on line 537.
 1 [internal function]: CodeIgniter\Debug\Exceptions->errorHandler(2, 'getimagesize(C:\\xampp_7_4\\htdocs\\websitebinan\\writable\\uploads/BARANGAY): failed to open stream: Permission denied', 'APPPATH\\Controllers\\Admin.php', 537, [...])
 2 APPPATH\Controllers\Admin.php(537): getimagesize('ROOTPATH\\writable\\uploads\\BARANGAY')
 3 SYSTEMPATH\CodeIgniter.php(934): App\Controllers\Admin->image('BARANGAY', 'BARANGAY1716902448_937ce2d7b5bcbd8066bc.jpg')
 4 SYSTEMPATH\CodeIgniter.php(499): CodeIgniter\CodeIgniter->runController(Object(App\Controllers\Admin))
 5 SYSTEMPATH\CodeIgniter.php(368): CodeIgniter\CodeIgniter->handleRequest(null, Object(Config\Cache), false)
 6 FCPATH\index.php(67): CodeIgniter\CodeIgniter->run()
INFO - 2024-05-28 13:26:41 --> Session: Class initialized using 'CodeIgniter\Session\Handlers\FileHandler' driver.
CRITICAL - 2024-05-28 13:26:41 --> getimagesize(C:\xampp_7_4\htdocs\websitebinan\writable\uploads/BARANGAY): failed to open stream: Permission denied
in APPPATH\Controllers\Admin.php on line 537.
 1 [internal function]: CodeIgniter\Debug\Exceptions->errorHandler(2, 'getimagesize(C:\\xampp_7_4\\htdocs\\websitebinan\\writable\\uploads/BARANGAY): failed to open stream: Permission denied', 'APPPATH\\Controllers\\Admin.php', 537, [...])
 2 APPPATH\Controllers\Admin.php(537): getimagesize('ROOTPATH\\writable\\uploads\\BARANGAY')
 3 SYSTEMPATH\CodeIgniter.php(934): App\Controllers\Admin->image('BARANGAY', 'BARANGAY1716806211_b3547d3116447be44780.jpg')
 4 SYSTEMPATH\CodeIgniter.php(499): CodeIgniter\CodeIgniter->runController(Object(App\Controllers\Admin))
 5 SYSTEMPATH\CodeIgniter.php(368): CodeIgniter\CodeIgniter->handleRequest(null, Object(Config\Cache), false)
 6 FCPATH\index.php(67): CodeIgniter\CodeIgniter->run()
INFO - 2024-05-28 13:26:41 --> Session: Class initialized using 'CodeIgniter\Session\Handlers\FileHandler' driver.
CRITICAL - 2024-05-28 13:26:41 --> getimagesize(C:\xampp_7_4\htdocs\websitebinan\writable\uploads/BARANGAY): failed to open stream: Permission denied
in APPPATH\Controllers\Admin.php on line 537.
 1 [internal function]: CodeIgniter\Debug\Exceptions->errorHandler(2, 'getimagesize(C:\\xampp_7_4\\htdocs\\websitebinan\\writable\\uploads/BARANGAY): failed to open stream: Permission denied', 'APPPATH\\Controllers\\Admin.php', 537, [...])
 2 APPPATH\Controllers\Admin.php(537): getimagesize('ROOTPATH\\writable\\uploads\\BARANGAY')
 3 SYSTEMPATH\CodeIgniter.php(934): App\Controllers\Admin->image('BARANGAY', 'BARANGAY1716862191_62084d24a7ae0295d1dd.jpg')
 4 SYSTEMPATH\CodeIgniter.php(499): CodeIgniter\CodeIgniter->runController(Object(App\Controllers\Admin))
 5 SYSTEMPATH\CodeIgniter.php(368): CodeIgniter\CodeIgniter->handleRequest(null, Object(Config\Cache), false)
 6 FCPATH\index.php(67): CodeIgniter\CodeIgniter->run()
INFO - 2024-05-28 13:26:41 --> Session: Class initialized using 'CodeIgniter\Session\Handlers\FileHandler' driver.
CRITICAL - 2024-05-28 13:26:41 --> getimagesize(C:\xampp_7_4\htdocs\websitebinan\writable\uploads/BARANGAY): failed to open stream: Permission denied
in APPPATH\Controllers\Admin.php on line 537.
 1 [internal function]: CodeIgniter\Debug\Exceptions->errorHandler(2, 'getimagesize(C:\\xampp_7_4\\htdocs\\websitebinan\\writable\\uploads/BARANGAY): failed to open stream: Permission denied', 'APPPATH\\Controllers\\Admin.php', 537, [...])
 2 APPPATH\Controllers\Admin.php(537): getimagesize('ROOTPATH\\writable\\uploads\\BARANGAY')
 3 SYSTEMPATH\CodeIgniter.php(934): App\Controllers\Admin->image('BARANGAY', 'BARANGAY1716862191_a88f2b2c55f8226b63db.jpg')
 4 SYSTEMPATH\CodeIgniter.php(499): CodeIgniter\CodeIgniter->runController(Object(App\Controllers\Admin))
 5 SYSTEMPATH\CodeIgniter.php(368): CodeIgniter\CodeIgniter->handleRequest(null, Object(Config\Cache), false)
 6 FCPATH\index.php(67): CodeIgniter\CodeIgniter->run()
INFO - 2024-05-28 13:26:41 --> Session: Class initialized using 'CodeIgniter\Session\Handlers\FileHandler' driver.
CRITICAL - 2024-05-28 13:26:41 --> getimagesize(C:\xampp_7_4\htdocs\websitebinan\writable\uploads/BARANGAY): failed to open stream: Permission denied
in APPPATH\Controllers\Admin.php on line 537.
 1 [internal function]: CodeIgniter\Debug\Exceptions->errorHandler(2, 'getimagesize(C:\\xampp_7_4\\htdocs\\websitebinan\\writable\\uploads/BARANGAY): failed to open stream: Permission denied', 'APPPATH\\Controllers\\Admin.php', 537, [...])
 2 APPPATH\Controllers\Admin.php(537): getimagesize('ROOTPATH\\writable\\uploads\\BARANGAY')
 3 SYSTEMPATH\CodeIgniter.php(934): App\Controllers\Admin->image('BARANGAY', 'BARANGAY1716901826_72c112afc10917ff5183.jpg')
 4 SYSTEMPATH\CodeIgniter.php(499): CodeIgniter\CodeIgniter->runController(Object(App\Controllers\Admin))
 5 SYSTEMPATH\CodeIgniter.php(368): CodeIgniter\CodeIgniter->handleRequest(null, Object(Config\Cache), false)
 6 FCPATH\index.php(67): CodeIgniter\CodeIgniter->run()
INFO - 2024-05-28 13:26:41 --> Session: Class initialized using 'CodeIgniter\Session\Handlers\FileHandler' driver.
CRITICAL - 2024-05-28 13:26:41 --> getimagesize(C:\xampp_7_4\htdocs\websitebinan\writable\uploads/BARANGAY): failed to open stream: Permission denied
in APPPATH\Controllers\Admin.php on line 537.
 1 [internal function]: CodeIgniter\Debug\Exceptions->errorHandler(2, 'getimagesize(C:\\xampp_7_4\\htdocs\\websitebinan\\writable\\uploads/BARANGAY): failed to open stream: Permission denied', 'APPPATH\\Controllers\\Admin.php', 537, [...])
 2 APPPATH\Controllers\Admin.php(537): getimagesize('ROOTPATH\\writable\\uploads\\BARANGAY')
 3 SYSTEMPATH\CodeIgniter.php(934): App\Controllers\Admin->image('BARANGAY', 'BARANGAY1716806211_38aa22b135b046e5efef.jpg')
 4 SYSTEMPATH\CodeIgniter.php(499): CodeIgniter\CodeIgniter->runController(Object(App\Controllers\Admin))
 5 SYSTEMPATH\CodeIgniter.php(368): CodeIgniter\CodeIgniter->handleRequest(null, Object(Config\Cache), false)
 6 FCPATH\index.php(67): CodeIgniter\CodeIgniter->run()
INFO - 2024-05-28 13:26:41 --> Session: Class initialized using 'CodeIgniter\Session\Handlers\FileHandler' driver.
CRITICAL - 2024-05-28 13:26:41 --> getimagesize(C:\xampp_7_4\htdocs\websitebinan\writable\uploads/BARANGAY): failed to open stream: Permission denied
in APPPATH\Controllers\Admin.php on line 537.
 1 [internal function]: CodeIgniter\Debug\Exceptions->errorHandler(2, 'getimagesize(C:\\xampp_7_4\\htdocs\\websitebinan\\writable\\uploads/BARANGAY): failed to open stream: Permission denied', 'APPPATH\\Controllers\\Admin.php', 537, [...])
 2 APPPATH\Controllers\Admin.php(537): getimagesize('ROOTPATH\\writable\\uploads\\BARANGAY')
 3 SYSTEMPATH\CodeIgniter.php(934): App\Controllers\Admin->image('BARANGAY', 'BARANGAY1716865417_3f6af72dd69660ecce35.jpg')
 4 SYSTEMPATH\CodeIgniter.php(499): CodeIgniter\CodeIgniter->runController(Object(App\Controllers\Admin))
 5 SYSTEMPATH\CodeIgniter.php(368): CodeIgniter\CodeIgniter->handleRequest(null, Object(Config\Cache), false)
 6 FCPATH\index.php(67): CodeIgniter\CodeIgniter->run()
INFO - 2024-05-28 13:26:41 --> Session: Class initialized using 'CodeIgniter\Session\Handlers\FileHandler' driver.
CRITICAL - 2024-05-28 13:26:41 --> getimagesize(C:\xampp_7_4\htdocs\websitebinan\writable\uploads/BARANGAY): failed to open stream: Permission denied
in APPPATH\Controllers\Admin.php on line 537.
 1 [internal function]: CodeIgniter\Debug\Exceptions->errorHandler(2, 'getimagesize(C:\\xampp_7_4\\htdocs\\websitebinan\\writable\\uploads/BARANGAY): failed to open stream: Permission denied', 'APPPATH\\Controllers\\Admin.php', 537, [...])
 2 APPPATH\Controllers\Admin.php(537): getimagesize('ROOTPATH\\writable\\uploads\\BARANGAY')
 3 SYSTEMPATH\CodeIgniter.php(934): App\Controllers\Admin->image('BARANGAY', 'BARANGAY1716865417_39e2680cd7c8c1365879.jpg')
 4 SYSTEMPATH\CodeIgniter.php(499): CodeIgniter\CodeIgniter->runController(Object(App\Controllers\Admin))
 5 SYSTEMPATH\CodeIgniter.php(368): CodeIgniter\CodeIgniter->handleRequest(null, Object(Config\Cache), false)
 6 FCPATH\index.php(67): CodeIgniter\CodeIgniter->run()
INFO - 2024-05-28 13:26:51 --> Session: Class initialized using 'CodeIgniter\Session\Handlers\FileHandler' driver.
INFO - 2024-05-28 13:26:51 --> Session: Class initialized using 'CodeIgniter\Session\Handlers\FileHandler' driver.
INFO - 2024-05-28 13:26:51 --> Session: Class initialized using 'CodeIgniter\Session\Handlers\FileHandler' driver.
CRITICAL - 2024-05-28 13:26:51 --> getimagesize(C:\xampp_7_4\htdocs\websitebinan\writable\uploads/BARANGAY): failed to open stream: Permission denied
in APPPATH\Controllers\Admin.php on line 537.
 1 [internal function]: CodeIgniter\Debug\Exceptions->errorHandler(2, 'getimagesize(C:\\xampp_7_4\\htdocs\\websitebinan\\writable\\uploads/BARANGAY): failed to open stream: Permission denied', 'APPPATH\\Controllers\\Admin.php', 537, [...])
 2 APPPATH\Controllers\Admin.php(537): getimagesize('ROOTPATH\\writable\\uploads\\BARANGAY')
 3 SYSTEMPATH\CodeIgniter.php(934): App\Controllers\Admin->image('BARANGAY', '1716902448_937ce2d7b5bcbd8066bc.jpg')
 4 SYSTEMPATH\CodeIgniter.php(499): CodeIgniter\CodeIgniter->runController(Object(App\Controllers\Admin))
 5 SYSTEMPATH\CodeIgniter.php(368): CodeIgniter\CodeIgniter->handleRequest(null, Object(Config\Cache), false)
 6 FCPATH\index.php(67): CodeIgniter\CodeIgniter->run()
INFO - 2024-05-28 13:26:51 --> Session: Class initialized using 'CodeIgniter\Session\Handlers\FileHandler' driver.
CRITICAL - 2024-05-28 13:26:51 --> getimagesize(C:\xampp_7_4\htdocs\websitebinan\writable\uploads/BARANGAY): failed to open stream: Permission denied
in APPPATH\Controllers\Admin.php on line 537.
 1 [internal function]: CodeIgniter\Debug\Exceptions->errorHandler(2, 'getimagesize(C:\\xampp_7_4\\htdocs\\websitebinan\\writable\\uploads/BARANGAY): failed to open stream: Permission denied', 'APPPATH\\Controllers\\Admin.php', 537, [...])
 2 APPPATH\Controllers\Admin.php(537): getimagesize('ROOTPATH\\writable\\uploads\\BARANGAY')
 3 SYSTEMPATH\CodeIgniter.php(934): App\Controllers\Admin->image('BARANGAY', '1716901826_72c112afc10917ff5183.jpg')
 4 SYSTEMPATH\CodeIgniter.php(499): CodeIgniter\CodeIgniter->runController(Object(App\Controllers\Admin))
 5 SYSTEMPATH\CodeIgniter.php(368): CodeIgniter\CodeIgniter->handleRequest(null, Object(Config\Cache), false)
 6 FCPATH\index.php(67): CodeIgniter\CodeIgniter->run()
INFO - 2024-05-28 13:26:51 --> Session: Class initialized using 'CodeIgniter\Session\Handlers\FileHandler' driver.
CRITICAL - 2024-05-28 13:26:51 --> getimagesize(C:\xampp_7_4\htdocs\websitebinan\writable\uploads/BARANGAY): failed to open stream: Permission denied
in APPPATH\Controllers\Admin.php on line 537.
 1 [internal function]: CodeIgniter\Debug\Exceptions->errorHandler(2, 'getimagesize(C:\\xampp_7_4\\htdocs\\websitebinan\\writable\\uploads/BARANGAY): failed to open stream: Permission denied', 'APPPATH\\Controllers\\Admin.php', 537, [...])
 2 APPPATH\Controllers\Admin.php(537): getimagesize('ROOTPATH\\writable\\uploads\\BARANGAY')
 3 SYSTEMPATH\CodeIgniter.php(934): App\Controllers\Admin->image('BARANGAY', '1716806211_b3547d3116447be44780.jpg')
 4 SYSTEMPATH\CodeIgniter.php(499): CodeIgniter\CodeIgniter->runController(Object(App\Controllers\Admin))
 5 SYSTEMPATH\CodeIgniter.php(368): CodeIgniter\CodeIgniter->handleRequest(null, Object(Config\Cache), false)
 6 FCPATH\index.php(67): CodeIgniter\CodeIgniter->run()
INFO - 2024-05-28 13:26:51 --> Session: Class initialized using 'CodeIgniter\Session\Handlers\FileHandler' driver.
CRITICAL - 2024-05-28 13:26:51 --> getimagesize(C:\xampp_7_4\htdocs\websitebinan\writable\uploads/BARANGAY): failed to open stream: Permission denied
in APPPATH\Controllers\Admin.php on line 537.
 1 [internal function]: CodeIgniter\Debug\Exceptions->errorHandler(2, 'getimagesize(C:\\xampp_7_4\\htdocs\\websitebinan\\writable\\uploads/BARANGAY): failed to open stream: Permission denied', 'APPPATH\\Controllers\\Admin.php', 537, [...])
 2 APPPATH\Controllers\Admin.php(537): getimagesize('ROOTPATH\\writable\\uploads\\BARANGAY')
 3 SYSTEMPATH\CodeIgniter.php(934): App\Controllers\Admin->image('BARANGAY', '1716862191_a88f2b2c55f8226b63db.jpg')
 4 SYSTEMPATH\CodeIgniter.php(499): CodeIgniter\CodeIgniter->runController(Object(App\Controllers\Admin))
 5 SYSTEMPATH\CodeIgniter.php(368): CodeIgniter\CodeIgniter->handleRequest(null, Object(Config\Cache), false)
 6 FCPATH\index.php(67): CodeIgniter\CodeIgniter->run()
INFO - 2024-05-28 13:26:51 --> Session: Class initialized using 'CodeIgniter\Session\Handlers\FileHandler' driver.
CRITICAL - 2024-05-28 13:26:51 --> getimagesize(C:\xampp_7_4\htdocs\websitebinan\writable\uploads/BARANGAY): failed to open stream: Permission denied
in APPPATH\Controllers\Admin.php on line 537.
 1 [internal function]: CodeIgniter\Debug\Exceptions->errorHandler(2, 'getimagesize(C:\\xampp_7_4\\htdocs\\websitebinan\\writable\\uploads/BARANGAY): failed to open stream: Permission denied', 'APPPATH\\Controllers\\Admin.php', 537, [...])
 2 APPPATH\Controllers\Admin.php(537): getimagesize('ROOTPATH\\writable\\uploads\\BARANGAY')
 3 SYSTEMPATH\CodeIgniter.php(934): App\Controllers\Admin->image('BARANGAY', '1716806211_38aa22b135b046e5efef.jpg')
 4 SYSTEMPATH\CodeIgniter.php(499): CodeIgniter\CodeIgniter->runController(Object(App\Controllers\Admin))
 5 SYSTEMPATH\CodeIgniter.php(368): CodeIgniter\CodeIgniter->handleRequest(null, Object(Config\Cache), false)
 6 FCPATH\index.php(67): CodeIgniter\CodeIgniter->run()
INFO - 2024-05-28 13:26:51 --> Session: Class initialized using 'CodeIgniter\Session\Handlers\FileHandler' driver.
CRITICAL - 2024-05-28 13:26:51 --> getimagesize(C:\xampp_7_4\htdocs\websitebinan\writable\uploads/BARANGAY): failed to open stream: Permission denied
in APPPATH\Controllers\Admin.php on line 537.
 1 [internal function]: CodeIgniter\Debug\Exceptions->errorHandler(2, 'getimagesize(C:\\xampp_7_4\\htdocs\\websitebinan\\writable\\uploads/BARANGAY): failed to open stream: Permission denied', 'APPPATH\\Controllers\\Admin.php', 537, [...])
 2 APPPATH\Controllers\Admin.php(537): getimagesize('ROOTPATH\\writable\\uploads\\BARANGAY')
 3 SYSTEMPATH\CodeIgniter.php(934): App\Controllers\Admin->image('BARANGAY', '1716862191_62084d24a7ae0295d1dd.jpg')
 4 SYSTEMPATH\CodeIgniter.php(499): CodeIgniter\CodeIgniter->runController(Object(App\Controllers\Admin))
 5 SYSTEMPATH\CodeIgniter.php(368): CodeIgniter\CodeIgniter->handleRequest(null, Object(Config\Cache), false)
 6 FCPATH\index.php(67): CodeIgniter\CodeIgniter->run()
INFO - 2024-05-28 13:26:51 --> Session: Class initialized using 'CodeIgniter\Session\Handlers\FileHandler' driver.
CRITICAL - 2024-05-28 13:26:51 --> getimagesize(C:\xampp_7_4\htdocs\websitebinan\writable\uploads/BARANGAY): failed to open stream: Permission denied
in APPPATH\Controllers\Admin.php on line 537.
 1 [internal function]: CodeIgniter\Debug\Exceptions->errorHandler(2, 'getimagesize(C:\\xampp_7_4\\htdocs\\websitebinan\\writable\\uploads/BARANGAY): failed to open stream: Permission denied', 'APPPATH\\Controllers\\Admin.php', 537, [...])
 2 APPPATH\Controllers\Admin.php(537): getimagesize('ROOTPATH\\writable\\uploads\\BARANGAY')
 3 SYSTEMPATH\CodeIgniter.php(934): App\Controllers\Admin->image('BARANGAY', '1716865417_3f6af72dd69660ecce35.jpg')
 4 SYSTEMPATH\CodeIgniter.php(499): CodeIgniter\CodeIgniter->runController(Object(App\Controllers\Admin))
 5 SYSTEMPATH\CodeIgniter.php(368): CodeIgniter\CodeIgniter->handleRequest(null, Object(Config\Cache), false)
 6 FCPATH\index.php(67): CodeIgniter\CodeIgniter->run()
INFO - 2024-05-28 13:26:51 --> Session: Class initialized using 'CodeIgniter\Session\Handlers\FileHandler' driver.
CRITICAL - 2024-05-28 13:26:51 --> getimagesize(C:\xampp_7_4\htdocs\websitebinan\writable\uploads/BARANGAY): failed to open stream: Permission denied
in APPPATH\Controllers\Admin.php on line 537.
 1 [internal function]: CodeIgniter\Debug\Exceptions->errorHandler(2, 'getimagesize(C:\\xampp_7_4\\htdocs\\websitebinan\\writable\\uploads/BARANGAY): failed to open stream: Permission denied', 'APPPATH\\Controllers\\Admin.php', 537, [...])
 2 APPPATH\Controllers\Admin.php(537): getimagesize('ROOTPATH\\writable\\uploads\\BARANGAY')
 3 SYSTEMPATH\CodeIgniter.php(934): App\Controllers\Admin->image('BARANGAY', '1716865417_39e2680cd7c8c1365879.jpg')
 4 SYSTEMPATH\CodeIgniter.php(499): CodeIgniter\CodeIgniter->runController(Object(App\Controllers\Admin))
 5 SYSTEMPATH\CodeIgniter.php(368): CodeIgniter\CodeIgniter->handleRequest(null, Object(Config\Cache), false)
 6 FCPATH\index.php(67): CodeIgniter\CodeIgniter->run()
INFO - 2024-05-28 13:27:10 --> Session: Class initialized using 'CodeIgniter\Session\Handlers\FileHandler' driver.
INFO - 2024-05-28 13:27:10 --> Session: Class initialized using 'CodeIgniter\Session\Handlers\FileHandler' driver.
INFO - 2024-05-28 13:27:10 --> Session: Class initialized using 'CodeIgniter\Session\Handlers\FileHandler' driver.
INFO - 2024-05-28 13:27:10 --> Session: Class initialized using 'CodeIgniter\Session\Handlers\FileHandler' driver.
INFO - 2024-05-28 13:27:10 --> Session: Class initialized using 'CodeIgniter\Session\Handlers\FileHandler' driver.
INFO - 2024-05-28 13:27:10 --> Session: Class initialized using 'CodeIgniter\Session\Handlers\FileHandler' driver.
INFO - 2024-05-28 13:27:10 --> Session: Class initialized using 'CodeIgniter\Session\Handlers\FileHandler' driver.
INFO - 2024-05-28 13:27:10 --> Session: Class initialized using 'CodeIgniter\Session\Handlers\FileHandler' driver.
INFO - 2024-05-28 13:27:10 --> Session: Class initialized using 'CodeIgniter\Session\Handlers\FileHandler' driver.
INFO - 2024-05-28 13:27:10 --> Session: Class initialized using 'CodeIgniter\Session\Handlers\FileHandler' driver.
INFO - 2024-05-28 13:29:00 --> Session: Class initialized using 'CodeIgniter\Session\Handlers\FileHandler' driver.
INFO - 2024-05-28 13:29:00 --> Session: Class initialized using 'CodeIgniter\Session\Handlers\FileHandler' driver.
INFO - 2024-05-28 13:29:00 --> Session: Class initialized using 'CodeIgniter\Session\Handlers\FileHandler' driver.
INFO - 2024-05-28 13:29:00 --> Session: Class initialized using 'CodeIgniter\Session\Handlers\FileHandler' driver.
INFO - 2024-05-28 13:29:00 --> Session: Class initialized using 'CodeIgniter\Session\Handlers\FileHandler' driver.
INFO - 2024-05-28 13:29:00 --> Session: Class initialized using 'CodeIgniter\Session\Handlers\FileHandler' driver.
INFO - 2024-05-28 13:29:00 --> Session: Class initialized using 'CodeIgniter\Session\Handlers\FileHandler' driver.
INFO - 2024-05-28 13:29:00 --> Session: Class initialized using 'CodeIgniter\Session\Handlers\FileHandler' driver.
INFO - 2024-05-28 13:29:00 --> Session: Class initialized using 'CodeIgniter\Session\Handlers\FileHandler' driver.
INFO - 2024-05-28 13:29:00 --> Session: Class initialized using 'CodeIgniter\Session\Handlers\FileHandler' driver.
INFO - 2024-05-28 13:29:01 --> Session: Class initialized using 'CodeIgniter\Session\Handlers\FileHandler' driver.
INFO - 2024-05-28 13:29:01 --> Session: Class initialized using 'CodeIgniter\Session\Handlers\FileHandler' driver.
INFO - 2024-05-28 13:29:01 --> Session: Class initialized using 'CodeIgniter\Session\Handlers\FileHandler' driver.
INFO - 2024-05-28 13:29:01 --> Session: Class initialized using 'CodeIgniter\Session\Handlers\FileHandler' driver.
INFO - 2024-05-28 13:29:01 --> Session: Class initialized using 'CodeIgniter\Session\Handlers\FileHandler' driver.
INFO - 2024-05-28 13:29:01 --> Session: Class initialized using 'CodeIgniter\Session\Handlers\FileHandler' driver.
INFO - 2024-05-28 13:29:01 --> Session: Class initialized using 'CodeIgniter\Session\Handlers\FileHandler' driver.
INFO - 2024-05-28 13:29:01 --> Session: Class initialized using 'CodeIgniter\Session\Handlers\FileHandler' driver.
INFO - 2024-05-28 13:29:01 --> Session: Class initialized using 'CodeIgniter\Session\Handlers\FileHandler' driver.
INFO - 2024-05-28 13:29:02 --> Session: Class initialized using 'CodeIgniter\Session\Handlers\FileHandler' driver.
INFO - 2024-05-28 13:29:02 --> Session: Class initialized using 'CodeIgniter\Session\Handlers\FileHandler' driver.
INFO - 2024-05-28 13:29:02 --> Session: Class initialized using 'CodeIgniter\Session\Handlers\FileHandler' driver.
INFO - 2024-05-28 13:29:02 --> Session: Class initialized using 'CodeIgniter\Session\Handlers\FileHandler' driver.
INFO - 2024-05-28 13:29:02 --> Session: Class initialized using 'CodeIgniter\Session\Handlers\FileHandler' driver.
INFO - 2024-05-28 13:29:02 --> Session: Class initialized using 'CodeIgniter\Session\Handlers\FileHandler' driver.
INFO - 2024-05-28 13:29:02 --> Session: Class initialized using 'CodeIgniter\Session\Handlers\FileHandler' driver.
INFO - 2024-05-28 13:29:02 --> Session: Class initialized using 'CodeIgniter\Session\Handlers\FileHandler' driver.
INFO - 2024-05-28 13:29:02 --> Session: Class initialized using 'CodeIgniter\Session\Handlers\FileHandler' driver.
INFO - 2024-05-28 13:29:02 --> Session: Class initialized using 'CodeIgniter\Session\Handlers\FileHandler' driver.
INFO - 2024-05-28 13:29:02 --> Session: Class initialized using 'CodeIgniter\Session\Handlers\FileHandler' driver.
INFO - 2024-05-28 13:30:39 --> Session: Class initialized using 'CodeIgniter\Session\Handlers\FileHandler' driver.
INFO - 2024-05-28 13:30:39 --> Session: Class initialized using 'CodeIgniter\Session\Handlers\FileHandler' driver.
INFO - 2024-05-28 13:30:39 --> Session: Class initialized using 'CodeIgniter\Session\Handlers\FileHandler' driver.
INFO - 2024-05-28 13:30:39 --> Session: Class initialized using 'CodeIgniter\Session\Handlers\FileHandler' driver.
INFO - 2024-05-28 13:30:39 --> Session: Class initialized using 'CodeIgniter\Session\Handlers\FileHandler' driver.
INFO - 2024-05-28 13:30:39 --> Session: Class initialized using 'CodeIgniter\Session\Handlers\FileHandler' driver.
INFO - 2024-05-28 13:30:39 --> Session: Class initialized using 'CodeIgniter\Session\Handlers\FileHandler' driver.
INFO - 2024-05-28 13:30:39 --> Session: Class initialized using 'CodeIgniter\Session\Handlers\FileHandler' driver.
INFO - 2024-05-28 13:30:39 --> Session: Class initialized using 'CodeIgniter\Session\Handlers\FileHandler' driver.
INFO - 2024-05-28 13:30:39 --> Session: Class initialized using 'CodeIgniter\Session\Handlers\FileHandler' driver.
INFO - 2024-05-28 13:30:40 --> Session: Class initialized using 'CodeIgniter\Session\Handlers\FileHandler' driver.
INFO - 2024-05-28 13:30:40 --> Session: Class initialized using 'CodeIgniter\Session\Handlers\FileHandler' driver.
INFO - 2024-05-28 13:30:40 --> Session: Class initialized using 'CodeIgniter\Session\Handlers\FileHandler' driver.
INFO - 2024-05-28 13:30:40 --> Session: Class initialized using 'CodeIgniter\Session\Handlers\FileHandler' driver.
INFO - 2024-05-28 13:30:40 --> Session: Class initialized using 'CodeIgniter\Session\Handlers\FileHandler' driver.
INFO - 2024-05-28 13:30:40 --> Session: Class initialized using 'CodeIgniter\Session\Handlers\FileHandler' driver.
INFO - 2024-05-28 13:30:40 --> Session: Class initialized using 'CodeIgniter\Session\Handlers\FileHandler' driver.
INFO - 2024-05-28 13:30:40 --> Session: Class initialized using 'CodeIgniter\Session\Handlers\FileHandler' driver.
INFO - 2024-05-28 13:30:40 --> Session: Class initialized using 'CodeIgniter\Session\Handlers\FileHandler' driver.
INFO - 2024-05-28 13:30:40 --> Session: Class initialized using 'CodeIgniter\Session\Handlers\FileHandler' driver.
INFO - 2024-05-28 13:30:51 --> Session: Class initialized using 'CodeIgniter\Session\Handlers\FileHandler' driver.
INFO - 2024-05-28 13:30:51 --> Session: Class initialized using 'CodeIgniter\Session\Handlers\FileHandler' driver.
INFO - 2024-05-28 13:30:51 --> Session: Class initialized using 'CodeIgniter\Session\Handlers\FileHandler' driver.
INFO - 2024-05-28 13:30:51 --> Session: Class initialized using 'CodeIgniter\Session\Handlers\FileHandler' driver.
INFO - 2024-05-28 13:30:51 --> Session: Class initialized using 'CodeIgniter\Session\Handlers\FileHandler' driver.
INFO - 2024-05-28 13:30:51 --> Session: Class initialized using 'CodeIgniter\Session\Handlers\FileHandler' driver.
INFO - 2024-05-28 13:30:51 --> Session: Class initialized using 'CodeIgniter\Session\Handlers\FileHandler' driver.
INFO - 2024-05-28 13:30:51 --> Session: Class initialized using 'CodeIgniter\Session\Handlers\FileHandler' driver.
INFO - 2024-05-28 13:30:52 --> Session: Class initialized using 'CodeIgniter\Session\Handlers\FileHandler' driver.
INFO - 2024-05-28 13:30:52 --> Session: Class initialized using 'CodeIgniter\Session\Handlers\FileHandler' driver.
INFO - 2024-05-28 13:31:02 --> Session: Class initialized using 'CodeIgniter\Session\Handlers\FileHandler' driver.
INFO - 2024-05-28 13:31:02 --> Session: Class initialized using 'CodeIgniter\Session\Handlers\FileHandler' driver.
INFO - 2024-05-28 13:31:02 --> Session: Class initialized using 'CodeIgniter\Session\Handlers\FileHandler' driver.
INFO - 2024-05-28 13:31:02 --> Session: Class initialized using 'CodeIgniter\Session\Handlers\FileHandler' driver.
INFO - 2024-05-28 13:31:02 --> Session: Class initialized using 'CodeIgniter\Session\Handlers\FileHandler' driver.
INFO - 2024-05-28 13:31:02 --> Session: Class initialized using 'CodeIgniter\Session\Handlers\FileHandler' driver.
INFO - 2024-05-28 13:31:02 --> Session: Class initialized using 'CodeIgniter\Session\Handlers\FileHandler' driver.
INFO - 2024-05-28 13:31:02 --> Session: Class initialized using 'CodeIgniter\Session\Handlers\FileHandler' driver.
INFO - 2024-05-28 13:31:02 --> Session: Class initialized using 'CodeIgniter\Session\Handlers\FileHandler' driver.
INFO - 2024-05-28 13:31:02 --> Session: Class initialized using 'CodeIgniter\Session\Handlers\FileHandler' driver.
INFO - 2024-05-28 13:38:21 --> Session: Class initialized using 'CodeIgniter\Session\Handlers\FileHandler' driver.
INFO - 2024-05-28 13:38:21 --> Session: Class initialized using 'CodeIgniter\Session\Handlers\FileHandler' driver.
INFO - 2024-05-28 13:38:21 --> Session: Class initialized using 'CodeIgniter\Session\Handlers\FileHandler' driver.
INFO - 2024-05-28 13:38:21 --> Session: Class initialized using 'CodeIgniter\Session\Handlers\FileHandler' driver.
INFO - 2024-05-28 13:38:21 --> Session: Class initialized using 'CodeIgniter\Session\Handlers\FileHandler' driver.
ERROR - 2024-05-28 13:38:21 --> File not found: C:\xampp_7_4\htdocs\websitebinan\writable\uploads/BARANGAY/1716862191_62084d24a7ae0295d1dd.jpg
INFO - 2024-05-28 13:38:21 --> Session: Class initialized using 'CodeIgniter\Session\Handlers\FileHandler' driver.
ERROR - 2024-05-28 13:38:21 --> File not found: C:\xampp_7_4\htdocs\websitebinan\writable\uploads/BARANGAY/1716862191_a88f2b2c55f8226b63db.jpg
INFO - 2024-05-28 13:38:21 --> Session: Class initialized using 'CodeIgniter\Session\Handlers\FileHandler' driver.
ERROR - 2024-05-28 13:38:21 --> File not found: C:\xampp_7_4\htdocs\websitebinan\writable\uploads/BARANGAY/1716806211_b3547d3116447be44780.jpg
INFO - 2024-05-28 13:38:21 --> Session: Class initialized using 'CodeIgniter\Session\Handlers\FileHandler' driver.
ERROR - 2024-05-28 13:38:21 --> File not found: C:\xampp_7_4\htdocs\websitebinan\writable\uploads/BARANGAY/1716806211_38aa22b135b046e5efef.jpg
INFO - 2024-05-28 13:38:21 --> Session: Class initialized using 'CodeIgniter\Session\Handlers\FileHandler' driver.
ERROR - 2024-05-28 13:38:21 --> File not found: C:\xampp_7_4\htdocs\websitebinan\writable\uploads/BARANGAY/1716865417_3f6af72dd69660ecce35.jpg
INFO - 2024-05-28 13:38:21 --> Session: Class initialized using 'CodeIgniter\Session\Handlers\FileHandler' driver.
ERROR - 2024-05-28 13:38:21 --> File not found: C:\xampp_7_4\htdocs\websitebinan\writable\uploads/BARANGAY/1716865417_39e2680cd7c8c1365879.jpg
INFO - 2024-05-28 13:38:30 --> Session: Class initialized using 'CodeIgniter\Session\Handlers\FileHandler' driver.
INFO - 2024-05-28 13:38:30 --> Session: Class initialized using 'CodeIgniter\Session\Handlers\FileHandler' driver.
INFO - 2024-05-28 13:38:30 --> Session: Class initialized using 'CodeIgniter\Session\Handlers\FileHandler' driver.
INFO - 2024-05-28 13:38:30 --> Session: Class initialized using 'CodeIgniter\Session\Handlers\FileHandler' driver.
INFO - 2024-05-28 13:38:30 --> Session: Class initialized using 'CodeIgniter\Session\Handlers\FileHandler' driver.
INFO - 2024-05-28 13:38:30 --> Session: Class initialized using 'CodeIgniter\Session\Handlers\FileHandler' driver.
INFO - 2024-05-28 13:38:30 --> Session: Class initialized using 'CodeIgniter\Session\Handlers\FileHandler' driver.
INFO - 2024-05-28 13:38:30 --> Session: Class initialized using 'CodeIgniter\Session\Handlers\FileHandler' driver.
INFO - 2024-05-28 13:38:30 --> Session: Class initialized using 'CodeIgniter\Session\Handlers\FileHandler' driver.
INFO - 2024-05-28 13:38:30 --> Session: Class initialized using 'CodeIgniter\Session\Handlers\FileHandler' driver.
INFO - 2024-05-28 13:38:34 --> Session: Class initialized using 'CodeIgniter\Session\Handlers\FileHandler' driver.
INFO - 2024-05-28 13:38:54 --> Session: Class initialized using 'CodeIgniter\Session\Handlers\FileHandler' driver.
DEBUG - 2024-05-28 13:38:54 --> File upload status for img_logo: File present
DEBUG - 2024-05-28 13:38:54 --> File upload status for img_capt: File present
DEBUG - 2024-05-28 13:38:54 --> Logo name: Not set
DEBUG - 2024-05-28 13:38:54 --> Captain image name: 1716903534_1970c9eef98a15777185.jpg
DEBUG - 2024-05-28 13:38:54 --> Barangay updated successfully with ID: 5
INFO - 2024-05-28 13:38:55 --> Session: Class initialized using 'CodeIgniter\Session\Handlers\FileHandler' driver.
INFO - 2024-05-28 13:38:55 --> Session: Class initialized using 'CodeIgniter\Session\Handlers\FileHandler' driver.
INFO - 2024-05-28 13:38:55 --> Session: Class initialized using 'CodeIgniter\Session\Handlers\FileHandler' driver.
INFO - 2024-05-28 13:38:55 --> Session: Class initialized using 'CodeIgniter\Session\Handlers\FileHandler' driver.
INFO - 2024-05-28 13:38:55 --> Session: Class initialized using 'CodeIgniter\Session\Handlers\FileHandler' driver.
INFO - 2024-05-28 13:38:55 --> Session: Class initialized using 'CodeIgniter\Session\Handlers\FileHandler' driver.
INFO - 2024-05-28 13:38:55 --> Session: Class initialized using 'CodeIgniter\Session\Handlers\FileHandler' driver.
INFO - 2024-05-28 13:38:55 --> Session: Class initialized using 'CodeIgniter\Session\Handlers\FileHandler' driver.
INFO - 2024-05-28 13:38:55 --> Session: Class initialized using 'CodeIgniter\Session\Handlers\FileHandler' driver.
INFO - 2024-05-28 13:39:23 --> Session: Class initialized using 'CodeIgniter\Session\Handlers\FileHandler' driver.
INFO - 2024-05-28 13:39:25 --> Session: Class initialized using 'CodeIgniter\Session\Handlers\FileHandler' driver.
DEBUG - 2024-05-28 13:39:25 --> File upload status for img_logo: File present
DEBUG - 2024-05-28 13:39:25 --> File upload status for img_capt: File present
DEBUG - 2024-05-28 13:39:25 --> Logo name: Not set
DEBUG - 2024-05-28 13:39:25 --> Captain image name: 1716903565_ed4022f2aeb6dbed58a7.jpg
DEBUG - 2024-05-28 13:39:25 --> Barangay updated successfully with ID: 5
INFO - 2024-05-28 13:39:25 --> Session: Class initialized using 'CodeIgniter\Session\Handlers\FileHandler' driver.
INFO - 2024-05-28 13:39:25 --> Session: Class initialized using 'CodeIgniter\Session\Handlers\FileHandler' driver.
INFO - 2024-05-28 13:39:25 --> Session: Class initialized using 'CodeIgniter\Session\Handlers\FileHandler' driver.
INFO - 2024-05-28 13:39:25 --> Session: Class initialized using 'CodeIgniter\Session\Handlers\FileHandler' driver.
INFO - 2024-05-28 13:39:25 --> Session: Class initialized using 'CodeIgniter\Session\Handlers\FileHandler' driver.
INFO - 2024-05-28 13:39:25 --> Session: Class initialized using 'CodeIgniter\Session\Handlers\FileHandler' driver.
INFO - 2024-05-28 13:39:25 --> Session: Class initialized using 'CodeIgniter\Session\Handlers\FileHandler' driver.
INFO - 2024-05-28 13:39:26 --> Session: Class initialized using 'CodeIgniter\Session\Handlers\FileHandler' driver.
INFO - 2024-05-28 13:39:26 --> Session: Class initialized using 'CodeIgniter\Session\Handlers\FileHandler' driver.
INFO - 2024-05-28 13:39:28 --> Session: Class initialized using 'CodeIgniter\Session\Handlers\FileHandler' driver.
INFO - 2024-05-28 13:39:32 --> Session: Class initialized using 'CodeIgniter\Session\Handlers\FileHandler' driver.
DEBUG - 2024-05-28 13:39:32 --> File upload status for img_logo: File present
DEBUG - 2024-05-28 13:39:32 --> File upload status for img_capt: File present
DEBUG - 2024-05-28 13:39:32 --> Logo name: Not set
DEBUG - 2024-05-28 13:39:32 --> Captain image name: 1716903572_694fa18b0d22be982fc2.jpg
DEBUG - 2024-05-28 13:39:32 --> Barangay updated successfully with ID: 5
INFO - 2024-05-28 13:39:33 --> Session: Class initialized using 'CodeIgniter\Session\Handlers\FileHandler' driver.
INFO - 2024-05-28 13:39:33 --> Session: Class initialized using 'CodeIgniter\Session\Handlers\FileHandler' driver.
INFO - 2024-05-28 13:39:33 --> Session: Class initialized using 'CodeIgniter\Session\Handlers\FileHandler' driver.
INFO - 2024-05-28 13:39:33 --> Session: Class initialized using 'CodeIgniter\Session\Handlers\FileHandler' driver.
INFO - 2024-05-28 13:39:33 --> Session: Class initialized using 'CodeIgniter\Session\Handlers\FileHandler' driver.
INFO - 2024-05-28 13:39:33 --> Session: Class initialized using 'CodeIgniter\Session\Handlers\FileHandler' driver.
INFO - 2024-05-28 13:39:33 --> Session: Class initialized using 'CodeIgniter\Session\Handlers\FileHandler' driver.
INFO - 2024-05-28 13:39:33 --> Session: Class initialized using 'CodeIgniter\Session\Handlers\FileHandler' driver.
INFO - 2024-05-28 13:39:33 --> Session: Class initialized using 'CodeIgniter\Session\Handlers\FileHandler' driver.
INFO - 2024-05-28 13:42:48 --> Session: Class initialized using 'CodeIgniter\Session\Handlers\FileHandler' driver.
INFO - 2024-05-28 13:42:49 --> Session: Class initialized using 'CodeIgniter\Session\Handlers\FileHandler' driver.
INFO - 2024-05-28 13:42:49 --> Session: Class initialized using 'CodeIgniter\Session\Handlers\FileHandler' driver.
INFO - 2024-05-28 13:42:49 --> Session: Class initialized using 'CodeIgniter\Session\Handlers\FileHandler' driver.
INFO - 2024-05-28 13:42:49 --> Session: Class initialized using 'CodeIgniter\Session\Handlers\FileHandler' driver.
INFO - 2024-05-28 13:42:49 --> Session: Class initialized using 'CodeIgniter\Session\Handlers\FileHandler' driver.
INFO - 2024-05-28 13:42:49 --> Session: Class initialized using 'CodeIgniter\Session\Handlers\FileHandler' driver.
INFO - 2024-05-28 13:42:49 --> Session: Class initialized using 'CodeIgniter\Session\Handlers\FileHandler' driver.
INFO - 2024-05-28 13:42:49 --> Session: Class initialized using 'CodeIgniter\Session\Handlers\FileHandler' driver.
INFO - 2024-05-28 13:42:49 --> Session: Class initialized using 'CodeIgniter\Session\Handlers\FileHandler' driver.
INFO - 2024-05-28 13:43:03 --> Session: Class initialized using 'CodeIgniter\Session\Handlers\FileHandler' driver.
INFO - 2024-05-28 13:43:04 --> Session: Class initialized using 'CodeIgniter\Session\Handlers\FileHandler' driver.
INFO - 2024-05-28 13:43:04 --> Session: Class initialized using 'CodeIgniter\Session\Handlers\FileHandler' driver.
INFO - 2024-05-28 13:43:04 --> Session: Class initialized using 'CodeIgniter\Session\Handlers\FileHandler' driver.
INFO - 2024-05-28 13:43:04 --> Session: Class initialized using 'CodeIgniter\Session\Handlers\FileHandler' driver.
INFO - 2024-05-28 13:43:04 --> Session: Class initialized using 'CodeIgniter\Session\Handlers\FileHandler' driver.
INFO - 2024-05-28 13:43:04 --> Session: Class initialized using 'CodeIgniter\Session\Handlers\FileHandler' driver.
INFO - 2024-05-28 13:43:04 --> Session: Class initialized using 'CodeIgniter\Session\Handlers\FileHandler' driver.
INFO - 2024-05-28 13:43:04 --> Session: Class initialized using 'CodeIgniter\Session\Handlers\FileHandler' driver.
INFO - 2024-05-28 13:43:04 --> Session: Class initialized using 'CodeIgniter\Session\Handlers\FileHandler' driver.
INFO - 2024-05-28 13:43:04 --> Session: Class initialized using 'CodeIgniter\Session\Handlers\FileHandler' driver.
INFO - 2024-05-28 13:43:04 --> Session: Class initialized using 'CodeIgniter\Session\Handlers\FileHandler' driver.
INFO - 2024-05-28 13:43:56 --> Session: Class initialized using 'CodeIgniter\Session\Handlers\FileHandler' driver.
INFO - 2024-05-28 13:43:57 --> Session: Class initialized using 'CodeIgniter\Session\Handlers\FileHandler' driver.
INFO - 2024-05-28 13:44:12 --> Session: Class initialized using 'CodeIgniter\Session\Handlers\FileHandler' driver.
INFO - 2024-05-28 13:44:12 --> Session: Class initialized using 'CodeIgniter\Session\Handlers\FileHandler' driver.
INFO - 2024-05-28 13:44:12 --> Session: Class initialized using 'CodeIgniter\Session\Handlers\FileHandler' driver.
INFO - 2024-05-28 13:44:12 --> Session: Class initialized using 'CodeIgniter\Session\Handlers\FileHandler' driver.
INFO - 2024-05-28 13:44:19 --> Session: Class initialized using 'CodeIgniter\Session\Handlers\FileHandler' driver.
INFO - 2024-05-28 13:44:25 --> Session: Class initialized using 'CodeIgniter\Session\Handlers\FileHandler' driver.
DEBUG - 2024-05-28 13:44:25 --> File upload status for img_logo: File present
DEBUG - 2024-05-28 13:44:25 --> File upload status for img_capt: File present
DEBUG - 2024-05-28 13:44:25 --> Logo name: Not set
DEBUG - 2024-05-28 13:44:25 --> Captain image name: 1716903865_839d5c9a3ffe4f57219b.jpg
DEBUG - 2024-05-28 13:44:25 --> Barangay updated successfully with ID: 9
INFO - 2024-05-28 13:44:25 --> Session: Class initialized using 'CodeIgniter\Session\Handlers\FileHandler' driver.
INFO - 2024-05-28 13:44:25 --> Session: Class initialized using 'CodeIgniter\Session\Handlers\FileHandler' driver.
INFO - 2024-05-28 13:44:25 --> Session: Class initialized using 'CodeIgniter\Session\Handlers\FileHandler' driver.
INFO - 2024-05-28 13:46:29 --> Session: Class initialized using 'CodeIgniter\Session\Handlers\FileHandler' driver.
INFO - 2024-05-28 13:46:29 --> Session: Class initialized using 'CodeIgniter\Session\Handlers\FileHandler' driver.
INFO - 2024-05-28 13:46:29 --> Session: Class initialized using 'CodeIgniter\Session\Handlers\FileHandler' driver.
INFO - 2024-05-28 13:46:29 --> Session: Class initialized using 'CodeIgniter\Session\Handlers\FileHandler' driver.
INFO - 2024-05-28 13:46:29 --> Session: Class initialized using 'CodeIgniter\Session\Handlers\FileHandler' driver.
INFO - 2024-05-28 13:46:29 --> Session: Class initialized using 'CodeIgniter\Session\Handlers\FileHandler' driver.
INFO - 2024-05-28 13:46:31 --> Session: Class initialized using 'CodeIgniter\Session\Handlers\FileHandler' driver.
INFO - 2024-05-28 13:46:31 --> Session: Class initialized using 'CodeIgniter\Session\Handlers\FileHandler' driver.
INFO - 2024-05-28 13:46:31 --> Session: Class initialized using 'CodeIgniter\Session\Handlers\FileHandler' driver.
INFO - 2024-05-28 13:46:31 --> Session: Class initialized using 'CodeIgniter\Session\Handlers\FileHandler' driver.
INFO - 2024-05-28 13:46:31 --> Session: Class initialized using 'CodeIgniter\Session\Handlers\FileHandler' driver.
INFO - 2024-05-28 13:46:31 --> Session: Class initialized using 'CodeIgniter\Session\Handlers\FileHandler' driver.
INFO - 2024-05-28 13:46:31 --> Session: Class initialized using 'CodeIgniter\Session\Handlers\FileHandler' driver.
INFO - 2024-05-28 13:46:31 --> Session: Class initialized using 'CodeIgniter\Session\Handlers\FileHandler' driver.
=======
<<<<<<< HEAD
ERROR - 2024-05-28 01:20:53 --> Error connecting to the database: mysqli_sql_exception: No connection could be made because the target machine actively refused it.
 in C:\xampp_7_4\htdocs\websitebinan\system\Database\MySQLi\Connection.php:174
Stack trace:
#0 C:\xampp_7_4\htdocs\websitebinan\system\Database\MySQLi\Connection.php(174): mysqli->real_connect('localhost', 'root', '', 'websitebinan', 3306, '', 0)
#1 C:\xampp_7_4\htdocs\websitebinan\system\Database\BaseConnection.php(391): CodeIgniter\Database\MySQLi\Connection->connect(false)
#2 C:\xampp_7_4\htdocs\websitebinan\system\Database\BaseConnection.php(573): CodeIgniter\Database\BaseConnection->initialize()
#3 C:\xampp_7_4\htdocs\websitebinan\system\Database\BaseBuilder.php(1616): CodeIgniter\Database\BaseConnection->query('SELECT *\nFROM `...', Array, false)
#4 C:\xampp_7_4\htdocs\websitebinan\system\Model.php(241): CodeIgniter\Database\BaseBuilder->get()
#5 C:\xampp_7_4\htdocs\websitebinan\system\BaseModel.php(618): CodeIgniter\Model->doFindAll(0, 0)
#6 C:\xampp_7_4\htdocs\websitebinan\app\Controllers\Admin.php(217): CodeIgniter\BaseModel->findAll()
#7 C:\xampp_7_4\htdocs\websitebinan\system\CodeIgniter.php(934): App\Controllers\Admin->ajax('get_dept')
#8 C:\xampp_7_4\htdocs\websitebinan\system\CodeIgniter.php(499): CodeIgniter\CodeIgniter->runController(Object(App\Controllers\Admin))
#9 C:\xampp_7_4\htdocs\websitebinan\system\CodeIgniter.php(368): CodeIgniter\CodeIgniter->handleRequest(NULL, Object(Config\Cache), false)
#10 C:\xampp_7_4\htdocs\websitebinan\public\index.php(67): CodeIgniter\CodeIgniter->run()
#11 {main}

Next CodeIgniter\Database\Exceptions\DatabaseException: No connection could be made because the target machine actively refused it.
 in C:\xampp_7_4\htdocs\websitebinan\system\Database\MySQLi\Connection.php:218
Stack trace:
#0 C:\xampp_7_4\htdocs\websitebinan\system\Database\BaseConnection.php(391): CodeIgniter\Database\MySQLi\Connection->connect(false)
#1 C:\xampp_7_4\htdocs\websitebinan\system\Database\BaseConnection.php(573): CodeIgniter\Database\BaseConnection->initialize()
#2 C:\xampp_7_4\htdocs\websitebinan\system\Database\BaseBuilder.php(1616): CodeIgniter\Database\BaseConnection->query('SELECT *\nFROM `...', Array, false)
#3 C:\xampp_7_4\htdocs\websitebinan\system\Model.php(241): CodeIgniter\Database\BaseBuilder->get()
#4 C:\xampp_7_4\htdocs\websitebinan\system\BaseModel.php(618): CodeIgniter\Model->doFindAll(0, 0)
#5 C:\xampp_7_4\htdocs\websitebinan\app\Controllers\Admin.php(217): CodeIgniter\BaseModel->findAll()
#6 C:\xampp_7_4\htdocs\websitebinan\system\CodeIgniter.php(934): App\Controllers\Admin->ajax('get_dept')
#7 C:\xampp_7_4\htdocs\websitebinan\system\CodeIgniter.php(499): CodeIgniter\CodeIgniter->runController(Object(App\Controllers\Admin))
#8 C:\xampp_7_4\htdocs\websitebinan\system\CodeIgniter.php(368): CodeIgniter\CodeIgniter->handleRequest(NULL, Object(Config\Cache), false)
#9 C:\xampp_7_4\htdocs\websitebinan\public\index.php(67): CodeIgniter\CodeIgniter->run()
#10 {main}
CRITICAL - 2024-05-28 01:20:53 --> Unable to connect to the database.
Main connection [MySQLi]: No connection could be made because the target machine actively refused it.

in SYSTEMPATH\Database\BaseConnection.php on line 427.
 1 SYSTEMPATH\Database\BaseConnection.php(573): CodeIgniter\Database\BaseConnection->initialize()
 2 SYSTEMPATH\Database\BaseBuilder.php(1616): CodeIgniter\Database\BaseConnection->query('SELECT *
FROM `department_content`', [], false)
 3 SYSTEMPATH\Model.php(241): CodeIgniter\Database\BaseBuilder->get()
 4 SYSTEMPATH\BaseModel.php(618): CodeIgniter\Model->doFindAll(0, 0)
 5 APPPATH\Controllers\Admin.php(217): CodeIgniter\BaseModel->findAll()
 6 SYSTEMPATH\CodeIgniter.php(934): App\Controllers\Admin->ajax('get_dept')
 7 SYSTEMPATH\CodeIgniter.php(499): CodeIgniter\CodeIgniter->runController(Object(App\Controllers\Admin))
 8 SYSTEMPATH\CodeIgniter.php(368): CodeIgniter\CodeIgniter->handleRequest(null, Object(Config\Cache), false)
 9 FCPATH\index.php(67): CodeIgniter\CodeIgniter->run()
ERROR - 2024-05-28 01:21:15 --> Error connecting to the database: mysqli_sql_exception: No connection could be made because the target machine actively refused it.
 in C:\xampp_7_4\htdocs\websitebinan\system\Database\MySQLi\Connection.php:174
Stack trace:
#0 C:\xampp_7_4\htdocs\websitebinan\system\Database\MySQLi\Connection.php(174): mysqli->real_connect('localhost', 'root', '', 'websitebinan', 3306, '', 0)
#1 C:\xampp_7_4\htdocs\websitebinan\system\Database\BaseConnection.php(391): CodeIgniter\Database\MySQLi\Connection->connect(false)
#2 C:\xampp_7_4\htdocs\websitebinan\system\Database\BaseConnection.php(573): CodeIgniter\Database\BaseConnection->initialize()
#3 C:\xampp_7_4\htdocs\websitebinan\system\Database\BaseBuilder.php(1616): CodeIgniter\Database\BaseConnection->query('SELECT *\nFROM `...', Array, false)
#4 C:\xampp_7_4\htdocs\websitebinan\system\Model.php(241): CodeIgniter\Database\BaseBuilder->get()
#5 C:\xampp_7_4\htdocs\websitebinan\system\BaseModel.php(618): CodeIgniter\Model->doFindAll(0, 0)
#6 C:\xampp_7_4\htdocs\websitebinan\app\Controllers\Admin.php(217): CodeIgniter\BaseModel->findAll()
#7 C:\xampp_7_4\htdocs\websitebinan\system\CodeIgniter.php(934): App\Controllers\Admin->ajax('get_dept')
#8 C:\xampp_7_4\htdocs\websitebinan\system\CodeIgniter.php(499): CodeIgniter\CodeIgniter->runController(Object(App\Controllers\Admin))
#9 C:\xampp_7_4\htdocs\websitebinan\system\CodeIgniter.php(368): CodeIgniter\CodeIgniter->handleRequest(NULL, Object(Config\Cache), false)
#10 C:\xampp_7_4\htdocs\websitebinan\public\index.php(67): CodeIgniter\CodeIgniter->run()
#11 {main}

Next CodeIgniter\Database\Exceptions\DatabaseException: No connection could be made because the target machine actively refused it.
 in C:\xampp_7_4\htdocs\websitebinan\system\Database\MySQLi\Connection.php:218
Stack trace:
#0 C:\xampp_7_4\htdocs\websitebinan\system\Database\BaseConnection.php(391): CodeIgniter\Database\MySQLi\Connection->connect(false)
#1 C:\xampp_7_4\htdocs\websitebinan\system\Database\BaseConnection.php(573): CodeIgniter\Database\BaseConnection->initialize()
#2 C:\xampp_7_4\htdocs\websitebinan\system\Database\BaseBuilder.php(1616): CodeIgniter\Database\BaseConnection->query('SELECT *\nFROM `...', Array, false)
#3 C:\xampp_7_4\htdocs\websitebinan\system\Model.php(241): CodeIgniter\Database\BaseBuilder->get()
#4 C:\xampp_7_4\htdocs\websitebinan\system\BaseModel.php(618): CodeIgniter\Model->doFindAll(0, 0)
#5 C:\xampp_7_4\htdocs\websitebinan\app\Controllers\Admin.php(217): CodeIgniter\BaseModel->findAll()
#6 C:\xampp_7_4\htdocs\websitebinan\system\CodeIgniter.php(934): App\Controllers\Admin->ajax('get_dept')
#7 C:\xampp_7_4\htdocs\websitebinan\system\CodeIgniter.php(499): CodeIgniter\CodeIgniter->runController(Object(App\Controllers\Admin))
#8 C:\xampp_7_4\htdocs\websitebinan\system\CodeIgniter.php(368): CodeIgniter\CodeIgniter->handleRequest(NULL, Object(Config\Cache), false)
#9 C:\xampp_7_4\htdocs\websitebinan\public\index.php(67): CodeIgniter\CodeIgniter->run()
#10 {main}
CRITICAL - 2024-05-28 01:21:15 --> Unable to connect to the database.
Main connection [MySQLi]: No connection could be made because the target machine actively refused it.

in SYSTEMPATH\Database\BaseConnection.php on line 427.
 1 SYSTEMPATH\Database\BaseConnection.php(573): CodeIgniter\Database\BaseConnection->initialize()
 2 SYSTEMPATH\Database\BaseBuilder.php(1616): CodeIgniter\Database\BaseConnection->query('SELECT *
FROM `department_content`', [], false)
 3 SYSTEMPATH\Model.php(241): CodeIgniter\Database\BaseBuilder->get()
 4 SYSTEMPATH\BaseModel.php(618): CodeIgniter\Model->doFindAll(0, 0)
 5 APPPATH\Controllers\Admin.php(217): CodeIgniter\BaseModel->findAll()
 6 SYSTEMPATH\CodeIgniter.php(934): App\Controllers\Admin->ajax('get_dept')
 7 SYSTEMPATH\CodeIgniter.php(499): CodeIgniter\CodeIgniter->runController(Object(App\Controllers\Admin))
 8 SYSTEMPATH\CodeIgniter.php(368): CodeIgniter\CodeIgniter->handleRequest(null, Object(Config\Cache), false)
 9 FCPATH\index.php(67): CodeIgniter\CodeIgniter->run()
ERROR - 2024-05-28 01:21:41 --> Error connecting to the database: mysqli_sql_exception: No connection could be made because the target machine actively refused it.
 in C:\xampp_7_4\htdocs\websitebinan\system\Database\MySQLi\Connection.php:174
Stack trace:
#0 C:\xampp_7_4\htdocs\websitebinan\system\Database\MySQLi\Connection.php(174): mysqli->real_connect('localhost', 'root', '', 'websitebinan', 3306, '', 0)
#1 C:\xampp_7_4\htdocs\websitebinan\system\Database\BaseConnection.php(391): CodeIgniter\Database\MySQLi\Connection->connect(false)
#2 C:\xampp_7_4\htdocs\websitebinan\system\Database\BaseConnection.php(573): CodeIgniter\Database\BaseConnection->initialize()
#3 C:\xampp_7_4\htdocs\websitebinan\system\Database\BaseBuilder.php(1616): CodeIgniter\Database\BaseConnection->query('SELECT *\nFROM `...', Array, false)
#4 C:\xampp_7_4\htdocs\websitebinan\system\Model.php(241): CodeIgniter\Database\BaseBuilder->get()
#5 C:\xampp_7_4\htdocs\websitebinan\system\BaseModel.php(618): CodeIgniter\Model->doFindAll(0, 0)
#6 C:\xampp_7_4\htdocs\websitebinan\app\Controllers\Admin.php(217): CodeIgniter\BaseModel->findAll()
#7 C:\xampp_7_4\htdocs\websitebinan\system\CodeIgniter.php(934): App\Controllers\Admin->ajax('get_dept')
#8 C:\xampp_7_4\htdocs\websitebinan\system\CodeIgniter.php(499): CodeIgniter\CodeIgniter->runController(Object(App\Controllers\Admin))
#9 C:\xampp_7_4\htdocs\websitebinan\system\CodeIgniter.php(368): CodeIgniter\CodeIgniter->handleRequest(NULL, Object(Config\Cache), false)
#10 C:\xampp_7_4\htdocs\websitebinan\public\index.php(67): CodeIgniter\CodeIgniter->run()
#11 {main}

Next CodeIgniter\Database\Exceptions\DatabaseException: No connection could be made because the target machine actively refused it.
 in C:\xampp_7_4\htdocs\websitebinan\system\Database\MySQLi\Connection.php:218
Stack trace:
#0 C:\xampp_7_4\htdocs\websitebinan\system\Database\BaseConnection.php(391): CodeIgniter\Database\MySQLi\Connection->connect(false)
#1 C:\xampp_7_4\htdocs\websitebinan\system\Database\BaseConnection.php(573): CodeIgniter\Database\BaseConnection->initialize()
#2 C:\xampp_7_4\htdocs\websitebinan\system\Database\BaseBuilder.php(1616): CodeIgniter\Database\BaseConnection->query('SELECT *\nFROM `...', Array, false)
#3 C:\xampp_7_4\htdocs\websitebinan\system\Model.php(241): CodeIgniter\Database\BaseBuilder->get()
#4 C:\xampp_7_4\htdocs\websitebinan\system\BaseModel.php(618): CodeIgniter\Model->doFindAll(0, 0)
#5 C:\xampp_7_4\htdocs\websitebinan\app\Controllers\Admin.php(217): CodeIgniter\BaseModel->findAll()
#6 C:\xampp_7_4\htdocs\websitebinan\system\CodeIgniter.php(934): App\Controllers\Admin->ajax('get_dept')
#7 C:\xampp_7_4\htdocs\websitebinan\system\CodeIgniter.php(499): CodeIgniter\CodeIgniter->runController(Object(App\Controllers\Admin))
#8 C:\xampp_7_4\htdocs\websitebinan\system\CodeIgniter.php(368): CodeIgniter\CodeIgniter->handleRequest(NULL, Object(Config\Cache), false)
#9 C:\xampp_7_4\htdocs\websitebinan\public\index.php(67): CodeIgniter\CodeIgniter->run()
#10 {main}
CRITICAL - 2024-05-28 01:21:41 --> Unable to connect to the database.
Main connection [MySQLi]: No connection could be made because the target machine actively refused it.

in SYSTEMPATH\Database\BaseConnection.php on line 427.
 1 SYSTEMPATH\Database\BaseConnection.php(573): CodeIgniter\Database\BaseConnection->initialize()
 2 SYSTEMPATH\Database\BaseBuilder.php(1616): CodeIgniter\Database\BaseConnection->query('SELECT *
FROM `department_content`', [], false)
 3 SYSTEMPATH\Model.php(241): CodeIgniter\Database\BaseBuilder->get()
 4 SYSTEMPATH\BaseModel.php(618): CodeIgniter\Model->doFindAll(0, 0)
 5 APPPATH\Controllers\Admin.php(217): CodeIgniter\BaseModel->findAll()
 6 SYSTEMPATH\CodeIgniter.php(934): App\Controllers\Admin->ajax('get_dept')
 7 SYSTEMPATH\CodeIgniter.php(499): CodeIgniter\CodeIgniter->runController(Object(App\Controllers\Admin))
 8 SYSTEMPATH\CodeIgniter.php(368): CodeIgniter\CodeIgniter->handleRequest(null, Object(Config\Cache), false)
 9 FCPATH\index.php(67): CodeIgniter\CodeIgniter->run()
ERROR - 2024-05-28 01:22:00 --> Error connecting to the database: mysqli_sql_exception: No connection could be made because the target machine actively refused it.
 in C:\xampp_7_4\htdocs\websitebinan\system\Database\MySQLi\Connection.php:174
Stack trace:
#0 C:\xampp_7_4\htdocs\websitebinan\system\Database\MySQLi\Connection.php(174): mysqli->real_connect('localhost', 'root', '', 'websitebinan', 3306, '', 0)
#1 C:\xampp_7_4\htdocs\websitebinan\system\Database\BaseConnection.php(391): CodeIgniter\Database\MySQLi\Connection->connect(false)
#2 C:\xampp_7_4\htdocs\websitebinan\system\Database\BaseConnection.php(573): CodeIgniter\Database\BaseConnection->initialize()
#3 C:\xampp_7_4\htdocs\websitebinan\system\Database\BaseBuilder.php(1616): CodeIgniter\Database\BaseConnection->query('SELECT *\nFROM `...', Array, false)
#4 C:\xampp_7_4\htdocs\websitebinan\system\Model.php(241): CodeIgniter\Database\BaseBuilder->get()
#5 C:\xampp_7_4\htdocs\websitebinan\system\BaseModel.php(618): CodeIgniter\Model->doFindAll(0, 0)
#6 C:\xampp_7_4\htdocs\websitebinan\app\Controllers\Admin.php(217): CodeIgniter\BaseModel->findAll()
#7 C:\xampp_7_4\htdocs\websitebinan\system\CodeIgniter.php(934): App\Controllers\Admin->ajax('get_dept')
#8 C:\xampp_7_4\htdocs\websitebinan\system\CodeIgniter.php(499): CodeIgniter\CodeIgniter->runController(Object(App\Controllers\Admin))
#9 C:\xampp_7_4\htdocs\websitebinan\system\CodeIgniter.php(368): CodeIgniter\CodeIgniter->handleRequest(NULL, Object(Config\Cache), false)
#10 C:\xampp_7_4\htdocs\websitebinan\public\index.php(67): CodeIgniter\CodeIgniter->run()
#11 {main}

Next CodeIgniter\Database\Exceptions\DatabaseException: No connection could be made because the target machine actively refused it.
 in C:\xampp_7_4\htdocs\websitebinan\system\Database\MySQLi\Connection.php:218
Stack trace:
#0 C:\xampp_7_4\htdocs\websitebinan\system\Database\BaseConnection.php(391): CodeIgniter\Database\MySQLi\Connection->connect(false)
#1 C:\xampp_7_4\htdocs\websitebinan\system\Database\BaseConnection.php(573): CodeIgniter\Database\BaseConnection->initialize()
#2 C:\xampp_7_4\htdocs\websitebinan\system\Database\BaseBuilder.php(1616): CodeIgniter\Database\BaseConnection->query('SELECT *\nFROM `...', Array, false)
#3 C:\xampp_7_4\htdocs\websitebinan\system\Model.php(241): CodeIgniter\Database\BaseBuilder->get()
#4 C:\xampp_7_4\htdocs\websitebinan\system\BaseModel.php(618): CodeIgniter\Model->doFindAll(0, 0)
#5 C:\xampp_7_4\htdocs\websitebinan\app\Controllers\Admin.php(217): CodeIgniter\BaseModel->findAll()
#6 C:\xampp_7_4\htdocs\websitebinan\system\CodeIgniter.php(934): App\Controllers\Admin->ajax('get_dept')
#7 C:\xampp_7_4\htdocs\websitebinan\system\CodeIgniter.php(499): CodeIgniter\CodeIgniter->runController(Object(App\Controllers\Admin))
#8 C:\xampp_7_4\htdocs\websitebinan\system\CodeIgniter.php(368): CodeIgniter\CodeIgniter->handleRequest(NULL, Object(Config\Cache), false)
#9 C:\xampp_7_4\htdocs\websitebinan\public\index.php(67): CodeIgniter\CodeIgniter->run()
#10 {main}
CRITICAL - 2024-05-28 01:22:00 --> Unable to connect to the database.
Main connection [MySQLi]: No connection could be made because the target machine actively refused it.

in SYSTEMPATH\Database\BaseConnection.php on line 427.
 1 SYSTEMPATH\Database\BaseConnection.php(573): CodeIgniter\Database\BaseConnection->initialize()
 2 SYSTEMPATH\Database\BaseBuilder.php(1616): CodeIgniter\Database\BaseConnection->query('SELECT *
FROM `department_content`', [], false)
 3 SYSTEMPATH\Model.php(241): CodeIgniter\Database\BaseBuilder->get()
 4 SYSTEMPATH\BaseModel.php(618): CodeIgniter\Model->doFindAll(0, 0)
 5 APPPATH\Controllers\Admin.php(217): CodeIgniter\BaseModel->findAll()
 6 SYSTEMPATH\CodeIgniter.php(934): App\Controllers\Admin->ajax('get_dept')
 7 SYSTEMPATH\CodeIgniter.php(499): CodeIgniter\CodeIgniter->runController(Object(App\Controllers\Admin))
 8 SYSTEMPATH\CodeIgniter.php(368): CodeIgniter\CodeIgniter->handleRequest(null, Object(Config\Cache), false)
 9 FCPATH\index.php(67): CodeIgniter\CodeIgniter->run()
CRITICAL - 2024-05-28 01:22:11 --> Call to undefined function form_open_multipart()
in APPPATH\Views\admin\mod\cityOff.php on line 30.
 1 SYSTEMPATH\View\View.php(213): include()
 2 SYSTEMPATH\View\View.php(216): CodeIgniter\View\View->CodeIgniter\View\{closure}()
 3 SYSTEMPATH\Common.php(1184): CodeIgniter\View\View->render('admin/mod/cityOff', [], true)
 4 APPPATH\Views\admin\admin_page.php(219): view('admin/mod/cityOff', [])
 5 SYSTEMPATH\View\View.php(213): include('APPPATH\\Views\\admin\\admin_page.php')
 6 SYSTEMPATH\View\View.php(216): CodeIgniter\View\View->CodeIgniter\View\{closure}()
 7 SYSTEMPATH\Common.php(1184): CodeIgniter\View\View->render('admin/admin_page', [], true)
 8 APPPATH\Controllers\Admin.php(83): view('admin/admin_page', [...])
 9 SYSTEMPATH\CodeIgniter.php(934): App\Controllers\Admin->mode('cityOff')
10 SYSTEMPATH\CodeIgniter.php(499): CodeIgniter\CodeIgniter->runController(Object(App\Controllers\Admin))
11 SYSTEMPATH\CodeIgniter.php(368): CodeIgniter\CodeIgniter->handleRequest(null, Object(Config\Cache), false)
12 FCPATH\index.php(67): CodeIgniter\CodeIgniter->run()
ERROR - 2024-05-28 02:08:29 --> Error connecting to the database: mysqli_sql_exception: No connection could be made because the target machine actively refused it.
 in C:\xampp_7_4\htdocs\websitebinan\system\Database\MySQLi\Connection.php:174
Stack trace:
#0 C:\xampp_7_4\htdocs\websitebinan\system\Database\MySQLi\Connection.php(174): mysqli->real_connect('localhost', 'root', '', 'websitebinan', 3306, '', 0)
#1 C:\xampp_7_4\htdocs\websitebinan\system\Database\BaseConnection.php(391): CodeIgniter\Database\MySQLi\Connection->connect(false)
#2 C:\xampp_7_4\htdocs\websitebinan\system\Database\BaseConnection.php(573): CodeIgniter\Database\BaseConnection->initialize()
#3 C:\xampp_7_4\htdocs\websitebinan\system\Database\BaseBuilder.php(1616): CodeIgniter\Database\BaseConnection->query('SELECT *\nFROM `...', Array, false)
#4 C:\xampp_7_4\htdocs\websitebinan\system\Model.php(241): CodeIgniter\Database\BaseBuilder->get()
#5 C:\xampp_7_4\htdocs\websitebinan\system\BaseModel.php(618): CodeIgniter\Model->doFindAll(0, 0)
#6 C:\xampp_7_4\htdocs\websitebinan\app\Controllers\Admin.php(93): CodeIgniter\BaseModel->findAll()
#7 C:\xampp_7_4\htdocs\websitebinan\system\CodeIgniter.php(934): App\Controllers\Admin->ajax('get_users')
#8 C:\xampp_7_4\htdocs\websitebinan\system\CodeIgniter.php(499): CodeIgniter\CodeIgniter->runController(Object(App\Controllers\Admin))
#9 C:\xampp_7_4\htdocs\websitebinan\system\CodeIgniter.php(368): CodeIgniter\CodeIgniter->handleRequest(NULL, Object(Config\Cache), false)
#10 C:\xampp_7_4\htdocs\websitebinan\public\index.php(67): CodeIgniter\CodeIgniter->run()
#11 {main}

Next CodeIgniter\Database\Exceptions\DatabaseException: No connection could be made because the target machine actively refused it.
 in C:\xampp_7_4\htdocs\websitebinan\system\Database\MySQLi\Connection.php:218
Stack trace:
#0 C:\xampp_7_4\htdocs\websitebinan\system\Database\BaseConnection.php(391): CodeIgniter\Database\MySQLi\Connection->connect(false)
#1 C:\xampp_7_4\htdocs\websitebinan\system\Database\BaseConnection.php(573): CodeIgniter\Database\BaseConnection->initialize()
#2 C:\xampp_7_4\htdocs\websitebinan\system\Database\BaseBuilder.php(1616): CodeIgniter\Database\BaseConnection->query('SELECT *\nFROM `...', Array, false)
#3 C:\xampp_7_4\htdocs\websitebinan\system\Model.php(241): CodeIgniter\Database\BaseBuilder->get()
#4 C:\xampp_7_4\htdocs\websitebinan\system\BaseModel.php(618): CodeIgniter\Model->doFindAll(0, 0)
#5 C:\xampp_7_4\htdocs\websitebinan\app\Controllers\Admin.php(93): CodeIgniter\BaseModel->findAll()
#6 C:\xampp_7_4\htdocs\websitebinan\system\CodeIgniter.php(934): App\Controllers\Admin->ajax('get_users')
#7 C:\xampp_7_4\htdocs\websitebinan\system\CodeIgniter.php(499): CodeIgniter\CodeIgniter->runController(Object(App\Controllers\Admin))
#8 C:\xampp_7_4\htdocs\websitebinan\system\CodeIgniter.php(368): CodeIgniter\CodeIgniter->handleRequest(NULL, Object(Config\Cache), false)
#9 C:\xampp_7_4\htdocs\websitebinan\public\index.php(67): CodeIgniter\CodeIgniter->run()
#10 {main}
CRITICAL - 2024-05-28 02:08:29 --> Unable to connect to the database.
Main connection [MySQLi]: No connection could be made because the target machine actively refused it.

in SYSTEMPATH\Database\BaseConnection.php on line 427.
 1 SYSTEMPATH\Database\BaseConnection.php(573): CodeIgniter\Database\BaseConnection->initialize()
 2 SYSTEMPATH\Database\BaseBuilder.php(1616): CodeIgniter\Database\BaseConnection->query('SELECT *
FROM `useradmin`', [], false)
 3 SYSTEMPATH\Model.php(241): CodeIgniter\Database\BaseBuilder->get()
 4 SYSTEMPATH\BaseModel.php(618): CodeIgniter\Model->doFindAll(0, 0)
 5 APPPATH\Controllers\Admin.php(93): CodeIgniter\BaseModel->findAll()
 6 SYSTEMPATH\CodeIgniter.php(934): App\Controllers\Admin->ajax('get_users')
 7 SYSTEMPATH\CodeIgniter.php(499): CodeIgniter\CodeIgniter->runController(Object(App\Controllers\Admin))
 8 SYSTEMPATH\CodeIgniter.php(368): CodeIgniter\CodeIgniter->handleRequest(null, Object(Config\Cache), false)
 9 FCPATH\index.php(67): CodeIgniter\CodeIgniter->run()
ERROR - 2024-05-28 02:08:36 --> Error connecting to the database: mysqli_sql_exception: No connection could be made because the target machine actively refused it.
 in C:\xampp_7_4\htdocs\websitebinan\system\Database\MySQLi\Connection.php:174
Stack trace:
#0 C:\xampp_7_4\htdocs\websitebinan\system\Database\MySQLi\Connection.php(174): mysqli->real_connect('localhost', 'root', '', 'websitebinan', 3306, '', 0)
#1 C:\xampp_7_4\htdocs\websitebinan\system\Database\BaseConnection.php(391): CodeIgniter\Database\MySQLi\Connection->connect(false)
#2 C:\xampp_7_4\htdocs\websitebinan\system\Database\BaseConnection.php(573): CodeIgniter\Database\BaseConnection->initialize()
#3 C:\xampp_7_4\htdocs\websitebinan\system\Database\BaseBuilder.php(1616): CodeIgniter\Database\BaseConnection->query('SELECT *\nFROM `...', Array, false)
#4 C:\xampp_7_4\htdocs\websitebinan\system\Model.php(241): CodeIgniter\Database\BaseBuilder->get()
#5 C:\xampp_7_4\htdocs\websitebinan\system\BaseModel.php(618): CodeIgniter\Model->doFindAll(0, 0)
#6 C:\xampp_7_4\htdocs\websitebinan\app\Controllers\Admin.php(217): CodeIgniter\BaseModel->findAll()
#7 C:\xampp_7_4\htdocs\websitebinan\system\CodeIgniter.php(934): App\Controllers\Admin->ajax('get_dept')
#8 C:\xampp_7_4\htdocs\websitebinan\system\CodeIgniter.php(499): CodeIgniter\CodeIgniter->runController(Object(App\Controllers\Admin))
#9 C:\xampp_7_4\htdocs\websitebinan\system\CodeIgniter.php(368): CodeIgniter\CodeIgniter->handleRequest(NULL, Object(Config\Cache), false)
#10 C:\xampp_7_4\htdocs\websitebinan\public\index.php(67): CodeIgniter\CodeIgniter->run()
#11 {main}

Next CodeIgniter\Database\Exceptions\DatabaseException: No connection could be made because the target machine actively refused it.
 in C:\xampp_7_4\htdocs\websitebinan\system\Database\MySQLi\Connection.php:218
Stack trace:
#0 C:\xampp_7_4\htdocs\websitebinan\system\Database\BaseConnection.php(391): CodeIgniter\Database\MySQLi\Connection->connect(false)
#1 C:\xampp_7_4\htdocs\websitebinan\system\Database\BaseConnection.php(573): CodeIgniter\Database\BaseConnection->initialize()
#2 C:\xampp_7_4\htdocs\websitebinan\system\Database\BaseBuilder.php(1616): CodeIgniter\Database\BaseConnection->query('SELECT *\nFROM `...', Array, false)
#3 C:\xampp_7_4\htdocs\websitebinan\system\Model.php(241): CodeIgniter\Database\BaseBuilder->get()
#4 C:\xampp_7_4\htdocs\websitebinan\system\BaseModel.php(618): CodeIgniter\Model->doFindAll(0, 0)
#5 C:\xampp_7_4\htdocs\websitebinan\app\Controllers\Admin.php(217): CodeIgniter\BaseModel->findAll()
#6 C:\xampp_7_4\htdocs\websitebinan\system\CodeIgniter.php(934): App\Controllers\Admin->ajax('get_dept')
#7 C:\xampp_7_4\htdocs\websitebinan\system\CodeIgniter.php(499): CodeIgniter\CodeIgniter->runController(Object(App\Controllers\Admin))
#8 C:\xampp_7_4\htdocs\websitebinan\system\CodeIgniter.php(368): CodeIgniter\CodeIgniter->handleRequest(NULL, Object(Config\Cache), false)
#9 C:\xampp_7_4\htdocs\websitebinan\public\index.php(67): CodeIgniter\CodeIgniter->run()
#10 {main}
CRITICAL - 2024-05-28 02:08:36 --> Unable to connect to the database.
Main connection [MySQLi]: No connection could be made because the target machine actively refused it.

in SYSTEMPATH\Database\BaseConnection.php on line 427.
 1 SYSTEMPATH\Database\BaseConnection.php(573): CodeIgniter\Database\BaseConnection->initialize()
 2 SYSTEMPATH\Database\BaseBuilder.php(1616): CodeIgniter\Database\BaseConnection->query('SELECT *
FROM `department_content`', [], false)
 3 SYSTEMPATH\Model.php(241): CodeIgniter\Database\BaseBuilder->get()
 4 SYSTEMPATH\BaseModel.php(618): CodeIgniter\Model->doFindAll(0, 0)
 5 APPPATH\Controllers\Admin.php(217): CodeIgniter\BaseModel->findAll()
 6 SYSTEMPATH\CodeIgniter.php(934): App\Controllers\Admin->ajax('get_dept')
 7 SYSTEMPATH\CodeIgniter.php(499): CodeIgniter\CodeIgniter->runController(Object(App\Controllers\Admin))
 8 SYSTEMPATH\CodeIgniter.php(368): CodeIgniter\CodeIgniter->handleRequest(null, Object(Config\Cache), false)
 9 FCPATH\index.php(67): CodeIgniter\CodeIgniter->run()
ERROR - 2024-05-28 02:08:55 --> Error connecting to the database: mysqli_sql_exception: No connection could be made because the target machine actively refused it.
 in C:\xampp_7_4\htdocs\websitebinan\system\Database\MySQLi\Connection.php:174
Stack trace:
#0 C:\xampp_7_4\htdocs\websitebinan\system\Database\MySQLi\Connection.php(174): mysqli->real_connect('localhost', 'root', '', 'websitebinan', 3306, '', 0)
#1 C:\xampp_7_4\htdocs\websitebinan\system\Database\BaseConnection.php(391): CodeIgniter\Database\MySQLi\Connection->connect(false)
#2 C:\xampp_7_4\htdocs\websitebinan\system\Database\BaseConnection.php(573): CodeIgniter\Database\BaseConnection->initialize()
#3 C:\xampp_7_4\htdocs\websitebinan\system\Database\BaseBuilder.php(1700): CodeIgniter\Database\BaseConnection->query('SELECT COUNT(*)...', Array, false)
#4 C:\xampp_7_4\htdocs\websitebinan\system\Model.php(606): CodeIgniter\Database\BaseBuilder->countAllResults(true)
#5 C:\xampp_7_4\htdocs\websitebinan\app\Controllers\Admin.php(154): CodeIgniter\Model->countAllResults()
#6 C:\xampp_7_4\htdocs\websitebinan\system\CodeIgniter.php(934): App\Controllers\Admin->ajax('create_user')
#7 C:\xampp_7_4\htdocs\websitebinan\system\CodeIgniter.php(499): CodeIgniter\CodeIgniter->runController(Object(App\Controllers\Admin))
#8 C:\xampp_7_4\htdocs\websitebinan\system\CodeIgniter.php(368): CodeIgniter\CodeIgniter->handleRequest(NULL, Object(Config\Cache), false)
#9 C:\xampp_7_4\htdocs\websitebinan\public\index.php(67): CodeIgniter\CodeIgniter->run()
#10 {main}

Next CodeIgniter\Database\Exceptions\DatabaseException: No connection could be made because the target machine actively refused it.
 in C:\xampp_7_4\htdocs\websitebinan\system\Database\MySQLi\Connection.php:218
Stack trace:
#0 C:\xampp_7_4\htdocs\websitebinan\system\Database\BaseConnection.php(391): CodeIgniter\Database\MySQLi\Connection->connect(false)
#1 C:\xampp_7_4\htdocs\websitebinan\system\Database\BaseConnection.php(573): CodeIgniter\Database\BaseConnection->initialize()
#2 C:\xampp_7_4\htdocs\websitebinan\system\Database\BaseBuilder.php(1700): CodeIgniter\Database\BaseConnection->query('SELECT COUNT(*)...', Array, false)
#3 C:\xampp_7_4\htdocs\websitebinan\system\Model.php(606): CodeIgniter\Database\BaseBuilder->countAllResults(true)
#4 C:\xampp_7_4\htdocs\websitebinan\app\Controllers\Admin.php(154): CodeIgniter\Model->countAllResults()
#5 C:\xampp_7_4\htdocs\websitebinan\system\CodeIgniter.php(934): App\Controllers\Admin->ajax('create_user')
#6 C:\xampp_7_4\htdocs\websitebinan\system\CodeIgniter.php(499): CodeIgniter\CodeIgniter->runController(Object(App\Controllers\Admin))
#7 C:\xampp_7_4\htdocs\websitebinan\system\CodeIgniter.php(368): CodeIgniter\CodeIgniter->handleRequest(NULL, Object(Config\Cache), false)
#8 C:\xampp_7_4\htdocs\websitebinan\public\index.php(67): CodeIgniter\CodeIgniter->run()
#9 {main}
CRITICAL - 2024-05-28 02:08:55 --> Unable to connect to the database.
Main connection [MySQLi]: No connection could be made because the target machine actively refused it.

in SYSTEMPATH\Database\BaseConnection.php on line 427.
 1 SYSTEMPATH\Database\BaseConnection.php(573): CodeIgniter\Database\BaseConnection->initialize()
 2 SYSTEMPATH\Database\BaseBuilder.php(1700): CodeIgniter\Database\BaseConnection->query('SELECT COUNT(*) AS `numrows`
FROM `useradmin`
WHERE `username` = :username:
OR `email` = :email:', [...], false)
 3 SYSTEMPATH\Model.php(606): CodeIgniter\Database\BaseBuilder->countAllResults(true)
 4 APPPATH\Controllers\Admin.php(154): CodeIgniter\Model->countAllResults()
 5 SYSTEMPATH\CodeIgniter.php(934): App\Controllers\Admin->ajax('create_user')
 6 SYSTEMPATH\CodeIgniter.php(499): CodeIgniter\CodeIgniter->runController(Object(App\Controllers\Admin))
 7 SYSTEMPATH\CodeIgniter.php(368): CodeIgniter\CodeIgniter->handleRequest(null, Object(Config\Cache), false)
 8 FCPATH\index.php(67): CodeIgniter\CodeIgniter->run()
ERROR - 2024-05-28 02:09:17 --> Error connecting to the database: mysqli_sql_exception: No connection could be made because the target machine actively refused it.
 in C:\xampp_7_4\htdocs\websitebinan\system\Database\MySQLi\Connection.php:174
Stack trace:
#0 C:\xampp_7_4\htdocs\websitebinan\system\Database\MySQLi\Connection.php(174): mysqli->real_connect('localhost', 'root', '', 'websitebinan', 3306, '', 0)
#1 C:\xampp_7_4\htdocs\websitebinan\system\Database\BaseConnection.php(391): CodeIgniter\Database\MySQLi\Connection->connect(false)
#2 C:\xampp_7_4\htdocs\websitebinan\system\Database\BaseConnection.php(573): CodeIgniter\Database\BaseConnection->initialize()
#3 C:\xampp_7_4\htdocs\websitebinan\system\Database\BaseBuilder.php(1616): CodeIgniter\Database\BaseConnection->query('SELECT *\nFROM `...', Array, false)
#4 C:\xampp_7_4\htdocs\websitebinan\system\Model.php(241): CodeIgniter\Database\BaseBuilder->get()
#5 C:\xampp_7_4\htdocs\websitebinan\system\BaseModel.php(618): CodeIgniter\Model->doFindAll(0, 0)
#6 C:\xampp_7_4\htdocs\websitebinan\app\Controllers\Admin.php(93): CodeIgniter\BaseModel->findAll()
#7 C:\xampp_7_4\htdocs\websitebinan\system\CodeIgniter.php(934): App\Controllers\Admin->ajax('get_users')
#8 C:\xampp_7_4\htdocs\websitebinan\system\CodeIgniter.php(499): CodeIgniter\CodeIgniter->runController(Object(App\Controllers\Admin))
#9 C:\xampp_7_4\htdocs\websitebinan\system\CodeIgniter.php(368): CodeIgniter\CodeIgniter->handleRequest(NULL, Object(Config\Cache), false)
#10 C:\xampp_7_4\htdocs\websitebinan\public\index.php(67): CodeIgniter\CodeIgniter->run()
#11 {main}

Next CodeIgniter\Database\Exceptions\DatabaseException: No connection could be made because the target machine actively refused it.
 in C:\xampp_7_4\htdocs\websitebinan\system\Database\MySQLi\Connection.php:218
Stack trace:
#0 C:\xampp_7_4\htdocs\websitebinan\system\Database\BaseConnection.php(391): CodeIgniter\Database\MySQLi\Connection->connect(false)
#1 C:\xampp_7_4\htdocs\websitebinan\system\Database\BaseConnection.php(573): CodeIgniter\Database\BaseConnection->initialize()
#2 C:\xampp_7_4\htdocs\websitebinan\system\Database\BaseBuilder.php(1616): CodeIgniter\Database\BaseConnection->query('SELECT *\nFROM `...', Array, false)
#3 C:\xampp_7_4\htdocs\websitebinan\system\Model.php(241): CodeIgniter\Database\BaseBuilder->get()
#4 C:\xampp_7_4\htdocs\websitebinan\system\BaseModel.php(618): CodeIgniter\Model->doFindAll(0, 0)
#5 C:\xampp_7_4\htdocs\websitebinan\app\Controllers\Admin.php(93): CodeIgniter\BaseModel->findAll()
#6 C:\xampp_7_4\htdocs\websitebinan\system\CodeIgniter.php(934): App\Controllers\Admin->ajax('get_users')
#7 C:\xampp_7_4\htdocs\websitebinan\system\CodeIgniter.php(499): CodeIgniter\CodeIgniter->runController(Object(App\Controllers\Admin))
#8 C:\xampp_7_4\htdocs\websitebinan\system\CodeIgniter.php(368): CodeIgniter\CodeIgniter->handleRequest(NULL, Object(Config\Cache), false)
#9 C:\xampp_7_4\htdocs\websitebinan\public\index.php(67): CodeIgniter\CodeIgniter->run()
#10 {main}
CRITICAL - 2024-05-28 02:09:17 --> Unable to connect to the database.
Main connection [MySQLi]: No connection could be made because the target machine actively refused it.

in SYSTEMPATH\Database\BaseConnection.php on line 427.
 1 SYSTEMPATH\Database\BaseConnection.php(573): CodeIgniter\Database\BaseConnection->initialize()
 2 SYSTEMPATH\Database\BaseBuilder.php(1616): CodeIgniter\Database\BaseConnection->query('SELECT *
FROM `useradmin`', [], false)
 3 SYSTEMPATH\Model.php(241): CodeIgniter\Database\BaseBuilder->get()
 4 SYSTEMPATH\BaseModel.php(618): CodeIgniter\Model->doFindAll(0, 0)
 5 APPPATH\Controllers\Admin.php(93): CodeIgniter\BaseModel->findAll()
 6 SYSTEMPATH\CodeIgniter.php(934): App\Controllers\Admin->ajax('get_users')
 7 SYSTEMPATH\CodeIgniter.php(499): CodeIgniter\CodeIgniter->runController(Object(App\Controllers\Admin))
 8 SYSTEMPATH\CodeIgniter.php(368): CodeIgniter\CodeIgniter->handleRequest(null, Object(Config\Cache), false)
 9 FCPATH\index.php(67): CodeIgniter\CodeIgniter->run()
=======
INFO - 2024-05-28 01:45:05 --> Session: Class initialized using 'CodeIgniter\Session\Handlers\FileHandler' driver.
CRITICAL - 2024-05-28 01:45:05 --> Trying to get property 'fname' of non-object
in APPPATH\Views\admin\admin_page.php on line 49.
 1 APPPATH\Views\admin\admin_page.php(49): CodeIgniter\Debug\Exceptions->errorHandler(8, 'Trying to get property \'fname\' of non-object', 'APPPATH\\Views\\admin\\admin_page.php', 49, [...])
 2 SYSTEMPATH\View\View.php(213): include('APPPATH\\Views\\admin\\admin_page.php')
 3 SYSTEMPATH\View\View.php(216): CodeIgniter\View\View->CodeIgniter\View\{closure}()
 4 SYSTEMPATH\Common.php(1184): CodeIgniter\View\View->render('admin/admin_page', [], true)
 5 APPPATH\Controllers\Admin.php(69): view('admin/admin_page', [...])
 6 SYSTEMPATH\CodeIgniter.php(934): App\Controllers\Admin->mode('dashboard')
 7 SYSTEMPATH\CodeIgniter.php(499): CodeIgniter\CodeIgniter->runController(Object(App\Controllers\Admin))
 8 SYSTEMPATH\CodeIgniter.php(368): CodeIgniter\CodeIgniter->handleRequest(null, Object(Config\Cache), false)
 9 FCPATH\index.php(67): CodeIgniter\CodeIgniter->run()
INFO - 2024-05-28 01:45:11 --> Session: Class initialized using 'CodeIgniter\Session\Handlers\FileHandler' driver.
CRITICAL - 2024-05-28 01:45:11 --> Trying to get property 'fname' of non-object
in APPPATH\Views\admin\admin_page.php on line 49.
 1 APPPATH\Views\admin\admin_page.php(49): CodeIgniter\Debug\Exceptions->errorHandler(8, 'Trying to get property \'fname\' of non-object', 'APPPATH\\Views\\admin\\admin_page.php', 49, [...])
 2 SYSTEMPATH\View\View.php(213): include('APPPATH\\Views\\admin\\admin_page.php')
 3 SYSTEMPATH\View\View.php(216): CodeIgniter\View\View->CodeIgniter\View\{closure}()
 4 SYSTEMPATH\Common.php(1184): CodeIgniter\View\View->render('admin/admin_page', [], true)
 5 APPPATH\Controllers\Admin.php(69): view('admin/admin_page', [...])
 6 SYSTEMPATH\CodeIgniter.php(934): App\Controllers\Admin->mode('dashboard')
 7 SYSTEMPATH\CodeIgniter.php(499): CodeIgniter\CodeIgniter->runController(Object(App\Controllers\Admin))
 8 SYSTEMPATH\CodeIgniter.php(368): CodeIgniter\CodeIgniter->handleRequest(null, Object(Config\Cache), false)
 9 FCPATH\index.php(67): CodeIgniter\CodeIgniter->run()
INFO - 2024-05-28 01:45:19 --> Session: Class initialized using 'CodeIgniter\Session\Handlers\FileHandler' driver.
INFO - 2024-05-28 01:45:19 --> Session: Class initialized using 'CodeIgniter\Session\Handlers\FileHandler' driver.
INFO - 2024-05-28 01:45:20 --> Session: Class initialized using 'CodeIgniter\Session\Handlers\FileHandler' driver.
INFO - 2024-05-28 01:45:21 --> Session: Class initialized using 'CodeIgniter\Session\Handlers\FileHandler' driver.
INFO - 2024-05-28 01:45:25 --> Session: Class initialized using 'CodeIgniter\Session\Handlers\FileHandler' driver.
INFO - 2024-05-28 01:45:26 --> Session: Class initialized using 'CodeIgniter\Session\Handlers\FileHandler' driver.
INFO - 2024-05-28 01:49:48 --> Session: Class initialized using 'CodeIgniter\Session\Handlers\FileHandler' driver.
INFO - 2024-05-28 01:49:49 --> Session: Class initialized using 'CodeIgniter\Session\Handlers\FileHandler' driver.
INFO - 2024-05-28 01:49:52 --> Session: Class initialized using 'CodeIgniter\Session\Handlers\FileHandler' driver.
INFO - 2024-05-28 01:49:52 --> Session: Class initialized using 'CodeIgniter\Session\Handlers\FileHandler' driver.
INFO - 2024-05-28 01:50:01 --> Session: Class initialized using 'CodeIgniter\Session\Handlers\FileHandler' driver.
INFO - 2024-05-28 01:50:01 --> Session: Class initialized using 'CodeIgniter\Session\Handlers\FileHandler' driver.
INFO - 2024-05-28 01:50:05 --> Session: Class initialized using 'CodeIgniter\Session\Handlers\FileHandler' driver.
INFO - 2024-05-28 01:50:05 --> Session: Class initialized using 'CodeIgniter\Session\Handlers\FileHandler' driver.
INFO - 2024-05-28 01:50:10 --> Session: Class initialized using 'CodeIgniter\Session\Handlers\FileHandler' driver.
INFO - 2024-05-28 01:50:10 --> Session: Class initialized using 'CodeIgniter\Session\Handlers\FileHandler' driver.
INFO - 2024-05-28 01:51:27 --> Session: Class initialized using 'CodeIgniter\Session\Handlers\FileHandler' driver.
INFO - 2024-05-28 01:51:27 --> Session: Class initialized using 'CodeIgniter\Session\Handlers\FileHandler' driver.
INFO - 2024-05-28 01:51:27 --> Session: Class initialized using 'CodeIgniter\Session\Handlers\FileHandler' driver.
INFO - 2024-05-28 01:51:27 --> Session: Class initialized using 'CodeIgniter\Session\Handlers\FileHandler' driver.
INFO - 2024-05-28 01:51:27 --> Session: Class initialized using 'CodeIgniter\Session\Handlers\FileHandler' driver.
INFO - 2024-05-28 01:51:27 --> Session: Class initialized using 'CodeIgniter\Session\Handlers\FileHandler' driver.
INFO - 2024-05-28 01:51:46 --> Session: Class initialized using 'CodeIgniter\Session\Handlers\FileHandler' driver.
INFO - 2024-05-28 01:51:46 --> Session: Class initialized using 'CodeIgniter\Session\Handlers\FileHandler' driver.
INFO - 2024-05-28 01:51:46 --> Session: Class initialized using 'CodeIgniter\Session\Handlers\FileHandler' driver.
INFO - 2024-05-28 01:51:46 --> Session: Class initialized using 'CodeIgniter\Session\Handlers\FileHandler' driver.
INFO - 2024-05-28 01:51:46 --> Session: Class initialized using 'CodeIgniter\Session\Handlers\FileHandler' driver.
INFO - 2024-05-28 01:51:46 --> Session: Class initialized using 'CodeIgniter\Session\Handlers\FileHandler' driver.
INFO - 2024-05-28 01:51:46 --> Session: Class initialized using 'CodeIgniter\Session\Handlers\FileHandler' driver.
INFO - 2024-05-28 01:51:46 --> Session: Class initialized using 'CodeIgniter\Session\Handlers\FileHandler' driver.
INFO - 2024-05-28 01:51:48 --> Session: Class initialized using 'CodeIgniter\Session\Handlers\FileHandler' driver.
INFO - 2024-05-28 01:51:48 --> Session: Class initialized using 'CodeIgniter\Session\Handlers\FileHandler' driver.
INFO - 2024-05-28 01:51:48 --> Session: Class initialized using 'CodeIgniter\Session\Handlers\FileHandler' driver.
INFO - 2024-05-28 01:51:48 --> Session: Class initialized using 'CodeIgniter\Session\Handlers\FileHandler' driver.
INFO - 2024-05-28 01:51:48 --> Session: Class initialized using 'CodeIgniter\Session\Handlers\FileHandler' driver.
INFO - 2024-05-28 01:51:48 --> Session: Class initialized using 'CodeIgniter\Session\Handlers\FileHandler' driver.
INFO - 2024-05-28 01:51:50 --> Session: Class initialized using 'CodeIgniter\Session\Handlers\FileHandler' driver.
INFO - 2024-05-28 01:51:55 --> Session: Class initialized using 'CodeIgniter\Session\Handlers\FileHandler' driver.
INFO - 2024-05-28 01:52:00 --> Session: Class initialized using 'CodeIgniter\Session\Handlers\FileHandler' driver.
INFO - 2024-05-28 01:52:00 --> Session: Class initialized using 'CodeIgniter\Session\Handlers\FileHandler' driver.
INFO - 2024-05-28 01:52:00 --> Session: Class initialized using 'CodeIgniter\Session\Handlers\FileHandler' driver.
INFO - 2024-05-28 01:52:00 --> Session: Class initialized using 'CodeIgniter\Session\Handlers\FileHandler' driver.
INFO - 2024-05-28 01:52:00 --> Session: Class initialized using 'CodeIgniter\Session\Handlers\FileHandler' driver.
INFO - 2024-05-28 01:52:00 --> Session: Class initialized using 'CodeIgniter\Session\Handlers\FileHandler' driver.
INFO - 2024-05-28 01:52:00 --> Session: Class initialized using 'CodeIgniter\Session\Handlers\FileHandler' driver.
INFO - 2024-05-28 01:52:00 --> Session: Class initialized using 'CodeIgniter\Session\Handlers\FileHandler' driver.
INFO - 2024-05-28 01:52:00 --> Session: Class initialized using 'CodeIgniter\Session\Handlers\FileHandler' driver.
INFO - 2024-05-28 01:52:00 --> Session: Class initialized using 'CodeIgniter\Session\Handlers\FileHandler' driver.
INFO - 2024-05-28 01:52:00 --> Session: Class initialized using 'CodeIgniter\Session\Handlers\FileHandler' driver.
INFO - 2024-05-28 01:52:00 --> Session: Class initialized using 'CodeIgniter\Session\Handlers\FileHandler' driver.
INFO - 2024-05-28 01:53:14 --> Session: Class initialized using 'CodeIgniter\Session\Handlers\FileHandler' driver.
INFO - 2024-05-28 01:53:14 --> Session: Class initialized using 'CodeIgniter\Session\Handlers\FileHandler' driver.
INFO - 2024-05-28 01:53:14 --> Session: Class initialized using 'CodeIgniter\Session\Handlers\FileHandler' driver.
INFO - 2024-05-28 01:53:14 --> Session: Class initialized using 'CodeIgniter\Session\Handlers\FileHandler' driver.
INFO - 2024-05-28 01:53:14 --> Session: Class initialized using 'CodeIgniter\Session\Handlers\FileHandler' driver.
INFO - 2024-05-28 01:53:14 --> Session: Class initialized using 'CodeIgniter\Session\Handlers\FileHandler' driver.
INFO - 2024-05-28 01:53:14 --> Session: Class initialized using 'CodeIgniter\Session\Handlers\FileHandler' driver.
INFO - 2024-05-28 01:53:14 --> Session: Class initialized using 'CodeIgniter\Session\Handlers\FileHandler' driver.
INFO - 2024-05-28 01:53:15 --> Session: Class initialized using 'CodeIgniter\Session\Handlers\FileHandler' driver.
INFO - 2024-05-28 01:53:15 --> Session: Class initialized using 'CodeIgniter\Session\Handlers\FileHandler' driver.
INFO - 2024-05-28 01:53:17 --> Session: Class initialized using 'CodeIgniter\Session\Handlers\FileHandler' driver.
INFO - 2024-05-28 01:53:17 --> Session: Class initialized using 'CodeIgniter\Session\Handlers\FileHandler' driver.
INFO - 2024-05-28 01:56:30 --> Session: Class initialized using 'CodeIgniter\Session\Handlers\FileHandler' driver.
INFO - 2024-05-28 01:56:30 --> Session: Class initialized using 'CodeIgniter\Session\Handlers\FileHandler' driver.
INFO - 2024-05-28 01:56:31 --> Session: Class initialized using 'CodeIgniter\Session\Handlers\FileHandler' driver.
INFO - 2024-05-28 01:56:31 --> Session: Class initialized using 'CodeIgniter\Session\Handlers\FileHandler' driver.
INFO - 2024-05-28 01:56:39 --> Session: Class initialized using 'CodeIgniter\Session\Handlers\FileHandler' driver.
INFO - 2024-05-28 01:56:39 --> Session: Class initialized using 'CodeIgniter\Session\Handlers\FileHandler' driver.
INFO - 2024-05-28 01:56:42 --> Session: Class initialized using 'CodeIgniter\Session\Handlers\FileHandler' driver.
INFO - 2024-05-28 01:56:42 --> Session: Class initialized using 'CodeIgniter\Session\Handlers\FileHandler' driver.
INFO - 2024-05-28 01:59:47 --> Session: Class initialized using 'CodeIgniter\Session\Handlers\FileHandler' driver.
INFO - 2024-05-28 01:59:48 --> Session: Class initialized using 'CodeIgniter\Session\Handlers\FileHandler' driver.
INFO - 2024-05-28 01:59:48 --> Session: Class initialized using 'CodeIgniter\Session\Handlers\FileHandler' driver.
INFO - 2024-05-28 01:59:48 --> Session: Class initialized using 'CodeIgniter\Session\Handlers\FileHandler' driver.
INFO - 2024-05-28 01:59:48 --> Session: Class initialized using 'CodeIgniter\Session\Handlers\FileHandler' driver.
INFO - 2024-05-28 01:59:48 --> Session: Class initialized using 'CodeIgniter\Session\Handlers\FileHandler' driver.
INFO - 2024-05-28 01:59:49 --> Session: Class initialized using 'CodeIgniter\Session\Handlers\FileHandler' driver.
INFO - 2024-05-28 02:02:29 --> Session: Class initialized using 'CodeIgniter\Session\Handlers\FileHandler' driver.
INFO - 2024-05-28 02:02:29 --> Session: Class initialized using 'CodeIgniter\Session\Handlers\FileHandler' driver.
INFO - 2024-05-28 02:02:29 --> Session: Class initialized using 'CodeIgniter\Session\Handlers\FileHandler' driver.
INFO - 2024-05-28 02:02:30 --> Session: Class initialized using 'CodeIgniter\Session\Handlers\FileHandler' driver.
INFO - 2024-05-28 02:02:30 --> Session: Class initialized using 'CodeIgniter\Session\Handlers\FileHandler' driver.
INFO - 2024-05-28 02:02:30 --> Session: Class initialized using 'CodeIgniter\Session\Handlers\FileHandler' driver.
INFO - 2024-05-28 02:03:54 --> Session: Class initialized using 'CodeIgniter\Session\Handlers\FileHandler' driver.
INFO - 2024-05-28 02:03:55 --> Session: Class initialized using 'CodeIgniter\Session\Handlers\FileHandler' driver.
INFO - 2024-05-28 02:03:55 --> Session: Class initialized using 'CodeIgniter\Session\Handlers\FileHandler' driver.
INFO - 2024-05-28 02:03:55 --> Session: Class initialized using 'CodeIgniter\Session\Handlers\FileHandler' driver.
INFO - 2024-05-28 02:03:55 --> Session: Class initialized using 'CodeIgniter\Session\Handlers\FileHandler' driver.
INFO - 2024-05-28 02:03:55 --> Session: Class initialized using 'CodeIgniter\Session\Handlers\FileHandler' driver.
INFO - 2024-05-28 02:03:56 --> Session: Class initialized using 'CodeIgniter\Session\Handlers\FileHandler' driver.
INFO - 2024-05-28 02:05:54 --> Session: Class initialized using 'CodeIgniter\Session\Handlers\FileHandler' driver.
INFO - 2024-05-28 02:05:55 --> Session: Class initialized using 'CodeIgniter\Session\Handlers\FileHandler' driver.
INFO - 2024-05-28 02:05:55 --> Session: Class initialized using 'CodeIgniter\Session\Handlers\FileHandler' driver.
INFO - 2024-05-28 02:05:55 --> Session: Class initialized using 'CodeIgniter\Session\Handlers\FileHandler' driver.
INFO - 2024-05-28 02:05:55 --> Session: Class initialized using 'CodeIgniter\Session\Handlers\FileHandler' driver.
INFO - 2024-05-28 02:06:08 --> Session: Class initialized using 'CodeIgniter\Session\Handlers\FileHandler' driver.
INFO - 2024-05-28 02:06:08 --> Session: Class initialized using 'CodeIgniter\Session\Handlers\FileHandler' driver.
INFO - 2024-05-28 02:06:08 --> Session: Class initialized using 'CodeIgniter\Session\Handlers\FileHandler' driver.
INFO - 2024-05-28 02:06:08 --> Session: Class initialized using 'CodeIgniter\Session\Handlers\FileHandler' driver.
INFO - 2024-05-28 02:09:30 --> Session: Class initialized using 'CodeIgniter\Session\Handlers\FileHandler' driver.
INFO - 2024-05-28 02:09:31 --> Session: Class initialized using 'CodeIgniter\Session\Handlers\FileHandler' driver.
INFO - 2024-05-28 02:09:31 --> Session: Class initialized using 'CodeIgniter\Session\Handlers\FileHandler' driver.
INFO - 2024-05-28 02:09:31 --> Session: Class initialized using 'CodeIgniter\Session\Handlers\FileHandler' driver.
INFO - 2024-05-28 02:09:31 --> Session: Class initialized using 'CodeIgniter\Session\Handlers\FileHandler' driver.
INFO - 2024-05-28 02:09:31 --> Session: Class initialized using 'CodeIgniter\Session\Handlers\FileHandler' driver.
INFO - 2024-05-28 02:09:33 --> Session: Class initialized using 'CodeIgniter\Session\Handlers\FileHandler' driver.
INFO - 2024-05-28 02:09:51 --> Session: Class initialized using 'CodeIgniter\Session\Handlers\FileHandler' driver.
INFO - 2024-05-28 02:09:51 --> Session: Class initialized using 'CodeIgniter\Session\Handlers\FileHandler' driver.
INFO - 2024-05-28 02:09:51 --> Session: Class initialized using 'CodeIgniter\Session\Handlers\FileHandler' driver.
INFO - 2024-05-28 02:09:51 --> Session: Class initialized using 'CodeIgniter\Session\Handlers\FileHandler' driver.
INFO - 2024-05-28 02:09:51 --> Session: Class initialized using 'CodeIgniter\Session\Handlers\FileHandler' driver.
INFO - 2024-05-28 02:09:51 --> Session: Class initialized using 'CodeIgniter\Session\Handlers\FileHandler' driver.
INFO - 2024-05-28 02:09:51 --> Session: Class initialized using 'CodeIgniter\Session\Handlers\FileHandler' driver.
INFO - 2024-05-28 02:09:51 --> Session: Class initialized using 'CodeIgniter\Session\Handlers\FileHandler' driver.
INFO - 2024-05-28 02:09:54 --> Session: Class initialized using 'CodeIgniter\Session\Handlers\FileHandler' driver.
INFO - 2024-05-28 02:13:56 --> Session: Class initialized using 'CodeIgniter\Session\Handlers\FileHandler' driver.
INFO - 2024-05-28 02:13:59 --> Session: Class initialized using 'CodeIgniter\Session\Handlers\FileHandler' driver.
INFO - 2024-05-28 02:14:00 --> Session: Class initialized using 'CodeIgniter\Session\Handlers\FileHandler' driver.
INFO - 2024-05-28 02:14:00 --> Session: Class initialized using 'CodeIgniter\Session\Handlers\FileHandler' driver.
INFO - 2024-05-28 02:14:02 --> Session: Class initialized using 'CodeIgniter\Session\Handlers\FileHandler' driver.
INFO - 2024-05-28 02:14:02 --> Session: Class initialized using 'CodeIgniter\Session\Handlers\FileHandler' driver.
INFO - 2024-05-28 02:14:08 --> Session: Class initialized using 'CodeIgniter\Session\Handlers\FileHandler' driver.
INFO - 2024-05-28 02:14:09 --> Session: Class initialized using 'CodeIgniter\Session\Handlers\FileHandler' driver.
INFO - 2024-05-28 02:14:10 --> Session: Class initialized using 'CodeIgniter\Session\Handlers\FileHandler' driver.
INFO - 2024-05-28 02:14:11 --> Session: Class initialized using 'CodeIgniter\Session\Handlers\FileHandler' driver.
CRITICAL - 2024-05-28 02:14:11 --> Class 'App\Controllers\Announcements' not found
in APPPATH\Controllers\Admin.php on line 419.
 1 SYSTEMPATH\CodeIgniter.php(934): App\Controllers\Admin->ajax('get_anns_dt')
 2 SYSTEMPATH\CodeIgniter.php(499): CodeIgniter\CodeIgniter->runController(Object(App\Controllers\Admin))
 3 SYSTEMPATH\CodeIgniter.php(368): CodeIgniter\CodeIgniter->handleRequest(null, Object(Config\Cache), false)
 4 FCPATH\index.php(67): CodeIgniter\CodeIgniter->run()
INFO - 2024-05-28 02:14:13 --> Session: Class initialized using 'CodeIgniter\Session\Handlers\FileHandler' driver.
INFO - 2024-05-28 02:14:38 --> Session: Class initialized using 'CodeIgniter\Session\Handlers\FileHandler' driver.
INFO - 2024-05-28 02:15:19 --> Session: Class initialized using 'CodeIgniter\Session\Handlers\FileHandler' driver.
INFO - 2024-05-28 02:15:31 --> Session: Class initialized using 'CodeIgniter\Session\Handlers\FileHandler' driver.
INFO - 2024-05-28 02:15:40 --> Session: Class initialized using 'CodeIgniter\Session\Handlers\FileHandler' driver.
INFO - 2024-05-28 02:15:41 --> Session: Class initialized using 'CodeIgniter\Session\Handlers\FileHandler' driver.
INFO - 2024-05-28 02:15:41 --> Session: Class initialized using 'CodeIgniter\Session\Handlers\FileHandler' driver.
INFO - 2024-05-28 02:15:41 --> Session: Class initialized using 'CodeIgniter\Session\Handlers\FileHandler' driver.
INFO - 2024-05-28 02:15:41 --> Session: Class initialized using 'CodeIgniter\Session\Handlers\FileHandler' driver.
INFO - 2024-05-28 02:15:41 --> Session: Class initialized using 'CodeIgniter\Session\Handlers\FileHandler' driver.
INFO - 2024-05-28 02:15:41 --> Session: Class initialized using 'CodeIgniter\Session\Handlers\FileHandler' driver.
INFO - 2024-05-28 02:15:41 --> Session: Class initialized using 'CodeIgniter\Session\Handlers\FileHandler' driver.
INFO - 2024-05-28 02:18:54 --> Session: Class initialized using 'CodeIgniter\Session\Handlers\FileHandler' driver.
INFO - 2024-05-28 02:18:54 --> Session: Class initialized using 'CodeIgniter\Session\Handlers\FileHandler' driver.
INFO - 2024-05-28 02:18:55 --> Session: Class initialized using 'CodeIgniter\Session\Handlers\FileHandler' driver.
INFO - 2024-05-28 02:18:55 --> Session: Class initialized using 'CodeIgniter\Session\Handlers\FileHandler' driver.
INFO - 2024-05-28 02:18:55 --> Session: Class initialized using 'CodeIgniter\Session\Handlers\FileHandler' driver.
INFO - 2024-05-28 02:18:55 --> Session: Class initialized using 'CodeIgniter\Session\Handlers\FileHandler' driver.
INFO - 2024-05-28 02:18:55 --> Session: Class initialized using 'CodeIgniter\Session\Handlers\FileHandler' driver.
INFO - 2024-05-28 02:18:55 --> Session: Class initialized using 'CodeIgniter\Session\Handlers\FileHandler' driver.
INFO - 2024-05-28 02:18:56 --> Session: Class initialized using 'CodeIgniter\Session\Handlers\FileHandler' driver.
INFO - 2024-05-28 02:18:56 --> Session: Class initialized using 'CodeIgniter\Session\Handlers\FileHandler' driver.
INFO - 2024-05-28 02:18:56 --> Session: Class initialized using 'CodeIgniter\Session\Handlers\FileHandler' driver.
INFO - 2024-05-28 02:18:56 --> Session: Class initialized using 'CodeIgniter\Session\Handlers\FileHandler' driver.
INFO - 2024-05-28 02:18:56 --> Session: Class initialized using 'CodeIgniter\Session\Handlers\FileHandler' driver.
INFO - 2024-05-28 02:18:56 --> Session: Class initialized using 'CodeIgniter\Session\Handlers\FileHandler' driver.
INFO - 2024-05-28 02:18:57 --> Session: Class initialized using 'CodeIgniter\Session\Handlers\FileHandler' driver.
INFO - 2024-05-28 02:19:56 --> Session: Class initialized using 'CodeIgniter\Session\Handlers\FileHandler' driver.
INFO - 2024-05-28 02:19:57 --> Session: Class initialized using 'CodeIgniter\Session\Handlers\FileHandler' driver.
INFO - 2024-05-28 02:19:57 --> Session: Class initialized using 'CodeIgniter\Session\Handlers\FileHandler' driver.
INFO - 2024-05-28 02:19:57 --> Session: Class initialized using 'CodeIgniter\Session\Handlers\FileHandler' driver.
INFO - 2024-05-28 02:19:57 --> Session: Class initialized using 'CodeIgniter\Session\Handlers\FileHandler' driver.
INFO - 2024-05-28 02:19:57 --> Session: Class initialized using 'CodeIgniter\Session\Handlers\FileHandler' driver.
INFO - 2024-05-28 02:19:57 --> Session: Class initialized using 'CodeIgniter\Session\Handlers\FileHandler' driver.
INFO - 2024-05-28 02:19:57 --> Session: Class initialized using 'CodeIgniter\Session\Handlers\FileHandler' driver.
INFO - 2024-05-28 02:19:58 --> Session: Class initialized using 'CodeIgniter\Session\Handlers\FileHandler' driver.
INFO - 2024-05-28 02:20:16 --> Session: Class initialized using 'CodeIgniter\Session\Handlers\FileHandler' driver.
INFO - 2024-05-28 02:20:16 --> Session: Class initialized using 'CodeIgniter\Session\Handlers\FileHandler' driver.
INFO - 2024-05-28 02:20:16 --> Session: Class initialized using 'CodeIgniter\Session\Handlers\FileHandler' driver.
INFO - 2024-05-28 02:20:16 --> Session: Class initialized using 'CodeIgniter\Session\Handlers\FileHandler' driver.
INFO - 2024-05-28 02:20:16 --> Session: Class initialized using 'CodeIgniter\Session\Handlers\FileHandler' driver.
INFO - 2024-05-28 02:20:16 --> Session: Class initialized using 'CodeIgniter\Session\Handlers\FileHandler' driver.
INFO - 2024-05-28 02:20:16 --> Session: Class initialized using 'CodeIgniter\Session\Handlers\FileHandler' driver.
INFO - 2024-05-28 02:20:16 --> Session: Class initialized using 'CodeIgniter\Session\Handlers\FileHandler' driver.
INFO - 2024-05-28 02:20:17 --> Session: Class initialized using 'CodeIgniter\Session\Handlers\FileHandler' driver.
INFO - 2024-05-28 02:20:34 --> Session: Class initialized using 'CodeIgniter\Session\Handlers\FileHandler' driver.
INFO - 2024-05-28 02:20:34 --> Session: Class initialized using 'CodeIgniter\Session\Handlers\FileHandler' driver.
INFO - 2024-05-28 02:20:34 --> Session: Class initialized using 'CodeIgniter\Session\Handlers\FileHandler' driver.
INFO - 2024-05-28 02:20:34 --> Session: Class initialized using 'CodeIgniter\Session\Handlers\FileHandler' driver.
INFO - 2024-05-28 02:20:34 --> Session: Class initialized using 'CodeIgniter\Session\Handlers\FileHandler' driver.
INFO - 2024-05-28 02:20:34 --> Session: Class initialized using 'CodeIgniter\Session\Handlers\FileHandler' driver.
INFO - 2024-05-28 02:20:34 --> Session: Class initialized using 'CodeIgniter\Session\Handlers\FileHandler' driver.
INFO - 2024-05-28 02:20:34 --> Session: Class initialized using 'CodeIgniter\Session\Handlers\FileHandler' driver.
INFO - 2024-05-28 02:20:36 --> Session: Class initialized using 'CodeIgniter\Session\Handlers\FileHandler' driver.
INFO - 2024-05-28 02:20:53 --> Session: Class initialized using 'CodeIgniter\Session\Handlers\FileHandler' driver.
INFO - 2024-05-28 02:20:54 --> Session: Class initialized using 'CodeIgniter\Session\Handlers\FileHandler' driver.
INFO - 2024-05-28 02:20:54 --> Session: Class initialized using 'CodeIgniter\Session\Handlers\FileHandler' driver.
INFO - 2024-05-28 02:20:54 --> Session: Class initialized using 'CodeIgniter\Session\Handlers\FileHandler' driver.
INFO - 2024-05-28 02:20:54 --> Session: Class initialized using 'CodeIgniter\Session\Handlers\FileHandler' driver.
INFO - 2024-05-28 02:20:54 --> Session: Class initialized using 'CodeIgniter\Session\Handlers\FileHandler' driver.
INFO - 2024-05-28 02:20:55 --> Session: Class initialized using 'CodeIgniter\Session\Handlers\FileHandler' driver.
INFO - 2024-05-28 02:20:55 --> Session: Class initialized using 'CodeIgniter\Session\Handlers\FileHandler' driver.
INFO - 2024-05-28 02:21:25 --> Session: Class initialized using 'CodeIgniter\Session\Handlers\FileHandler' driver.
INFO - 2024-05-28 02:21:25 --> Session: Class initialized using 'CodeIgniter\Session\Handlers\FileHandler' driver.
INFO - 2024-05-28 02:21:25 --> Session: Class initialized using 'CodeIgniter\Session\Handlers\FileHandler' driver.
INFO - 2024-05-28 02:21:25 --> Session: Class initialized using 'CodeIgniter\Session\Handlers\FileHandler' driver.
INFO - 2024-05-28 02:21:25 --> Session: Class initialized using 'CodeIgniter\Session\Handlers\FileHandler' driver.
INFO - 2024-05-28 02:21:25 --> Session: Class initialized using 'CodeIgniter\Session\Handlers\FileHandler' driver.
INFO - 2024-05-28 02:21:25 --> Session: Class initialized using 'CodeIgniter\Session\Handlers\FileHandler' driver.
INFO - 2024-05-28 02:21:25 --> Session: Class initialized using 'CodeIgniter\Session\Handlers\FileHandler' driver.
INFO - 2024-05-28 02:22:40 --> Session: Class initialized using 'CodeIgniter\Session\Handlers\FileHandler' driver.
INFO - 2024-05-28 02:22:40 --> Session: Class initialized using 'CodeIgniter\Session\Handlers\FileHandler' driver.
INFO - 2024-05-28 02:22:40 --> Session: Class initialized using 'CodeIgniter\Session\Handlers\FileHandler' driver.
INFO - 2024-05-28 02:22:40 --> Session: Class initialized using 'CodeIgniter\Session\Handlers\FileHandler' driver.
INFO - 2024-05-28 02:22:40 --> Session: Class initialized using 'CodeIgniter\Session\Handlers\FileHandler' driver.
INFO - 2024-05-28 02:22:40 --> Session: Class initialized using 'CodeIgniter\Session\Handlers\FileHandler' driver.
INFO - 2024-05-28 02:22:40 --> Session: Class initialized using 'CodeIgniter\Session\Handlers\FileHandler' driver.
INFO - 2024-05-28 02:22:40 --> Session: Class initialized using 'CodeIgniter\Session\Handlers\FileHandler' driver.
INFO - 2024-05-28 02:22:42 --> Session: Class initialized using 'CodeIgniter\Session\Handlers\FileHandler' driver.
INFO - 2024-05-28 02:22:46 --> Session: Class initialized using 'CodeIgniter\Session\Handlers\FileHandler' driver.
CRITICAL - 2024-05-28 02:22:46 --> Cannot use object of type stdClass as array
in APPPATH\Controllers\Admin.php on line 331.
 1 SYSTEMPATH\CodeIgniter.php(934): App\Controllers\Admin->ajax('update_barangay')
 2 SYSTEMPATH\CodeIgniter.php(499): CodeIgniter\CodeIgniter->runController(Object(App\Controllers\Admin))
 3 SYSTEMPATH\CodeIgniter.php(368): CodeIgniter\CodeIgniter->handleRequest(null, Object(Config\Cache), false)
 4 FCPATH\index.php(67): CodeIgniter\CodeIgniter->run()
INFO - 2024-05-28 02:22:49 --> Session: Class initialized using 'CodeIgniter\Session\Handlers\FileHandler' driver.
INFO - 2024-05-28 02:22:49 --> Session: Class initialized using 'CodeIgniter\Session\Handlers\FileHandler' driver.
INFO - 2024-05-28 02:22:49 --> Session: Class initialized using 'CodeIgniter\Session\Handlers\FileHandler' driver.
INFO - 2024-05-28 02:22:49 --> Session: Class initialized using 'CodeIgniter\Session\Handlers\FileHandler' driver.
INFO - 2024-05-28 02:22:49 --> Session: Class initialized using 'CodeIgniter\Session\Handlers\FileHandler' driver.
INFO - 2024-05-28 02:22:49 --> Session: Class initialized using 'CodeIgniter\Session\Handlers\FileHandler' driver.
INFO - 2024-05-28 02:23:23 --> Session: Class initialized using 'CodeIgniter\Session\Handlers\FileHandler' driver.
INFO - 2024-05-28 02:23:23 --> Session: Class initialized using 'CodeIgniter\Session\Handlers\FileHandler' driver.
INFO - 2024-05-28 02:23:23 --> Session: Class initialized using 'CodeIgniter\Session\Handlers\FileHandler' driver.
INFO - 2024-05-28 02:23:23 --> Session: Class initialized using 'CodeIgniter\Session\Handlers\FileHandler' driver.
INFO - 2024-05-28 02:23:24 --> Session: Class initialized using 'CodeIgniter\Session\Handlers\FileHandler' driver.
INFO - 2024-05-28 02:23:24 --> Session: Class initialized using 'CodeIgniter\Session\Handlers\FileHandler' driver.
INFO - 2024-05-28 02:23:24 --> Session: Class initialized using 'CodeIgniter\Session\Handlers\FileHandler' driver.
INFO - 2024-05-28 02:23:24 --> Session: Class initialized using 'CodeIgniter\Session\Handlers\FileHandler' driver.
INFO - 2024-05-28 02:23:24 --> Session: Class initialized using 'CodeIgniter\Session\Handlers\FileHandler' driver.
INFO - 2024-05-28 02:23:24 --> Session: Class initialized using 'CodeIgniter\Session\Handlers\FileHandler' driver.
INFO - 2024-05-28 02:23:24 --> Session: Class initialized using 'CodeIgniter\Session\Handlers\FileHandler' driver.
INFO - 2024-05-28 02:23:24 --> Session: Class initialized using 'CodeIgniter\Session\Handlers\FileHandler' driver.
INFO - 2024-05-28 02:23:24 --> Session: Class initialized using 'CodeIgniter\Session\Handlers\FileHandler' driver.
INFO - 2024-05-28 02:23:24 --> Session: Class initialized using 'CodeIgniter\Session\Handlers\FileHandler' driver.
INFO - 2024-05-28 02:23:26 --> Session: Class initialized using 'CodeIgniter\Session\Handlers\FileHandler' driver.
CRITICAL - 2024-05-28 02:24:49 --> syntax error, unexpected 'case' (T_CASE)
in APPPATH\Controllers\Admin.php on line 384.
 1 SYSTEMPATH\Autoloader\Autoloader.php(289): CodeIgniter\Autoloader\Autoloader->includeFile('APPPATH\\Controllers\\Admin.php')
 2 SYSTEMPATH\Autoloader\Autoloader.php(267): CodeIgniter\Autoloader\Autoloader->loadInNamespace('App\\Controllers\\Admin')
 3 [internal function]: CodeIgniter\Autoloader\Autoloader->loadClass('App\\Controllers\\Admin')
 4 [internal function]: spl_autoload_call('App\\Controllers\\Admin')
 5 SYSTEMPATH\CodeIgniter.php(892): class_exists('\\App\\Controllers\\Admin', true)
 6 SYSTEMPATH\CodeIgniter.php(486): CodeIgniter\CodeIgniter->startController()
 7 SYSTEMPATH\CodeIgniter.php(368): CodeIgniter\CodeIgniter->handleRequest(null, Object(Config\Cache), false)
 8 FCPATH\index.php(67): CodeIgniter\CodeIgniter->run()
CRITICAL - 2024-05-28 02:24:51 --> syntax error, unexpected 'case' (T_CASE)
in APPPATH\Controllers\Admin.php on line 384.
 1 SYSTEMPATH\Autoloader\Autoloader.php(289): CodeIgniter\Autoloader\Autoloader->includeFile('APPPATH\\Controllers\\Admin.php')
 2 SYSTEMPATH\Autoloader\Autoloader.php(267): CodeIgniter\Autoloader\Autoloader->loadInNamespace('App\\Controllers\\Admin')
 3 [internal function]: CodeIgniter\Autoloader\Autoloader->loadClass('App\\Controllers\\Admin')
 4 [internal function]: spl_autoload_call('App\\Controllers\\Admin')
 5 SYSTEMPATH\CodeIgniter.php(892): class_exists('\\App\\Controllers\\Admin', true)
 6 SYSTEMPATH\CodeIgniter.php(486): CodeIgniter\CodeIgniter->startController()
 7 SYSTEMPATH\CodeIgniter.php(368): CodeIgniter\CodeIgniter->handleRequest(null, Object(Config\Cache), false)
 8 FCPATH\index.php(67): CodeIgniter\CodeIgniter->run()
INFO - 2024-05-28 02:25:31 --> Session: Class initialized using 'CodeIgniter\Session\Handlers\FileHandler' driver.
INFO - 2024-05-28 02:25:33 --> Session: Class initialized using 'CodeIgniter\Session\Handlers\FileHandler' driver.
INFO - 2024-05-28 02:25:34 --> Session: Class initialized using 'CodeIgniter\Session\Handlers\FileHandler' driver.
INFO - 2024-05-28 02:25:34 --> Session: Class initialized using 'CodeIgniter\Session\Handlers\FileHandler' driver.
INFO - 2024-05-28 02:25:34 --> Session: Class initialized using 'CodeIgniter\Session\Handlers\FileHandler' driver.
INFO - 2024-05-28 02:25:34 --> Session: Class initialized using 'CodeIgniter\Session\Handlers\FileHandler' driver.
INFO - 2024-05-28 02:25:34 --> Session: Class initialized using 'CodeIgniter\Session\Handlers\FileHandler' driver.
INFO - 2024-05-28 02:25:34 --> Session: Class initialized using 'CodeIgniter\Session\Handlers\FileHandler' driver.
INFO - 2024-05-28 02:25:34 --> Session: Class initialized using 'CodeIgniter\Session\Handlers\FileHandler' driver.
INFO - 2024-05-28 02:25:34 --> Session: Class initialized using 'CodeIgniter\Session\Handlers\FileHandler' driver.
INFO - 2024-05-28 02:25:34 --> Session: Class initialized using 'CodeIgniter\Session\Handlers\FileHandler' driver.
INFO - 2024-05-28 02:25:35 --> Session: Class initialized using 'CodeIgniter\Session\Handlers\FileHandler' driver.
INFO - 2024-05-28 02:25:35 --> Session: Class initialized using 'CodeIgniter\Session\Handlers\FileHandler' driver.
INFO - 2024-05-28 02:25:35 --> Session: Class initialized using 'CodeIgniter\Session\Handlers\FileHandler' driver.
INFO - 2024-05-28 02:25:36 --> Session: Class initialized using 'CodeIgniter\Session\Handlers\FileHandler' driver.
INFO - 2024-05-28 02:25:37 --> Session: Class initialized using 'CodeIgniter\Session\Handlers\FileHandler' driver.
INFO - 2024-05-28 02:25:39 --> Session: Class initialized using 'CodeIgniter\Session\Handlers\FileHandler' driver.
INFO - 2024-05-28 02:25:39 --> Session: Class initialized using 'CodeIgniter\Session\Handlers\FileHandler' driver.
INFO - 2024-05-28 02:25:40 --> Session: Class initialized using 'CodeIgniter\Session\Handlers\FileHandler' driver.
INFO - 2024-05-28 02:25:40 --> Session: Class initialized using 'CodeIgniter\Session\Handlers\FileHandler' driver.
INFO - 2024-05-28 02:25:40 --> Session: Class initialized using 'CodeIgniter\Session\Handlers\FileHandler' driver.
INFO - 2024-05-28 02:25:40 --> Session: Class initialized using 'CodeIgniter\Session\Handlers\FileHandler' driver.
INFO - 2024-05-28 02:25:40 --> Session: Class initialized using 'CodeIgniter\Session\Handlers\FileHandler' driver.
INFO - 2024-05-28 02:25:40 --> Session: Class initialized using 'CodeIgniter\Session\Handlers\FileHandler' driver.
INFO - 2024-05-28 02:25:42 --> Session: Class initialized using 'CodeIgniter\Session\Handlers\FileHandler' driver.
INFO - 2024-05-28 02:25:44 --> Session: Class initialized using 'CodeIgniter\Session\Handlers\FileHandler' driver.
INFO - 2024-05-28 02:25:47 --> Session: Class initialized using 'CodeIgniter\Session\Handlers\FileHandler' driver.
INFO - 2024-05-28 02:25:47 --> Session: Class initialized using 'CodeIgniter\Session\Handlers\FileHandler' driver.
INFO - 2024-05-28 02:25:47 --> Session: Class initialized using 'CodeIgniter\Session\Handlers\FileHandler' driver.
INFO - 2024-05-28 02:25:47 --> Session: Class initialized using 'CodeIgniter\Session\Handlers\FileHandler' driver.
INFO - 2024-05-28 02:25:47 --> Session: Class initialized using 'CodeIgniter\Session\Handlers\FileHandler' driver.
INFO - 2024-05-28 02:25:47 --> Session: Class initialized using 'CodeIgniter\Session\Handlers\FileHandler' driver.
INFO - 2024-05-28 02:25:47 --> Session: Class initialized using 'CodeIgniter\Session\Handlers\FileHandler' driver.
INFO - 2024-05-28 02:25:47 --> Session: Class initialized using 'CodeIgniter\Session\Handlers\FileHandler' driver.
INFO - 2024-05-28 02:29:11 --> Session: Class initialized using 'CodeIgniter\Session\Handlers\FileHandler' driver.
INFO - 2024-05-28 02:29:12 --> Session: Class initialized using 'CodeIgniter\Session\Handlers\FileHandler' driver.
INFO - 2024-05-28 02:29:12 --> Session: Class initialized using 'CodeIgniter\Session\Handlers\FileHandler' driver.
INFO - 2024-05-28 02:29:12 --> Session: Class initialized using 'CodeIgniter\Session\Handlers\FileHandler' driver.
INFO - 2024-05-28 02:29:12 --> Session: Class initialized using 'CodeIgniter\Session\Handlers\FileHandler' driver.
INFO - 2024-05-28 02:29:12 --> Session: Class initialized using 'CodeIgniter\Session\Handlers\FileHandler' driver.
INFO - 2024-05-28 02:29:12 --> Session: Class initialized using 'CodeIgniter\Session\Handlers\FileHandler' driver.
INFO - 2024-05-28 02:29:12 --> Session: Class initialized using 'CodeIgniter\Session\Handlers\FileHandler' driver.
INFO - 2024-05-28 02:29:13 --> Session: Class initialized using 'CodeIgniter\Session\Handlers\FileHandler' driver.
INFO - 2024-05-28 02:29:19 --> Session: Class initialized using 'CodeIgniter\Session\Handlers\FileHandler' driver.
INFO - 2024-05-28 02:29:19 --> Session: Class initialized using 'CodeIgniter\Session\Handlers\FileHandler' driver.
INFO - 2024-05-28 02:29:19 --> Session: Class initialized using 'CodeIgniter\Session\Handlers\FileHandler' driver.
INFO - 2024-05-28 02:29:19 --> Session: Class initialized using 'CodeIgniter\Session\Handlers\FileHandler' driver.
INFO - 2024-05-28 02:29:19 --> Session: Class initialized using 'CodeIgniter\Session\Handlers\FileHandler' driver.
INFO - 2024-05-28 02:29:19 --> Session: Class initialized using 'CodeIgniter\Session\Handlers\FileHandler' driver.
INFO - 2024-05-28 02:29:19 --> Session: Class initialized using 'CodeIgniter\Session\Handlers\FileHandler' driver.
INFO - 2024-05-28 02:29:19 --> Session: Class initialized using 'CodeIgniter\Session\Handlers\FileHandler' driver.
INFO - 2024-05-28 02:29:22 --> Session: Class initialized using 'CodeIgniter\Session\Handlers\FileHandler' driver.
INFO - 2024-05-28 02:29:22 --> Session: Class initialized using 'CodeIgniter\Session\Handlers\FileHandler' driver.
INFO - 2024-05-28 02:29:22 --> Session: Class initialized using 'CodeIgniter\Session\Handlers\FileHandler' driver.
INFO - 2024-05-28 02:29:22 --> Session: Class initialized using 'CodeIgniter\Session\Handlers\FileHandler' driver.
INFO - 2024-05-28 02:29:22 --> Session: Class initialized using 'CodeIgniter\Session\Handlers\FileHandler' driver.
INFO - 2024-05-28 02:29:22 --> Session: Class initialized using 'CodeIgniter\Session\Handlers\FileHandler' driver.
INFO - 2024-05-28 02:29:22 --> Session: Class initialized using 'CodeIgniter\Session\Handlers\FileHandler' driver.
INFO - 2024-05-28 02:29:22 --> Session: Class initialized using 'CodeIgniter\Session\Handlers\FileHandler' driver.
INFO - 2024-05-28 02:29:24 --> Session: Class initialized using 'CodeIgniter\Session\Handlers\FileHandler' driver.
INFO - 2024-05-28 02:29:26 --> Session: Class initialized using 'CodeIgniter\Session\Handlers\FileHandler' driver.
ERROR - 2024-05-28 02:29:26 --> Barangay not found with ID: 
INFO - 2024-05-28 02:29:30 --> Session: Class initialized using 'CodeIgniter\Session\Handlers\FileHandler' driver.
INFO - 2024-05-28 02:29:33 --> Session: Class initialized using 'CodeIgniter\Session\Handlers\FileHandler' driver.
ERROR - 2024-05-28 02:29:33 --> Barangay not found with ID: 
INFO - 2024-05-28 02:29:36 --> Session: Class initialized using 'CodeIgniter\Session\Handlers\FileHandler' driver.
INFO - 2024-05-28 02:29:36 --> Session: Class initialized using 'CodeIgniter\Session\Handlers\FileHandler' driver.
INFO - 2024-05-28 02:29:36 --> Session: Class initialized using 'CodeIgniter\Session\Handlers\FileHandler' driver.
INFO - 2024-05-28 02:29:36 --> Session: Class initialized using 'CodeIgniter\Session\Handlers\FileHandler' driver.
INFO - 2024-05-28 02:29:36 --> Session: Class initialized using 'CodeIgniter\Session\Handlers\FileHandler' driver.
INFO - 2024-05-28 02:29:36 --> Session: Class initialized using 'CodeIgniter\Session\Handlers\FileHandler' driver.
INFO - 2024-05-28 02:30:10 --> Session: Class initialized using 'CodeIgniter\Session\Handlers\FileHandler' driver.
INFO - 2024-05-28 02:30:11 --> Session: Class initialized using 'CodeIgniter\Session\Handlers\FileHandler' driver.
INFO - 2024-05-28 02:30:11 --> Session: Class initialized using 'CodeIgniter\Session\Handlers\FileHandler' driver.
INFO - 2024-05-28 02:30:11 --> Session: Class initialized using 'CodeIgniter\Session\Handlers\FileHandler' driver.
INFO - 2024-05-28 02:30:11 --> Session: Class initialized using 'CodeIgniter\Session\Handlers\FileHandler' driver.
INFO - 2024-05-28 02:30:11 --> Session: Class initialized using 'CodeIgniter\Session\Handlers\FileHandler' driver.
INFO - 2024-05-28 02:30:11 --> Session: Class initialized using 'CodeIgniter\Session\Handlers\FileHandler' driver.
INFO - 2024-05-28 02:30:11 --> Session: Class initialized using 'CodeIgniter\Session\Handlers\FileHandler' driver.
INFO - 2024-05-28 02:30:13 --> Session: Class initialized using 'CodeIgniter\Session\Handlers\FileHandler' driver.
CRITICAL - 2024-05-28 02:30:13 --> Undefined property: stdClass::$id
in APPPATH\Controllers\Admin.php on line 261.
 1 APPPATH\Controllers\Admin.php(261): CodeIgniter\Debug\Exceptions->errorHandler(8, 'Undefined property: stdClass::$id', 'APPPATH\\Controllers\\Admin.php', 261, [...])
 2 SYSTEMPATH\CodeIgniter.php(934): App\Controllers\Admin->ajax('get_barangay')
 3 SYSTEMPATH\CodeIgniter.php(499): CodeIgniter\CodeIgniter->runController(Object(App\Controllers\Admin))
 4 SYSTEMPATH\CodeIgniter.php(368): CodeIgniter\CodeIgniter->handleRequest(null, Object(Config\Cache), false)
 5 FCPATH\index.php(67): CodeIgniter\CodeIgniter->run()
INFO - 2024-05-28 02:32:22 --> Session: Class initialized using 'CodeIgniter\Session\Handlers\FileHandler' driver.
INFO - 2024-05-28 02:32:23 --> Session: Class initialized using 'CodeIgniter\Session\Handlers\FileHandler' driver.
INFO - 2024-05-28 02:32:23 --> Session: Class initialized using 'CodeIgniter\Session\Handlers\FileHandler' driver.
INFO - 2024-05-28 02:32:23 --> Session: Class initialized using 'CodeIgniter\Session\Handlers\FileHandler' driver.
INFO - 2024-05-28 02:32:23 --> Session: Class initialized using 'CodeIgniter\Session\Handlers\FileHandler' driver.
INFO - 2024-05-28 02:32:23 --> Session: Class initialized using 'CodeIgniter\Session\Handlers\FileHandler' driver.
INFO - 2024-05-28 02:32:23 --> Session: Class initialized using 'CodeIgniter\Session\Handlers\FileHandler' driver.
INFO - 2024-05-28 02:32:23 --> Session: Class initialized using 'CodeIgniter\Session\Handlers\FileHandler' driver.
INFO - 2024-05-28 02:32:24 --> Session: Class initialized using 'CodeIgniter\Session\Handlers\FileHandler' driver.
INFO - 2024-05-28 02:32:27 --> Session: Class initialized using 'CodeIgniter\Session\Handlers\FileHandler' driver.
INFO - 2024-05-28 02:33:15 --> Session: Class initialized using 'CodeIgniter\Session\Handlers\FileHandler' driver.
INFO - 2024-05-28 02:33:17 --> Session: Class initialized using 'CodeIgniter\Session\Handlers\FileHandler' driver.
INFO - 2024-05-28 02:33:21 --> Session: Class initialized using 'CodeIgniter\Session\Handlers\FileHandler' driver.
INFO - 2024-05-28 02:33:22 --> Session: Class initialized using 'CodeIgniter\Session\Handlers\FileHandler' driver.
INFO - 2024-05-28 02:33:36 --> Session: Class initialized using 'CodeIgniter\Session\Handlers\FileHandler' driver.
INFO - 2024-05-28 02:33:36 --> Session: Class initialized using 'CodeIgniter\Session\Handlers\FileHandler' driver.
INFO - 2024-05-28 02:33:36 --> Session: Class initialized using 'CodeIgniter\Session\Handlers\FileHandler' driver.
INFO - 2024-05-28 02:33:36 --> Session: Class initialized using 'CodeIgniter\Session\Handlers\FileHandler' driver.
INFO - 2024-05-28 02:33:36 --> Session: Class initialized using 'CodeIgniter\Session\Handlers\FileHandler' driver.
INFO - 2024-05-28 02:33:36 --> Session: Class initialized using 'CodeIgniter\Session\Handlers\FileHandler' driver.
INFO - 2024-05-28 02:33:36 --> Session: Class initialized using 'CodeIgniter\Session\Handlers\FileHandler' driver.
INFO - 2024-05-28 02:33:36 --> Session: Class initialized using 'CodeIgniter\Session\Handlers\FileHandler' driver.
INFO - 2024-05-28 02:33:39 --> Session: Class initialized using 'CodeIgniter\Session\Handlers\FileHandler' driver.
INFO - 2024-05-28 02:33:41 --> Session: Class initialized using 'CodeIgniter\Session\Handlers\FileHandler' driver.
INFO - 2024-05-28 02:33:42 --> Session: Class initialized using 'CodeIgniter\Session\Handlers\FileHandler' driver.
INFO - 2024-05-28 02:33:42 --> Session: Class initialized using 'CodeIgniter\Session\Handlers\FileHandler' driver.
INFO - 2024-05-28 02:33:42 --> Session: Class initialized using 'CodeIgniter\Session\Handlers\FileHandler' driver.
INFO - 2024-05-28 02:33:42 --> Session: Class initialized using 'CodeIgniter\Session\Handlers\FileHandler' driver.
INFO - 2024-05-28 02:33:42 --> Session: Class initialized using 'CodeIgniter\Session\Handlers\FileHandler' driver.
INFO - 2024-05-28 02:33:42 --> Session: Class initialized using 'CodeIgniter\Session\Handlers\FileHandler' driver.
INFO - 2024-05-28 02:33:42 --> Session: Class initialized using 'CodeIgniter\Session\Handlers\FileHandler' driver.
INFO - 2024-05-28 02:36:27 --> Session: Class initialized using 'CodeIgniter\Session\Handlers\FileHandler' driver.
INFO - 2024-05-28 02:36:27 --> Session: Class initialized using 'CodeIgniter\Session\Handlers\FileHandler' driver.
INFO - 2024-05-28 02:36:28 --> Session: Class initialized using 'CodeIgniter\Session\Handlers\FileHandler' driver.
INFO - 2024-05-28 02:36:28 --> Session: Class initialized using 'CodeIgniter\Session\Handlers\FileHandler' driver.
INFO - 2024-05-28 02:36:28 --> Session: Class initialized using 'CodeIgniter\Session\Handlers\FileHandler' driver.
INFO - 2024-05-28 02:36:28 --> Session: Class initialized using 'CodeIgniter\Session\Handlers\FileHandler' driver.
INFO - 2024-05-28 02:36:28 --> Session: Class initialized using 'CodeIgniter\Session\Handlers\FileHandler' driver.
INFO - 2024-05-28 02:36:28 --> Session: Class initialized using 'CodeIgniter\Session\Handlers\FileHandler' driver.
INFO - 2024-05-28 02:36:29 --> Session: Class initialized using 'CodeIgniter\Session\Handlers\FileHandler' driver.
INFO - 2024-05-28 02:36:33 --> Session: Class initialized using 'CodeIgniter\Session\Handlers\FileHandler' driver.
INFO - 2024-05-28 02:36:34 --> Session: Class initialized using 'CodeIgniter\Session\Handlers\FileHandler' driver.
INFO - 2024-05-28 02:36:34 --> Session: Class initialized using 'CodeIgniter\Session\Handlers\FileHandler' driver.
INFO - 2024-05-28 02:36:34 --> Session: Class initialized using 'CodeIgniter\Session\Handlers\FileHandler' driver.
INFO - 2024-05-28 02:36:34 --> Session: Class initialized using 'CodeIgniter\Session\Handlers\FileHandler' driver.
INFO - 2024-05-28 02:36:34 --> Session: Class initialized using 'CodeIgniter\Session\Handlers\FileHandler' driver.
INFO - 2024-05-28 02:36:34 --> Session: Class initialized using 'CodeIgniter\Session\Handlers\FileHandler' driver.
INFO - 2024-05-28 02:36:34 --> Session: Class initialized using 'CodeIgniter\Session\Handlers\FileHandler' driver.
INFO - 2024-05-28 02:37:00 --> Session: Class initialized using 'CodeIgniter\Session\Handlers\FileHandler' driver.
INFO - 2024-05-28 02:37:00 --> Session: Class initialized using 'CodeIgniter\Session\Handlers\FileHandler' driver.
INFO - 2024-05-28 02:37:00 --> Session: Class initialized using 'CodeIgniter\Session\Handlers\FileHandler' driver.
INFO - 2024-05-28 02:37:00 --> Session: Class initialized using 'CodeIgniter\Session\Handlers\FileHandler' driver.
INFO - 2024-05-28 02:37:00 --> Session: Class initialized using 'CodeIgniter\Session\Handlers\FileHandler' driver.
INFO - 2024-05-28 02:37:00 --> Session: Class initialized using 'CodeIgniter\Session\Handlers\FileHandler' driver.
INFO - 2024-05-28 02:37:00 --> Session: Class initialized using 'CodeIgniter\Session\Handlers\FileHandler' driver.
INFO - 2024-05-28 02:37:00 --> Session: Class initialized using 'CodeIgniter\Session\Handlers\FileHandler' driver.
INFO - 2024-05-28 02:37:00 --> Session: Class initialized using 'CodeIgniter\Session\Handlers\FileHandler' driver.
INFO - 2024-05-28 02:37:00 --> Session: Class initialized using 'CodeIgniter\Session\Handlers\FileHandler' driver.
INFO - 2024-05-28 02:37:00 --> Session: Class initialized using 'CodeIgniter\Session\Handlers\FileHandler' driver.
INFO - 2024-05-28 02:37:00 --> Session: Class initialized using 'CodeIgniter\Session\Handlers\FileHandler' driver.
INFO - 2024-05-28 02:37:01 --> Session: Class initialized using 'CodeIgniter\Session\Handlers\FileHandler' driver.
INFO - 2024-05-28 02:37:01 --> Session: Class initialized using 'CodeIgniter\Session\Handlers\FileHandler' driver.
INFO - 2024-05-28 02:37:01 --> Session: Class initialized using 'CodeIgniter\Session\Handlers\FileHandler' driver.
INFO - 2024-05-28 02:37:01 --> Session: Class initialized using 'CodeIgniter\Session\Handlers\FileHandler' driver.
INFO - 2024-05-28 02:37:01 --> Session: Class initialized using 'CodeIgniter\Session\Handlers\FileHandler' driver.
INFO - 2024-05-28 02:37:01 --> Session: Class initialized using 'CodeIgniter\Session\Handlers\FileHandler' driver.
INFO - 2024-05-28 02:37:08 --> Session: Class initialized using 'CodeIgniter\Session\Handlers\FileHandler' driver.
INFO - 2024-05-28 02:37:09 --> Session: Class initialized using 'CodeIgniter\Session\Handlers\FileHandler' driver.
INFO - 2024-05-28 02:37:09 --> Session: Class initialized using 'CodeIgniter\Session\Handlers\FileHandler' driver.
INFO - 2024-05-28 02:37:09 --> Session: Class initialized using 'CodeIgniter\Session\Handlers\FileHandler' driver.
INFO - 2024-05-28 02:37:09 --> Session: Class initialized using 'CodeIgniter\Session\Handlers\FileHandler' driver.
INFO - 2024-05-28 02:37:09 --> Session: Class initialized using 'CodeIgniter\Session\Handlers\FileHandler' driver.
INFO - 2024-05-28 02:37:09 --> Session: Class initialized using 'CodeIgniter\Session\Handlers\FileHandler' driver.
INFO - 2024-05-28 02:37:09 --> Session: Class initialized using 'CodeIgniter\Session\Handlers\FileHandler' driver.
INFO - 2024-05-28 02:37:12 --> Session: Class initialized using 'CodeIgniter\Session\Handlers\FileHandler' driver.
INFO - 2024-05-28 02:37:20 --> Session: Class initialized using 'CodeIgniter\Session\Handlers\FileHandler' driver.
INFO - 2024-05-28 02:37:22 --> Session: Class initialized using 'CodeIgniter\Session\Handlers\FileHandler' driver.
INFO - 2024-05-28 02:37:22 --> Session: Class initialized using 'CodeIgniter\Session\Handlers\FileHandler' driver.
INFO - 2024-05-28 02:37:22 --> Session: Class initialized using 'CodeIgniter\Session\Handlers\FileHandler' driver.
INFO - 2024-05-28 02:37:22 --> Session: Class initialized using 'CodeIgniter\Session\Handlers\FileHandler' driver.
INFO - 2024-05-28 02:37:22 --> Session: Class initialized using 'CodeIgniter\Session\Handlers\FileHandler' driver.
INFO - 2024-05-28 02:37:22 --> Session: Class initialized using 'CodeIgniter\Session\Handlers\FileHandler' driver.
INFO - 2024-05-28 02:37:22 --> Session: Class initialized using 'CodeIgniter\Session\Handlers\FileHandler' driver.
INFO - 2024-05-28 02:45:13 --> Session: Class initialized using 'CodeIgniter\Session\Handlers\FileHandler' driver.
INFO - 2024-05-28 02:45:13 --> Session: Class initialized using 'CodeIgniter\Session\Handlers\FileHandler' driver.
INFO - 2024-05-28 02:45:14 --> Session: Class initialized using 'CodeIgniter\Session\Handlers\FileHandler' driver.
INFO - 2024-05-28 02:45:14 --> Session: Class initialized using 'CodeIgniter\Session\Handlers\FileHandler' driver.
INFO - 2024-05-28 02:45:14 --> Session: Class initialized using 'CodeIgniter\Session\Handlers\FileHandler' driver.
INFO - 2024-05-28 02:45:14 --> Session: Class initialized using 'CodeIgniter\Session\Handlers\FileHandler' driver.
INFO - 2024-05-28 02:45:14 --> Session: Class initialized using 'CodeIgniter\Session\Handlers\FileHandler' driver.
INFO - 2024-05-28 02:45:15 --> Session: Class initialized using 'CodeIgniter\Session\Handlers\FileHandler' driver.
INFO - 2024-05-28 02:45:15 --> Session: Class initialized using 'CodeIgniter\Session\Handlers\FileHandler' driver.
INFO - 2024-05-28 02:45:15 --> Session: Class initialized using 'CodeIgniter\Session\Handlers\FileHandler' driver.
INFO - 2024-05-28 02:45:15 --> Session: Class initialized using 'CodeIgniter\Session\Handlers\FileHandler' driver.
INFO - 2024-05-28 02:45:15 --> Session: Class initialized using 'CodeIgniter\Session\Handlers\FileHandler' driver.
INFO - 2024-05-28 02:45:15 --> Session: Class initialized using 'CodeIgniter\Session\Handlers\FileHandler' driver.
INFO - 2024-05-28 02:45:15 --> Session: Class initialized using 'CodeIgniter\Session\Handlers\FileHandler' driver.
INFO - 2024-05-28 02:45:17 --> Session: Class initialized using 'CodeIgniter\Session\Handlers\FileHandler' driver.
INFO - 2024-05-28 02:45:21 --> Session: Class initialized using 'CodeIgniter\Session\Handlers\FileHandler' driver.
DEBUG - 2024-05-28 02:45:21 --> Barangay found: stdClass Object
(
    [ID] => 5
    [brgy_name] => 
    [brngy_capt] => 
    [img_logo] => 1716806211_38aa22b135b046e5efef.jpg
    [img_capt] => 1716806211_b3547d3116447be44780.jpg
    [mission] => 
    [vision] => 
    [status] => ACTIVE
    [created_date] => 2024-05-27 10:36:51
    [updated_date] => 2024-05-28 02:29:22
)

DEBUG - 2024-05-28 02:45:21 --> Barangay updated successfully.
INFO - 2024-05-28 02:45:22 --> Session: Class initialized using 'CodeIgniter\Session\Handlers\FileHandler' driver.
INFO - 2024-05-28 02:45:22 --> Session: Class initialized using 'CodeIgniter\Session\Handlers\FileHandler' driver.
INFO - 2024-05-28 02:45:22 --> Session: Class initialized using 'CodeIgniter\Session\Handlers\FileHandler' driver.
INFO - 2024-05-28 02:45:22 --> Session: Class initialized using 'CodeIgniter\Session\Handlers\FileHandler' driver.
INFO - 2024-05-28 02:45:22 --> Session: Class initialized using 'CodeIgniter\Session\Handlers\FileHandler' driver.
INFO - 2024-05-28 02:45:22 --> Session: Class initialized using 'CodeIgniter\Session\Handlers\FileHandler' driver.
INFO - 2024-05-28 02:45:22 --> Session: Class initialized using 'CodeIgniter\Session\Handlers\FileHandler' driver.
INFO - 2024-05-28 02:45:25 --> Session: Class initialized using 'CodeIgniter\Session\Handlers\FileHandler' driver.
INFO - 2024-05-28 02:45:25 --> Session: Class initialized using 'CodeIgniter\Session\Handlers\FileHandler' driver.
INFO - 2024-05-28 02:45:25 --> Session: Class initialized using 'CodeIgniter\Session\Handlers\FileHandler' driver.
INFO - 2024-05-28 02:45:25 --> Session: Class initialized using 'CodeIgniter\Session\Handlers\FileHandler' driver.
INFO - 2024-05-28 02:45:25 --> Session: Class initialized using 'CodeIgniter\Session\Handlers\FileHandler' driver.
INFO - 2024-05-28 02:45:25 --> Session: Class initialized using 'CodeIgniter\Session\Handlers\FileHandler' driver.
INFO - 2024-05-28 02:47:05 --> Session: Class initialized using 'CodeIgniter\Session\Handlers\FileHandler' driver.
INFO - 2024-05-28 02:47:05 --> Session: Class initialized using 'CodeIgniter\Session\Handlers\FileHandler' driver.
INFO - 2024-05-28 02:47:06 --> Session: Class initialized using 'CodeIgniter\Session\Handlers\FileHandler' driver.
INFO - 2024-05-28 02:47:06 --> Session: Class initialized using 'CodeIgniter\Session\Handlers\FileHandler' driver.
INFO - 2024-05-28 02:47:06 --> Session: Class initialized using 'CodeIgniter\Session\Handlers\FileHandler' driver.
INFO - 2024-05-28 02:47:06 --> Session: Class initialized using 'CodeIgniter\Session\Handlers\FileHandler' driver.
INFO - 2024-05-28 02:47:06 --> Session: Class initialized using 'CodeIgniter\Session\Handlers\FileHandler' driver.
INFO - 2024-05-28 02:47:06 --> Session: Class initialized using 'CodeIgniter\Session\Handlers\FileHandler' driver.
INFO - 2024-05-28 02:47:10 --> Session: Class initialized using 'CodeIgniter\Session\Handlers\FileHandler' driver.
INFO - 2024-05-28 02:47:14 --> Session: Class initialized using 'CodeIgniter\Session\Handlers\FileHandler' driver.
DEBUG - 2024-05-28 02:47:14 --> Barangay found: stdClass Object
(
    [ID] => 4
    [brgy_name] => 
    [brngy_capt] => 
    [img_logo] => 1716798308_182b4117e4b73ac52924.jpg
    [img_capt] => 1716798308_d024461d95a4ec3fc771.jpg
    [mission] => 
    [vision] => 
    [status] => ACTIVE
    [created_date] => 2024-05-27 08:25:08
    [updated_date] => 2024-05-28 02:21:25
)

DEBUG - 2024-05-28 02:47:14 --> Barangay updated successfully.
INFO - 2024-05-28 02:47:15 --> Session: Class initialized using 'CodeIgniter\Session\Handlers\FileHandler' driver.
INFO - 2024-05-28 02:47:16 --> Session: Class initialized using 'CodeIgniter\Session\Handlers\FileHandler' driver.
INFO - 2024-05-28 02:47:16 --> Session: Class initialized using 'CodeIgniter\Session\Handlers\FileHandler' driver.
INFO - 2024-05-28 02:47:16 --> Session: Class initialized using 'CodeIgniter\Session\Handlers\FileHandler' driver.
INFO - 2024-05-28 02:47:16 --> Session: Class initialized using 'CodeIgniter\Session\Handlers\FileHandler' driver.
INFO - 2024-05-28 02:47:16 --> Session: Class initialized using 'CodeIgniter\Session\Handlers\FileHandler' driver.
INFO - 2024-05-28 02:47:16 --> Session: Class initialized using 'CodeIgniter\Session\Handlers\FileHandler' driver.
INFO - 2024-05-28 02:50:05 --> Session: Class initialized using 'CodeIgniter\Session\Handlers\FileHandler' driver.
INFO - 2024-05-28 02:50:06 --> Session: Class initialized using 'CodeIgniter\Session\Handlers\FileHandler' driver.
INFO - 2024-05-28 02:50:06 --> Session: Class initialized using 'CodeIgniter\Session\Handlers\FileHandler' driver.
INFO - 2024-05-28 02:50:06 --> Session: Class initialized using 'CodeIgniter\Session\Handlers\FileHandler' driver.
INFO - 2024-05-28 02:50:06 --> Session: Class initialized using 'CodeIgniter\Session\Handlers\FileHandler' driver.
INFO - 2024-05-28 02:50:06 --> Session: Class initialized using 'CodeIgniter\Session\Handlers\FileHandler' driver.
INFO - 2024-05-28 02:50:06 --> Session: Class initialized using 'CodeIgniter\Session\Handlers\FileHandler' driver.
INFO - 2024-05-28 02:50:06 --> Session: Class initialized using 'CodeIgniter\Session\Handlers\FileHandler' driver.
INFO - 2024-05-28 02:50:09 --> Session: Class initialized using 'CodeIgniter\Session\Handlers\FileHandler' driver.
INFO - 2024-05-28 02:50:18 --> Session: Class initialized using 'CodeIgniter\Session\Handlers\FileHandler' driver.
DEBUG - 2024-05-28 02:50:18 --> Barangay found: stdClass Object
(
    [ID] => 4
    [brgy_name] => 
    [brngy_capt] => 
    [img_logo] => 1716798308_182b4117e4b73ac52924.jpg
    [img_capt] => 1716798308_d024461d95a4ec3fc771.jpg
    [mission] => 
    [vision] => 
    [status] => ACTIVE
    [created_date] => 2024-05-27 08:25:08
    [updated_date] => 2024-05-28 02:21:25
)

DEBUG - 2024-05-28 02:50:18 --> Barangay updated successfully.
INFO - 2024-05-28 02:50:20 --> Session: Class initialized using 'CodeIgniter\Session\Handlers\FileHandler' driver.
INFO - 2024-05-28 02:50:20 --> Session: Class initialized using 'CodeIgniter\Session\Handlers\FileHandler' driver.
INFO - 2024-05-28 02:50:20 --> Session: Class initialized using 'CodeIgniter\Session\Handlers\FileHandler' driver.
INFO - 2024-05-28 02:50:20 --> Session: Class initialized using 'CodeIgniter\Session\Handlers\FileHandler' driver.
INFO - 2024-05-28 02:50:20 --> Session: Class initialized using 'CodeIgniter\Session\Handlers\FileHandler' driver.
INFO - 2024-05-28 02:50:20 --> Session: Class initialized using 'CodeIgniter\Session\Handlers\FileHandler' driver.
INFO - 2024-05-28 02:50:20 --> Session: Class initialized using 'CodeIgniter\Session\Handlers\FileHandler' driver.
INFO - 2024-05-28 02:54:27 --> Session: Class initialized using 'CodeIgniter\Session\Handlers\FileHandler' driver.
INFO - 2024-05-28 02:54:27 --> Session: Class initialized using 'CodeIgniter\Session\Handlers\FileHandler' driver.
INFO - 2024-05-28 02:54:27 --> Session: Class initialized using 'CodeIgniter\Session\Handlers\FileHandler' driver.
INFO - 2024-05-28 02:54:27 --> Session: Class initialized using 'CodeIgniter\Session\Handlers\FileHandler' driver.
INFO - 2024-05-28 02:54:27 --> Session: Class initialized using 'CodeIgniter\Session\Handlers\FileHandler' driver.
INFO - 2024-05-28 02:54:27 --> Session: Class initialized using 'CodeIgniter\Session\Handlers\FileHandler' driver.
INFO - 2024-05-28 02:54:27 --> Session: Class initialized using 'CodeIgniter\Session\Handlers\FileHandler' driver.
INFO - 2024-05-28 02:54:27 --> Session: Class initialized using 'CodeIgniter\Session\Handlers\FileHandler' driver.
INFO - 2024-05-28 02:54:28 --> Session: Class initialized using 'CodeIgniter\Session\Handlers\FileHandler' driver.
INFO - 2024-05-28 02:54:32 --> Session: Class initialized using 'CodeIgniter\Session\Handlers\FileHandler' driver.
DEBUG - 2024-05-28 02:54:32 --> Barangay found: stdClass Object
(
    [ID] => 5
    [brgy_name] => 
    [brngy_capt] => 
    [img_logo] => 1716806211_38aa22b135b046e5efef.jpg
    [img_capt] => 1716806211_b3547d3116447be44780.jpg
    [mission] => 
    [vision] => 
    [status] => ACTIVE
    [created_date] => 2024-05-27 10:36:51
    [updated_date] => 2024-05-28 02:29:22
)

DEBUG - 2024-05-28 02:54:32 --> Barangay updated successfully.
INFO - 2024-05-28 02:54:33 --> Session: Class initialized using 'CodeIgniter\Session\Handlers\FileHandler' driver.
INFO - 2024-05-28 02:54:33 --> Session: Class initialized using 'CodeIgniter\Session\Handlers\FileHandler' driver.
INFO - 2024-05-28 02:54:33 --> Session: Class initialized using 'CodeIgniter\Session\Handlers\FileHandler' driver.
INFO - 2024-05-28 02:54:33 --> Session: Class initialized using 'CodeIgniter\Session\Handlers\FileHandler' driver.
INFO - 2024-05-28 02:54:33 --> Session: Class initialized using 'CodeIgniter\Session\Handlers\FileHandler' driver.
INFO - 2024-05-28 02:54:33 --> Session: Class initialized using 'CodeIgniter\Session\Handlers\FileHandler' driver.
INFO - 2024-05-28 02:54:33 --> Session: Class initialized using 'CodeIgniter\Session\Handlers\FileHandler' driver.
INFO - 2024-05-28 02:54:35 --> Session: Class initialized using 'CodeIgniter\Session\Handlers\FileHandler' driver.
INFO - 2024-05-28 02:55:10 --> Session: Class initialized using 'CodeIgniter\Session\Handlers\FileHandler' driver.
INFO - 2024-05-28 02:55:18 --> Session: Class initialized using 'CodeIgniter\Session\Handlers\FileHandler' driver.
DEBUG - 2024-05-28 02:55:18 --> Barangay found: stdClass Object
(
    [ID] => 4
    [brgy_name] => 
    [brngy_capt] => 
    [img_logo] => 1716798308_182b4117e4b73ac52924.jpg
    [img_capt] => 1716798308_d024461d95a4ec3fc771.jpg
    [mission] => 
    [vision] => 
    [status] => ACTIVE
    [created_date] => 2024-05-27 08:25:08
    [updated_date] => 2024-05-28 02:21:25
)

DEBUG - 2024-05-28 02:55:18 --> Barangay updated successfully.
INFO - 2024-05-28 02:55:19 --> Session: Class initialized using 'CodeIgniter\Session\Handlers\FileHandler' driver.
INFO - 2024-05-28 02:55:19 --> Session: Class initialized using 'CodeIgniter\Session\Handlers\FileHandler' driver.
INFO - 2024-05-28 02:55:19 --> Session: Class initialized using 'CodeIgniter\Session\Handlers\FileHandler' driver.
INFO - 2024-05-28 02:55:19 --> Session: Class initialized using 'CodeIgniter\Session\Handlers\FileHandler' driver.
INFO - 2024-05-28 02:55:19 --> Session: Class initialized using 'CodeIgniter\Session\Handlers\FileHandler' driver.
INFO - 2024-05-28 02:55:19 --> Session: Class initialized using 'CodeIgniter\Session\Handlers\FileHandler' driver.
INFO - 2024-05-28 02:55:19 --> Session: Class initialized using 'CodeIgniter\Session\Handlers\FileHandler' driver.
INFO - 2024-05-28 03:03:35 --> Session: Class initialized using 'CodeIgniter\Session\Handlers\FileHandler' driver.
INFO - 2024-05-28 03:03:35 --> Session: Class initialized using 'CodeIgniter\Session\Handlers\FileHandler' driver.
INFO - 2024-05-28 03:03:35 --> Session: Class initialized using 'CodeIgniter\Session\Handlers\FileHandler' driver.
INFO - 2024-05-28 03:03:35 --> Session: Class initialized using 'CodeIgniter\Session\Handlers\FileHandler' driver.
INFO - 2024-05-28 03:03:35 --> Session: Class initialized using 'CodeIgniter\Session\Handlers\FileHandler' driver.
INFO - 2024-05-28 03:03:35 --> Session: Class initialized using 'CodeIgniter\Session\Handlers\FileHandler' driver.
INFO - 2024-05-28 03:03:36 --> Session: Class initialized using 'CodeIgniter\Session\Handlers\FileHandler' driver.
INFO - 2024-05-28 03:03:37 --> Session: Class initialized using 'CodeIgniter\Session\Handlers\FileHandler' driver.
INFO - 2024-05-28 03:03:37 --> Session: Class initialized using 'CodeIgniter\Session\Handlers\FileHandler' driver.
INFO - 2024-05-28 03:03:37 --> Session: Class initialized using 'CodeIgniter\Session\Handlers\FileHandler' driver.
INFO - 2024-05-28 03:03:37 --> Session: Class initialized using 'CodeIgniter\Session\Handlers\FileHandler' driver.
INFO - 2024-05-28 03:03:37 --> Session: Class initialized using 'CodeIgniter\Session\Handlers\FileHandler' driver.
INFO - 2024-05-28 03:03:37 --> Session: Class initialized using 'CodeIgniter\Session\Handlers\FileHandler' driver.
INFO - 2024-05-28 03:03:37 --> Session: Class initialized using 'CodeIgniter\Session\Handlers\FileHandler' driver.
INFO - 2024-05-28 03:03:37 --> Session: Class initialized using 'CodeIgniter\Session\Handlers\FileHandler' driver.
INFO - 2024-05-28 03:03:37 --> Session: Class initialized using 'CodeIgniter\Session\Handlers\FileHandler' driver.
INFO - 2024-05-28 03:03:41 --> Session: Class initialized using 'CodeIgniter\Session\Handlers\FileHandler' driver.
INFO - 2024-05-28 03:03:54 --> Session: Class initialized using 'CodeIgniter\Session\Handlers\FileHandler' driver.
DEBUG - 2024-05-28 03:03:54 --> Barangay found: stdClass Object
(
    [ID] => 7
    [brgy_name] => PLATERO
    [brngy_capt] => yutyu
    [img_logo] => 1716865417_3f6af72dd69660ecce35.jpg
    [img_capt] => 1716865417_39e2680cd7c8c1365879.jpg
    [mission] => tgyjitij
    [vision] => tyiujtyuij
    [status] => ACTIVE
    [created_date] => 2024-05-28 03:03:37
    [updated_date] => 
)

DEBUG - 2024-05-28 03:03:54 --> Barangay updated successfully.
INFO - 2024-05-28 03:03:55 --> Session: Class initialized using 'CodeIgniter\Session\Handlers\FileHandler' driver.
INFO - 2024-05-28 03:03:55 --> Session: Class initialized using 'CodeIgniter\Session\Handlers\FileHandler' driver.
INFO - 2024-05-28 03:03:55 --> Session: Class initialized using 'CodeIgniter\Session\Handlers\FileHandler' driver.
INFO - 2024-05-28 03:03:55 --> Session: Class initialized using 'CodeIgniter\Session\Handlers\FileHandler' driver.
INFO - 2024-05-28 03:03:55 --> Session: Class initialized using 'CodeIgniter\Session\Handlers\FileHandler' driver.
INFO - 2024-05-28 03:03:55 --> Session: Class initialized using 'CodeIgniter\Session\Handlers\FileHandler' driver.
INFO - 2024-05-28 03:03:55 --> Session: Class initialized using 'CodeIgniter\Session\Handlers\FileHandler' driver.
INFO - 2024-05-28 03:03:55 --> Session: Class initialized using 'CodeIgniter\Session\Handlers\FileHandler' driver.
INFO - 2024-05-28 03:03:55 --> Session: Class initialized using 'CodeIgniter\Session\Handlers\FileHandler' driver.
INFO - 2024-05-28 03:03:57 --> Session: Class initialized using 'CodeIgniter\Session\Handlers\FileHandler' driver.
INFO - 2024-05-28 03:04:01 --> Session: Class initialized using 'CodeIgniter\Session\Handlers\FileHandler' driver.
DEBUG - 2024-05-28 03:04:01 --> Barangay found: stdClass Object
(
    [ID] => 7
    [brgy_name] => PLATERO
    [brngy_capt] => yutyu
    [img_logo] => 1716865417_3f6af72dd69660ecce35.jpg
    [img_capt] => 1716865417_39e2680cd7c8c1365879.jpg
    [mission] => PLATERO
    [vision] => tyiujtyuij
    [status] => ACTIVE
    [created_date] => 2024-05-28 03:03:37
    [updated_date] => 
)

DEBUG - 2024-05-28 03:04:01 --> Barangay updated successfully.
INFO - 2024-05-28 03:04:02 --> Session: Class initialized using 'CodeIgniter\Session\Handlers\FileHandler' driver.
INFO - 2024-05-28 03:04:02 --> Session: Class initialized using 'CodeIgniter\Session\Handlers\FileHandler' driver.
INFO - 2024-05-28 03:04:02 --> Session: Class initialized using 'CodeIgniter\Session\Handlers\FileHandler' driver.
INFO - 2024-05-28 03:04:02 --> Session: Class initialized using 'CodeIgniter\Session\Handlers\FileHandler' driver.
INFO - 2024-05-28 03:04:02 --> Session: Class initialized using 'CodeIgniter\Session\Handlers\FileHandler' driver.
INFO - 2024-05-28 03:04:02 --> Session: Class initialized using 'CodeIgniter\Session\Handlers\FileHandler' driver.
INFO - 2024-05-28 03:04:02 --> Session: Class initialized using 'CodeIgniter\Session\Handlers\FileHandler' driver.
INFO - 2024-05-28 03:04:02 --> Session: Class initialized using 'CodeIgniter\Session\Handlers\FileHandler' driver.
INFO - 2024-05-28 03:04:02 --> Session: Class initialized using 'CodeIgniter\Session\Handlers\FileHandler' driver.
INFO - 2024-05-28 03:04:15 --> Session: Class initialized using 'CodeIgniter\Session\Handlers\FileHandler' driver.
INFO - 2024-05-28 03:04:15 --> Session: Class initialized using 'CodeIgniter\Session\Handlers\FileHandler' driver.
INFO - 2024-05-28 03:04:15 --> Session: Class initialized using 'CodeIgniter\Session\Handlers\FileHandler' driver.
INFO - 2024-05-28 03:04:15 --> Session: Class initialized using 'CodeIgniter\Session\Handlers\FileHandler' driver.
INFO - 2024-05-28 03:04:15 --> Session: Class initialized using 'CodeIgniter\Session\Handlers\FileHandler' driver.
INFO - 2024-05-28 03:04:15 --> Session: Class initialized using 'CodeIgniter\Session\Handlers\FileHandler' driver.
INFO - 2024-05-28 03:04:15 --> Session: Class initialized using 'CodeIgniter\Session\Handlers\FileHandler' driver.
INFO - 2024-05-28 03:04:15 --> Session: Class initialized using 'CodeIgniter\Session\Handlers\FileHandler' driver.
INFO - 2024-05-28 03:05:06 --> Session: Class initialized using 'CodeIgniter\Session\Handlers\FileHandler' driver.
INFO - 2024-05-28 03:05:06 --> Session: Class initialized using 'CodeIgniter\Session\Handlers\FileHandler' driver.
INFO - 2024-05-28 03:05:06 --> Session: Class initialized using 'CodeIgniter\Session\Handlers\FileHandler' driver.
INFO - 2024-05-28 03:05:06 --> Session: Class initialized using 'CodeIgniter\Session\Handlers\FileHandler' driver.
INFO - 2024-05-28 03:05:06 --> Session: Class initialized using 'CodeIgniter\Session\Handlers\FileHandler' driver.
INFO - 2024-05-28 03:05:06 --> Session: Class initialized using 'CodeIgniter\Session\Handlers\FileHandler' driver.
INFO - 2024-05-28 03:05:06 --> Session: Class initialized using 'CodeIgniter\Session\Handlers\FileHandler' driver.
INFO - 2024-05-28 03:05:06 --> Session: Class initialized using 'CodeIgniter\Session\Handlers\FileHandler' driver.
INFO - 2024-05-28 03:05:09 --> Session: Class initialized using 'CodeIgniter\Session\Handlers\FileHandler' driver.
INFO - 2024-05-28 03:05:18 --> Session: Class initialized using 'CodeIgniter\Session\Handlers\FileHandler' driver.
DEBUG - 2024-05-28 03:05:18 --> Barangay found: stdClass Object
(
    [ID] => 7
    [brgy_name] => PLATERO
    [brngy_capt] => yutyu
    [img_logo] => 1716865417_3f6af72dd69660ecce35.jpg
    [img_capt] => 1716865417_39e2680cd7c8c1365879.jpg
    [mission] => PLATERO
    [vision] => tyiujtyuij
    [status] => ACTIVE
    [created_date] => 2024-05-28 03:03:37
    [updated_date] => 
)

DEBUG - 2024-05-28 03:05:18 --> Barangay updated successfully.
INFO - 2024-05-28 03:05:18 --> Session: Class initialized using 'CodeIgniter\Session\Handlers\FileHandler' driver.
INFO - 2024-05-28 03:05:18 --> Session: Class initialized using 'CodeIgniter\Session\Handlers\FileHandler' driver.
INFO - 2024-05-28 03:05:18 --> Session: Class initialized using 'CodeIgniter\Session\Handlers\FileHandler' driver.
INFO - 2024-05-28 03:05:18 --> Session: Class initialized using 'CodeIgniter\Session\Handlers\FileHandler' driver.
INFO - 2024-05-28 03:05:18 --> Session: Class initialized using 'CodeIgniter\Session\Handlers\FileHandler' driver.
INFO - 2024-05-28 03:05:18 --> Session: Class initialized using 'CodeIgniter\Session\Handlers\FileHandler' driver.
INFO - 2024-05-28 03:05:18 --> Session: Class initialized using 'CodeIgniter\Session\Handlers\FileHandler' driver.
INFO - 2024-05-28 03:05:18 --> Session: Class initialized using 'CodeIgniter\Session\Handlers\FileHandler' driver.
INFO - 2024-05-28 03:05:18 --> Session: Class initialized using 'CodeIgniter\Session\Handlers\FileHandler' driver.
INFO - 2024-05-28 03:05:20 --> Session: Class initialized using 'CodeIgniter\Session\Handlers\FileHandler' driver.
INFO - 2024-05-28 03:05:21 --> Session: Class initialized using 'CodeIgniter\Session\Handlers\FileHandler' driver.
INFO - 2024-05-28 03:05:21 --> Session: Class initialized using 'CodeIgniter\Session\Handlers\FileHandler' driver.
INFO - 2024-05-28 03:05:21 --> Session: Class initialized using 'CodeIgniter\Session\Handlers\FileHandler' driver.
INFO - 2024-05-28 03:05:21 --> Session: Class initialized using 'CodeIgniter\Session\Handlers\FileHandler' driver.
INFO - 2024-05-28 03:05:21 --> Session: Class initialized using 'CodeIgniter\Session\Handlers\FileHandler' driver.
INFO - 2024-05-28 03:05:21 --> Session: Class initialized using 'CodeIgniter\Session\Handlers\FileHandler' driver.
INFO - 2024-05-28 03:05:21 --> Session: Class initialized using 'CodeIgniter\Session\Handlers\FileHandler' driver.
INFO - 2024-05-28 03:05:21 --> Session: Class initialized using 'CodeIgniter\Session\Handlers\FileHandler' driver.
INFO - 2024-05-28 03:05:21 --> Session: Class initialized using 'CodeIgniter\Session\Handlers\FileHandler' driver.
>>>>>>> e61733e22b9c5dd151852b130a4a34af9597deab
<<<<<<< HEAD
INFO - 2024-05-28 03:22:54 --> Session: Class initialized using 'CodeIgniter\Session\Handlers\FileHandler' driver.
CRITICAL - 2024-05-28 03:22:54 --> Trying to get property 'fname' of non-object
in APPPATH\Views\admin\admin_page.php on line 49.
 1 APPPATH\Views\admin\admin_page.php(49): CodeIgniter\Debug\Exceptions->errorHandler(8, 'Trying to get property \'fname\' of non-object', 'APPPATH\\Views\\admin\\admin_page.php', 49, [...])
 2 SYSTEMPATH\View\View.php(213): include('APPPATH\\Views\\admin\\admin_page.php')
 3 SYSTEMPATH\View\View.php(216): CodeIgniter\View\View->CodeIgniter\View\{closure}()
 4 SYSTEMPATH\Common.php(1184): CodeIgniter\View\View->render('admin/admin_page', [], true)
 5 APPPATH\Controllers\Admin.php(70): view('admin/admin_page', [...])
 6 SYSTEMPATH\CodeIgniter.php(934): App\Controllers\Admin->mode('cityOff')
 7 SYSTEMPATH\CodeIgniter.php(499): CodeIgniter\CodeIgniter->runController(Object(App\Controllers\Admin))
 8 SYSTEMPATH\CodeIgniter.php(368): CodeIgniter\CodeIgniter->handleRequest(null, Object(Config\Cache), false)
 9 FCPATH\index.php(67): CodeIgniter\CodeIgniter->run()
INFO - 2024-05-28 03:23:46 --> Session: Class initialized using 'CodeIgniter\Session\Handlers\FileHandler' driver.
CRITICAL - 2024-05-28 03:23:46 --> Trying to get property 'fname' of non-object
in APPPATH\Views\admin\admin_page.php on line 49.
 1 APPPATH\Views\admin\admin_page.php(49): CodeIgniter\Debug\Exceptions->errorHandler(8, 'Trying to get property \'fname\' of non-object', 'APPPATH\\Views\\admin\\admin_page.php', 49, [...])
 2 SYSTEMPATH\View\View.php(213): include('APPPATH\\Views\\admin\\admin_page.php')
 3 SYSTEMPATH\View\View.php(216): CodeIgniter\View\View->CodeIgniter\View\{closure}()
 4 SYSTEMPATH\Common.php(1184): CodeIgniter\View\View->render('admin/admin_page', [], true)
 5 APPPATH\Controllers\Admin.php(70): view('admin/admin_page', [...])
 6 SYSTEMPATH\CodeIgniter.php(934): App\Controllers\Admin->mode('cityOff')
 7 SYSTEMPATH\CodeIgniter.php(499): CodeIgniter\CodeIgniter->runController(Object(App\Controllers\Admin))
 8 SYSTEMPATH\CodeIgniter.php(368): CodeIgniter\CodeIgniter->handleRequest(null, Object(Config\Cache), false)
 9 FCPATH\index.php(67): CodeIgniter\CodeIgniter->run()
INFO - 2024-05-28 03:23:47 --> Session: Class initialized using 'CodeIgniter\Session\Handlers\FileHandler' driver.
CRITICAL - 2024-05-28 03:23:47 --> Trying to get property 'fname' of non-object
in APPPATH\Views\admin\admin_page.php on line 49.
 1 APPPATH\Views\admin\admin_page.php(49): CodeIgniter\Debug\Exceptions->errorHandler(8, 'Trying to get property \'fname\' of non-object', 'APPPATH\\Views\\admin\\admin_page.php', 49, [...])
 2 SYSTEMPATH\View\View.php(213): include('APPPATH\\Views\\admin\\admin_page.php')
 3 SYSTEMPATH\View\View.php(216): CodeIgniter\View\View->CodeIgniter\View\{closure}()
 4 SYSTEMPATH\Common.php(1184): CodeIgniter\View\View->render('admin/admin_page', [], true)
 5 APPPATH\Controllers\Admin.php(70): view('admin/admin_page', [...])
 6 SYSTEMPATH\CodeIgniter.php(934): App\Controllers\Admin->mode('cityOff')
 7 SYSTEMPATH\CodeIgniter.php(499): CodeIgniter\CodeIgniter->runController(Object(App\Controllers\Admin))
 8 SYSTEMPATH\CodeIgniter.php(368): CodeIgniter\CodeIgniter->handleRequest(null, Object(Config\Cache), false)
 9 FCPATH\index.php(67): CodeIgniter\CodeIgniter->run()
INFO - 2024-05-28 03:23:54 --> Session: Class initialized using 'CodeIgniter\Session\Handlers\FileHandler' driver.
CRITICAL - 2024-05-28 03:23:54 --> Trying to get property 'fname' of non-object
in APPPATH\Views\admin\admin_page.php on line 49.
 1 APPPATH\Views\admin\admin_page.php(49): CodeIgniter\Debug\Exceptions->errorHandler(8, 'Trying to get property \'fname\' of non-object', 'APPPATH\\Views\\admin\\admin_page.php', 49, [...])
 2 SYSTEMPATH\View\View.php(213): include('APPPATH\\Views\\admin\\admin_page.php')
 3 SYSTEMPATH\View\View.php(216): CodeIgniter\View\View->CodeIgniter\View\{closure}()
 4 SYSTEMPATH\Common.php(1184): CodeIgniter\View\View->render('admin/admin_page', [], true)
 5 APPPATH\Controllers\Admin.php(70): view('admin/admin_page', [...])
 6 SYSTEMPATH\CodeIgniter.php(934): App\Controllers\Admin->mode('dashboard')
 7 SYSTEMPATH\CodeIgniter.php(499): CodeIgniter\CodeIgniter->runController(Object(App\Controllers\Admin))
 8 SYSTEMPATH\CodeIgniter.php(368): CodeIgniter\CodeIgniter->handleRequest(null, Object(Config\Cache), false)
 9 FCPATH\index.php(67): CodeIgniter\CodeIgniter->run()
INFO - 2024-05-28 03:23:59 --> Session: Class initialized using 'CodeIgniter\Session\Handlers\FileHandler' driver.
CRITICAL - 2024-05-28 03:23:59 --> Trying to get property 'fname' of non-object
in APPPATH\Views\admin\admin_page.php on line 49.
 1 APPPATH\Views\admin\admin_page.php(49): CodeIgniter\Debug\Exceptions->errorHandler(8, 'Trying to get property \'fname\' of non-object', 'APPPATH\\Views\\admin\\admin_page.php', 49, [...])
 2 SYSTEMPATH\View\View.php(213): include('APPPATH\\Views\\admin\\admin_page.php')
 3 SYSTEMPATH\View\View.php(216): CodeIgniter\View\View->CodeIgniter\View\{closure}()
 4 SYSTEMPATH\Common.php(1184): CodeIgniter\View\View->render('admin/admin_page', [], true)
 5 APPPATH\Controllers\Admin.php(70): view('admin/admin_page', [...])
 6 SYSTEMPATH\CodeIgniter.php(934): App\Controllers\Admin->mode('dashboard')
 7 SYSTEMPATH\CodeIgniter.php(499): CodeIgniter\CodeIgniter->runController(Object(App\Controllers\Admin))
 8 SYSTEMPATH\CodeIgniter.php(368): CodeIgniter\CodeIgniter->handleRequest(null, Object(Config\Cache), false)
 9 FCPATH\index.php(67): CodeIgniter\CodeIgniter->run()
INFO - 2024-05-28 03:24:22 --> Session: Class initialized using 'CodeIgniter\Session\Handlers\FileHandler' driver.
ERROR - 2024-05-28 03:24:26 --> Error connecting to the database: mysqli_sql_exception: No connection could be made because the target machine actively refused it.
 in C:\xampp_7_4\htdocs\websitebinan\system\Database\MySQLi\Connection.php:174
Stack trace:
#0 C:\xampp_7_4\htdocs\websitebinan\system\Database\MySQLi\Connection.php(174): mysqli->real_connect('localhost', 'root', '', 'websitebinan', 3306, '', 0)
#1 C:\xampp_7_4\htdocs\websitebinan\system\Database\BaseConnection.php(391): CodeIgniter\Database\MySQLi\Connection->connect(false)
#2 C:\xampp_7_4\htdocs\websitebinan\system\Database\BaseConnection.php(573): CodeIgniter\Database\BaseConnection->initialize()
#3 C:\xampp_7_4\htdocs\websitebinan\system\Database\BaseBuilder.php(1616): CodeIgniter\Database\BaseConnection->query('SELECT *\nFROM `...', Array, false)
#4 C:\xampp_7_4\htdocs\websitebinan\system\Model.php(268): CodeIgniter\Database\BaseBuilder->get()
#5 C:\xampp_7_4\htdocs\websitebinan\system\BaseModel.php(656): CodeIgniter\Model->doFirst()
#6 C:\xampp_7_4\htdocs\websitebinan\app\Controllers\Auther.php(69): CodeIgniter\BaseModel->first()
#7 C:\xampp_7_4\htdocs\websitebinan\system\CodeIgniter.php(934): App\Controllers\Auther->ajax('login')
#8 C:\xampp_7_4\htdocs\websitebinan\system\CodeIgniter.php(499): CodeIgniter\CodeIgniter->runController(Object(App\Controllers\Auther))
#9 C:\xampp_7_4\htdocs\websitebinan\system\CodeIgniter.php(368): CodeIgniter\CodeIgniter->handleRequest(NULL, Object(Config\Cache), false)
#10 C:\xampp_7_4\htdocs\websitebinan\public\index.php(67): CodeIgniter\CodeIgniter->run()
#11 {main}

Next CodeIgniter\Database\Exceptions\DatabaseException: No connection could be made because the target machine actively refused it.
 in C:\xampp_7_4\htdocs\websitebinan\system\Database\MySQLi\Connection.php:218
Stack trace:
#0 C:\xampp_7_4\htdocs\websitebinan\system\Database\BaseConnection.php(391): CodeIgniter\Database\MySQLi\Connection->connect(false)
#1 C:\xampp_7_4\htdocs\websitebinan\system\Database\BaseConnection.php(573): CodeIgniter\Database\BaseConnection->initialize()
#2 C:\xampp_7_4\htdocs\websitebinan\system\Database\BaseBuilder.php(1616): CodeIgniter\Database\BaseConnection->query('SELECT *\nFROM `...', Array, false)
#3 C:\xampp_7_4\htdocs\websitebinan\system\Model.php(268): CodeIgniter\Database\BaseBuilder->get()
#4 C:\xampp_7_4\htdocs\websitebinan\system\BaseModel.php(656): CodeIgniter\Model->doFirst()
#5 C:\xampp_7_4\htdocs\websitebinan\app\Controllers\Auther.php(69): CodeIgniter\BaseModel->first()
#6 C:\xampp_7_4\htdocs\websitebinan\system\CodeIgniter.php(934): App\Controllers\Auther->ajax('login')
#7 C:\xampp_7_4\htdocs\websitebinan\system\CodeIgniter.php(499): CodeIgniter\CodeIgniter->runController(Object(App\Controllers\Auther))
#8 C:\xampp_7_4\htdocs\websitebinan\system\CodeIgniter.php(368): CodeIgniter\CodeIgniter->handleRequest(NULL, Object(Config\Cache), false)
#9 C:\xampp_7_4\htdocs\websitebinan\public\index.php(67): CodeIgniter\CodeIgniter->run()
#10 {main}
CRITICAL - 2024-05-28 03:24:26 --> Unable to connect to the database.
Main connection [MySQLi]: No connection could be made because the target machine actively refused it.

in SYSTEMPATH\Database\BaseConnection.php on line 427.
 1 SYSTEMPATH\Database\BaseConnection.php(573): CodeIgniter\Database\BaseConnection->initialize()
 2 SYSTEMPATH\Database\BaseBuilder.php(1616): CodeIgniter\Database\BaseConnection->query('SELECT *
FROM `useradmin`
WHERE `username` = :username:
OR `email` = :email:
 LIMIT 1', [...], false)
 3 SYSTEMPATH\Model.php(268): CodeIgniter\Database\BaseBuilder->get()
 4 SYSTEMPATH\BaseModel.php(656): CodeIgniter\Model->doFirst()
 5 APPPATH\Controllers\Auther.php(69): CodeIgniter\BaseModel->first()
 6 SYSTEMPATH\CodeIgniter.php(934): App\Controllers\Auther->ajax('login')
 7 SYSTEMPATH\CodeIgniter.php(499): CodeIgniter\CodeIgniter->runController(Object(App\Controllers\Auther))
 8 SYSTEMPATH\CodeIgniter.php(368): CodeIgniter\CodeIgniter->handleRequest(null, Object(Config\Cache), false)
 9 FCPATH\index.php(67): CodeIgniter\CodeIgniter->run()
INFO - 2024-05-28 03:24:26 --> Session: Class initialized using 'CodeIgniter\Session\Handlers\FileHandler' driver.
ERROR - 2024-05-28 03:24:30 --> Error connecting to the database: mysqli_sql_exception: No connection could be made because the target machine actively refused it.
 in C:\xampp_7_4\htdocs\websitebinan\system\Database\MySQLi\Connection.php:174
Stack trace:
#0 C:\xampp_7_4\htdocs\websitebinan\system\Database\MySQLi\Connection.php(174): mysqli->real_connect('localhost', 'root', '', 'websitebinan', 3306, '', 0)
#1 C:\xampp_7_4\htdocs\websitebinan\system\Database\BaseConnection.php(391): CodeIgniter\Database\MySQLi\Connection->connect(false)
#2 C:\xampp_7_4\htdocs\websitebinan\system\Database\BaseConnection.php(573): CodeIgniter\Database\BaseConnection->initialize()
#3 C:\xampp_7_4\htdocs\websitebinan\system\Database\BaseBuilder.php(1616): CodeIgniter\Database\BaseConnection->query('SELECT *\nFROM `...', Array, false)
#4 C:\xampp_7_4\htdocs\websitebinan\system\Model.php(268): CodeIgniter\Database\BaseBuilder->get()
#5 C:\xampp_7_4\htdocs\websitebinan\system\BaseModel.php(656): CodeIgniter\Model->doFirst()
#6 C:\xampp_7_4\htdocs\websitebinan\app\Controllers\Auther.php(69): CodeIgniter\BaseModel->first()
#7 C:\xampp_7_4\htdocs\websitebinan\system\CodeIgniter.php(934): App\Controllers\Auther->ajax('login')
#8 C:\xampp_7_4\htdocs\websitebinan\system\CodeIgniter.php(499): CodeIgniter\CodeIgniter->runController(Object(App\Controllers\Auther))
#9 C:\xampp_7_4\htdocs\websitebinan\system\CodeIgniter.php(368): CodeIgniter\CodeIgniter->handleRequest(NULL, Object(Config\Cache), false)
#10 C:\xampp_7_4\htdocs\websitebinan\public\index.php(67): CodeIgniter\CodeIgniter->run()
#11 {main}

Next CodeIgniter\Database\Exceptions\DatabaseException: No connection could be made because the target machine actively refused it.
 in C:\xampp_7_4\htdocs\websitebinan\system\Database\MySQLi\Connection.php:218
Stack trace:
#0 C:\xampp_7_4\htdocs\websitebinan\system\Database\BaseConnection.php(391): CodeIgniter\Database\MySQLi\Connection->connect(false)
#1 C:\xampp_7_4\htdocs\websitebinan\system\Database\BaseConnection.php(573): CodeIgniter\Database\BaseConnection->initialize()
#2 C:\xampp_7_4\htdocs\websitebinan\system\Database\BaseBuilder.php(1616): CodeIgniter\Database\BaseConnection->query('SELECT *\nFROM `...', Array, false)
#3 C:\xampp_7_4\htdocs\websitebinan\system\Model.php(268): CodeIgniter\Database\BaseBuilder->get()
#4 C:\xampp_7_4\htdocs\websitebinan\system\BaseModel.php(656): CodeIgniter\Model->doFirst()
#5 C:\xampp_7_4\htdocs\websitebinan\app\Controllers\Auther.php(69): CodeIgniter\BaseModel->first()
#6 C:\xampp_7_4\htdocs\websitebinan\system\CodeIgniter.php(934): App\Controllers\Auther->ajax('login')
#7 C:\xampp_7_4\htdocs\websitebinan\system\CodeIgniter.php(499): CodeIgniter\CodeIgniter->runController(Object(App\Controllers\Auther))
#8 C:\xampp_7_4\htdocs\websitebinan\system\CodeIgniter.php(368): CodeIgniter\CodeIgniter->handleRequest(NULL, Object(Config\Cache), false)
#9 C:\xampp_7_4\htdocs\websitebinan\public\index.php(67): CodeIgniter\CodeIgniter->run()
#10 {main}
CRITICAL - 2024-05-28 03:24:30 --> Unable to connect to the database.
Main connection [MySQLi]: No connection could be made because the target machine actively refused it.

in SYSTEMPATH\Database\BaseConnection.php on line 427.
 1 SYSTEMPATH\Database\BaseConnection.php(573): CodeIgniter\Database\BaseConnection->initialize()
 2 SYSTEMPATH\Database\BaseBuilder.php(1616): CodeIgniter\Database\BaseConnection->query('SELECT *
FROM `useradmin`
WHERE `username` = :username:
OR `email` = :email:
 LIMIT 1', [...], false)
 3 SYSTEMPATH\Model.php(268): CodeIgniter\Database\BaseBuilder->get()
 4 SYSTEMPATH\BaseModel.php(656): CodeIgniter\Model->doFirst()
 5 APPPATH\Controllers\Auther.php(69): CodeIgniter\BaseModel->first()
 6 SYSTEMPATH\CodeIgniter.php(934): App\Controllers\Auther->ajax('login')
 7 SYSTEMPATH\CodeIgniter.php(499): CodeIgniter\CodeIgniter->runController(Object(App\Controllers\Auther))
 8 SYSTEMPATH\CodeIgniter.php(368): CodeIgniter\CodeIgniter->handleRequest(null, Object(Config\Cache), false)
 9 FCPATH\index.php(67): CodeIgniter\CodeIgniter->run()
INFO - 2024-05-28 03:34:54 --> Session: Class initialized using 'CodeIgniter\Session\Handlers\FileHandler' driver.
ERROR - 2024-05-28 03:34:58 --> Error connecting to the database: mysqli_sql_exception: No connection could be made because the target machine actively refused it.
 in C:\xampp_7_4\htdocs\websitebinan\system\Database\MySQLi\Connection.php:174
Stack trace:
#0 C:\xampp_7_4\htdocs\websitebinan\system\Database\MySQLi\Connection.php(174): mysqli->real_connect('localhost', 'root', '', 'websitebinan', 3306, '', 0)
#1 C:\xampp_7_4\htdocs\websitebinan\system\Database\BaseConnection.php(391): CodeIgniter\Database\MySQLi\Connection->connect(false)
#2 C:\xampp_7_4\htdocs\websitebinan\system\Database\BaseConnection.php(573): CodeIgniter\Database\BaseConnection->initialize()
#3 C:\xampp_7_4\htdocs\websitebinan\system\Database\BaseBuilder.php(1616): CodeIgniter\Database\BaseConnection->query('SELECT *\nFROM `...', Array, false)
#4 C:\xampp_7_4\htdocs\websitebinan\system\Model.php(268): CodeIgniter\Database\BaseBuilder->get()
#5 C:\xampp_7_4\htdocs\websitebinan\system\BaseModel.php(656): CodeIgniter\Model->doFirst()
#6 C:\xampp_7_4\htdocs\websitebinan\app\Controllers\Auther.php(69): CodeIgniter\BaseModel->first()
#7 C:\xampp_7_4\htdocs\websitebinan\system\CodeIgniter.php(934): App\Controllers\Auther->ajax('login')
#8 C:\xampp_7_4\htdocs\websitebinan\system\CodeIgniter.php(499): CodeIgniter\CodeIgniter->runController(Object(App\Controllers\Auther))
#9 C:\xampp_7_4\htdocs\websitebinan\system\CodeIgniter.php(368): CodeIgniter\CodeIgniter->handleRequest(NULL, Object(Config\Cache), false)
#10 C:\xampp_7_4\htdocs\websitebinan\public\index.php(67): CodeIgniter\CodeIgniter->run()
#11 {main}

Next CodeIgniter\Database\Exceptions\DatabaseException: No connection could be made because the target machine actively refused it.
 in C:\xampp_7_4\htdocs\websitebinan\system\Database\MySQLi\Connection.php:218
Stack trace:
#0 C:\xampp_7_4\htdocs\websitebinan\system\Database\BaseConnection.php(391): CodeIgniter\Database\MySQLi\Connection->connect(false)
#1 C:\xampp_7_4\htdocs\websitebinan\system\Database\BaseConnection.php(573): CodeIgniter\Database\BaseConnection->initialize()
#2 C:\xampp_7_4\htdocs\websitebinan\system\Database\BaseBuilder.php(1616): CodeIgniter\Database\BaseConnection->query('SELECT *\nFROM `...', Array, false)
#3 C:\xampp_7_4\htdocs\websitebinan\system\Model.php(268): CodeIgniter\Database\BaseBuilder->get()
#4 C:\xampp_7_4\htdocs\websitebinan\system\BaseModel.php(656): CodeIgniter\Model->doFirst()
#5 C:\xampp_7_4\htdocs\websitebinan\app\Controllers\Auther.php(69): CodeIgniter\BaseModel->first()
#6 C:\xampp_7_4\htdocs\websitebinan\system\CodeIgniter.php(934): App\Controllers\Auther->ajax('login')
#7 C:\xampp_7_4\htdocs\websitebinan\system\CodeIgniter.php(499): CodeIgniter\CodeIgniter->runController(Object(App\Controllers\Auther))
#8 C:\xampp_7_4\htdocs\websitebinan\system\CodeIgniter.php(368): CodeIgniter\CodeIgniter->handleRequest(NULL, Object(Config\Cache), false)
#9 C:\xampp_7_4\htdocs\websitebinan\public\index.php(67): CodeIgniter\CodeIgniter->run()
#10 {main}
CRITICAL - 2024-05-28 03:34:58 --> Unable to connect to the database.
Main connection [MySQLi]: No connection could be made because the target machine actively refused it.

in SYSTEMPATH\Database\BaseConnection.php on line 427.
 1 SYSTEMPATH\Database\BaseConnection.php(573): CodeIgniter\Database\BaseConnection->initialize()
 2 SYSTEMPATH\Database\BaseBuilder.php(1616): CodeIgniter\Database\BaseConnection->query('SELECT *
FROM `useradmin`
WHERE `username` = :username:
OR `email` = :email:
 LIMIT 1', [...], false)
 3 SYSTEMPATH\Model.php(268): CodeIgniter\Database\BaseBuilder->get()
 4 SYSTEMPATH\BaseModel.php(656): CodeIgniter\Model->doFirst()
 5 APPPATH\Controllers\Auther.php(69): CodeIgniter\BaseModel->first()
 6 SYSTEMPATH\CodeIgniter.php(934): App\Controllers\Auther->ajax('login')
 7 SYSTEMPATH\CodeIgniter.php(499): CodeIgniter\CodeIgniter->runController(Object(App\Controllers\Auther))
 8 SYSTEMPATH\CodeIgniter.php(368): CodeIgniter\CodeIgniter->handleRequest(null, Object(Config\Cache), false)
 9 FCPATH\index.php(67): CodeIgniter\CodeIgniter->run()
INFO - 2024-05-28 03:35:12 --> Session: Class initialized using 'CodeIgniter\Session\Handlers\FileHandler' driver.
ERROR - 2024-05-28 03:35:16 --> Error connecting to the database: mysqli_sql_exception: No connection could be made because the target machine actively refused it.
 in C:\xampp_7_4\htdocs\websitebinan\system\Database\MySQLi\Connection.php:174
Stack trace:
#0 C:\xampp_7_4\htdocs\websitebinan\system\Database\MySQLi\Connection.php(174): mysqli->real_connect('localhost', 'root', '', 'websitebinan', 3306, '', 0)
#1 C:\xampp_7_4\htdocs\websitebinan\system\Database\BaseConnection.php(391): CodeIgniter\Database\MySQLi\Connection->connect(false)
#2 C:\xampp_7_4\htdocs\websitebinan\system\Database\BaseConnection.php(573): CodeIgniter\Database\BaseConnection->initialize()
#3 C:\xampp_7_4\htdocs\websitebinan\system\Database\BaseBuilder.php(1616): CodeIgniter\Database\BaseConnection->query('SELECT *\nFROM `...', Array, false)
#4 C:\xampp_7_4\htdocs\websitebinan\system\Model.php(268): CodeIgniter\Database\BaseBuilder->get()
#5 C:\xampp_7_4\htdocs\websitebinan\system\BaseModel.php(656): CodeIgniter\Model->doFirst()
#6 C:\xampp_7_4\htdocs\websitebinan\app\Controllers\Auther.php(69): CodeIgniter\BaseModel->first()
#7 C:\xampp_7_4\htdocs\websitebinan\system\CodeIgniter.php(934): App\Controllers\Auther->ajax('login')
#8 C:\xampp_7_4\htdocs\websitebinan\system\CodeIgniter.php(499): CodeIgniter\CodeIgniter->runController(Object(App\Controllers\Auther))
#9 C:\xampp_7_4\htdocs\websitebinan\system\CodeIgniter.php(368): CodeIgniter\CodeIgniter->handleRequest(NULL, Object(Config\Cache), false)
#10 C:\xampp_7_4\htdocs\websitebinan\public\index.php(67): CodeIgniter\CodeIgniter->run()
#11 {main}

Next CodeIgniter\Database\Exceptions\DatabaseException: No connection could be made because the target machine actively refused it.
 in C:\xampp_7_4\htdocs\websitebinan\system\Database\MySQLi\Connection.php:218
Stack trace:
#0 C:\xampp_7_4\htdocs\websitebinan\system\Database\BaseConnection.php(391): CodeIgniter\Database\MySQLi\Connection->connect(false)
#1 C:\xampp_7_4\htdocs\websitebinan\system\Database\BaseConnection.php(573): CodeIgniter\Database\BaseConnection->initialize()
#2 C:\xampp_7_4\htdocs\websitebinan\system\Database\BaseBuilder.php(1616): CodeIgniter\Database\BaseConnection->query('SELECT *\nFROM `...', Array, false)
#3 C:\xampp_7_4\htdocs\websitebinan\system\Model.php(268): CodeIgniter\Database\BaseBuilder->get()
#4 C:\xampp_7_4\htdocs\websitebinan\system\BaseModel.php(656): CodeIgniter\Model->doFirst()
#5 C:\xampp_7_4\htdocs\websitebinan\app\Controllers\Auther.php(69): CodeIgniter\BaseModel->first()
#6 C:\xampp_7_4\htdocs\websitebinan\system\CodeIgniter.php(934): App\Controllers\Auther->ajax('login')
#7 C:\xampp_7_4\htdocs\websitebinan\system\CodeIgniter.php(499): CodeIgniter\CodeIgniter->runController(Object(App\Controllers\Auther))
#8 C:\xampp_7_4\htdocs\websitebinan\system\CodeIgniter.php(368): CodeIgniter\CodeIgniter->handleRequest(NULL, Object(Config\Cache), false)
#9 C:\xampp_7_4\htdocs\websitebinan\public\index.php(67): CodeIgniter\CodeIgniter->run()
#10 {main}
CRITICAL - 2024-05-28 03:35:16 --> Unable to connect to the database.
Main connection [MySQLi]: No connection could be made because the target machine actively refused it.

in SYSTEMPATH\Database\BaseConnection.php on line 427.
 1 SYSTEMPATH\Database\BaseConnection.php(573): CodeIgniter\Database\BaseConnection->initialize()
 2 SYSTEMPATH\Database\BaseBuilder.php(1616): CodeIgniter\Database\BaseConnection->query('SELECT *
FROM `useradmin`
WHERE `username` = :username:
OR `email` = :email:
 LIMIT 1', [...], false)
 3 SYSTEMPATH\Model.php(268): CodeIgniter\Database\BaseBuilder->get()
 4 SYSTEMPATH\BaseModel.php(656): CodeIgniter\Model->doFirst()
 5 APPPATH\Controllers\Auther.php(69): CodeIgniter\BaseModel->first()
 6 SYSTEMPATH\CodeIgniter.php(934): App\Controllers\Auther->ajax('login')
 7 SYSTEMPATH\CodeIgniter.php(499): CodeIgniter\CodeIgniter->runController(Object(App\Controllers\Auther))
 8 SYSTEMPATH\CodeIgniter.php(368): CodeIgniter\CodeIgniter->handleRequest(null, Object(Config\Cache), false)
 9 FCPATH\index.php(67): CodeIgniter\CodeIgniter->run()
INFO - 2024-05-28 03:39:20 --> Session: Class initialized using 'CodeIgniter\Session\Handlers\FileHandler' driver.
ERROR - 2024-05-28 03:39:24 --> Error connecting to the database: mysqli_sql_exception: No connection could be made because the target machine actively refused it.
 in C:\xampp_7_4\htdocs\websitebinan\system\Database\MySQLi\Connection.php:174
Stack trace:
#0 C:\xampp_7_4\htdocs\websitebinan\system\Database\MySQLi\Connection.php(174): mysqli->real_connect('localhost', 'root', '', 'websitebinan', 3306, '', 0)
#1 C:\xampp_7_4\htdocs\websitebinan\system\Database\BaseConnection.php(391): CodeIgniter\Database\MySQLi\Connection->connect(false)
#2 C:\xampp_7_4\htdocs\websitebinan\system\Database\BaseConnection.php(573): CodeIgniter\Database\BaseConnection->initialize()
#3 C:\xampp_7_4\htdocs\websitebinan\system\Database\BaseBuilder.php(1616): CodeIgniter\Database\BaseConnection->query('SELECT *\nFROM `...', Array, false)
#4 C:\xampp_7_4\htdocs\websitebinan\system\Model.php(268): CodeIgniter\Database\BaseBuilder->get()
#5 C:\xampp_7_4\htdocs\websitebinan\system\BaseModel.php(656): CodeIgniter\Model->doFirst()
#6 C:\xampp_7_4\htdocs\websitebinan\app\Controllers\Auther.php(69): CodeIgniter\BaseModel->first()
#7 C:\xampp_7_4\htdocs\websitebinan\system\CodeIgniter.php(934): App\Controllers\Auther->ajax('login')
#8 C:\xampp_7_4\htdocs\websitebinan\system\CodeIgniter.php(499): CodeIgniter\CodeIgniter->runController(Object(App\Controllers\Auther))
#9 C:\xampp_7_4\htdocs\websitebinan\system\CodeIgniter.php(368): CodeIgniter\CodeIgniter->handleRequest(NULL, Object(Config\Cache), false)
#10 C:\xampp_7_4\htdocs\websitebinan\public\index.php(67): CodeIgniter\CodeIgniter->run()
#11 {main}

Next CodeIgniter\Database\Exceptions\DatabaseException: No connection could be made because the target machine actively refused it.
 in C:\xampp_7_4\htdocs\websitebinan\system\Database\MySQLi\Connection.php:218
Stack trace:
#0 C:\xampp_7_4\htdocs\websitebinan\system\Database\BaseConnection.php(391): CodeIgniter\Database\MySQLi\Connection->connect(false)
#1 C:\xampp_7_4\htdocs\websitebinan\system\Database\BaseConnection.php(573): CodeIgniter\Database\BaseConnection->initialize()
#2 C:\xampp_7_4\htdocs\websitebinan\system\Database\BaseBuilder.php(1616): CodeIgniter\Database\BaseConnection->query('SELECT *\nFROM `...', Array, false)
#3 C:\xampp_7_4\htdocs\websitebinan\system\Model.php(268): CodeIgniter\Database\BaseBuilder->get()
#4 C:\xampp_7_4\htdocs\websitebinan\system\BaseModel.php(656): CodeIgniter\Model->doFirst()
#5 C:\xampp_7_4\htdocs\websitebinan\app\Controllers\Auther.php(69): CodeIgniter\BaseModel->first()
#6 C:\xampp_7_4\htdocs\websitebinan\system\CodeIgniter.php(934): App\Controllers\Auther->ajax('login')
#7 C:\xampp_7_4\htdocs\websitebinan\system\CodeIgniter.php(499): CodeIgniter\CodeIgniter->runController(Object(App\Controllers\Auther))
#8 C:\xampp_7_4\htdocs\websitebinan\system\CodeIgniter.php(368): CodeIgniter\CodeIgniter->handleRequest(NULL, Object(Config\Cache), false)
#9 C:\xampp_7_4\htdocs\websitebinan\public\index.php(67): CodeIgniter\CodeIgniter->run()
#10 {main}
CRITICAL - 2024-05-28 03:39:24 --> Unable to connect to the database.
Main connection [MySQLi]: No connection could be made because the target machine actively refused it.

in SYSTEMPATH\Database\BaseConnection.php on line 427.
 1 SYSTEMPATH\Database\BaseConnection.php(573): CodeIgniter\Database\BaseConnection->initialize()
 2 SYSTEMPATH\Database\BaseBuilder.php(1616): CodeIgniter\Database\BaseConnection->query('SELECT *
FROM `useradmin`
WHERE `username` = :username:
OR `email` = :email:
 LIMIT 1', [...], false)
 3 SYSTEMPATH\Model.php(268): CodeIgniter\Database\BaseBuilder->get()
 4 SYSTEMPATH\BaseModel.php(656): CodeIgniter\Model->doFirst()
 5 APPPATH\Controllers\Auther.php(69): CodeIgniter\BaseModel->first()
 6 SYSTEMPATH\CodeIgniter.php(934): App\Controllers\Auther->ajax('login')
 7 SYSTEMPATH\CodeIgniter.php(499): CodeIgniter\CodeIgniter->runController(Object(App\Controllers\Auther))
 8 SYSTEMPATH\CodeIgniter.php(368): CodeIgniter\CodeIgniter->handleRequest(null, Object(Config\Cache), false)
 9 FCPATH\index.php(67): CodeIgniter\CodeIgniter->run()
INFO - 2024-05-28 04:50:13 --> Session: Class initialized using 'CodeIgniter\Session\Handlers\FileHandler' driver.
ERROR - 2024-05-28 04:50:17 --> Error connecting to the database: mysqli_sql_exception: No connection could be made because the target machine actively refused it.
 in C:\xampp_7_4\htdocs\websitebinan\system\Database\MySQLi\Connection.php:174
Stack trace:
#0 C:\xampp_7_4\htdocs\websitebinan\system\Database\MySQLi\Connection.php(174): mysqli->real_connect('localhost', 'root', '', 'websitebinan', 3306, '', 0)
#1 C:\xampp_7_4\htdocs\websitebinan\system\Database\BaseConnection.php(391): CodeIgniter\Database\MySQLi\Connection->connect(false)
#2 C:\xampp_7_4\htdocs\websitebinan\system\Database\BaseConnection.php(573): CodeIgniter\Database\BaseConnection->initialize()
#3 C:\xampp_7_4\htdocs\websitebinan\system\Database\BaseBuilder.php(1616): CodeIgniter\Database\BaseConnection->query('SELECT *\nFROM `...', Array, false)
#4 C:\xampp_7_4\htdocs\websitebinan\system\Model.php(268): CodeIgniter\Database\BaseBuilder->get()
#5 C:\xampp_7_4\htdocs\websitebinan\system\BaseModel.php(656): CodeIgniter\Model->doFirst()
#6 C:\xampp_7_4\htdocs\websitebinan\app\Controllers\Auther.php(69): CodeIgniter\BaseModel->first()
#7 C:\xampp_7_4\htdocs\websitebinan\system\CodeIgniter.php(934): App\Controllers\Auther->ajax('login')
#8 C:\xampp_7_4\htdocs\websitebinan\system\CodeIgniter.php(499): CodeIgniter\CodeIgniter->runController(Object(App\Controllers\Auther))
#9 C:\xampp_7_4\htdocs\websitebinan\system\CodeIgniter.php(368): CodeIgniter\CodeIgniter->handleRequest(NULL, Object(Config\Cache), false)
#10 C:\xampp_7_4\htdocs\websitebinan\public\index.php(67): CodeIgniter\CodeIgniter->run()
#11 {main}

Next CodeIgniter\Database\Exceptions\DatabaseException: No connection could be made because the target machine actively refused it.
 in C:\xampp_7_4\htdocs\websitebinan\system\Database\MySQLi\Connection.php:218
Stack trace:
#0 C:\xampp_7_4\htdocs\websitebinan\system\Database\BaseConnection.php(391): CodeIgniter\Database\MySQLi\Connection->connect(false)
#1 C:\xampp_7_4\htdocs\websitebinan\system\Database\BaseConnection.php(573): CodeIgniter\Database\BaseConnection->initialize()
#2 C:\xampp_7_4\htdocs\websitebinan\system\Database\BaseBuilder.php(1616): CodeIgniter\Database\BaseConnection->query('SELECT *\nFROM `...', Array, false)
#3 C:\xampp_7_4\htdocs\websitebinan\system\Model.php(268): CodeIgniter\Database\BaseBuilder->get()
#4 C:\xampp_7_4\htdocs\websitebinan\system\BaseModel.php(656): CodeIgniter\Model->doFirst()
#5 C:\xampp_7_4\htdocs\websitebinan\app\Controllers\Auther.php(69): CodeIgniter\BaseModel->first()
#6 C:\xampp_7_4\htdocs\websitebinan\system\CodeIgniter.php(934): App\Controllers\Auther->ajax('login')
#7 C:\xampp_7_4\htdocs\websitebinan\system\CodeIgniter.php(499): CodeIgniter\CodeIgniter->runController(Object(App\Controllers\Auther))
#8 C:\xampp_7_4\htdocs\websitebinan\system\CodeIgniter.php(368): CodeIgniter\CodeIgniter->handleRequest(NULL, Object(Config\Cache), false)
#9 C:\xampp_7_4\htdocs\websitebinan\public\index.php(67): CodeIgniter\CodeIgniter->run()
#10 {main}
CRITICAL - 2024-05-28 04:50:17 --> Unable to connect to the database.
Main connection [MySQLi]: No connection could be made because the target machine actively refused it.

in SYSTEMPATH\Database\BaseConnection.php on line 427.
 1 SYSTEMPATH\Database\BaseConnection.php(573): CodeIgniter\Database\BaseConnection->initialize()
 2 SYSTEMPATH\Database\BaseBuilder.php(1616): CodeIgniter\Database\BaseConnection->query('SELECT *
FROM `useradmin`
WHERE `username` = :username:
OR `email` = :email:
 LIMIT 1', [...], false)
 3 SYSTEMPATH\Model.php(268): CodeIgniter\Database\BaseBuilder->get()
 4 SYSTEMPATH\BaseModel.php(656): CodeIgniter\Model->doFirst()
 5 APPPATH\Controllers\Auther.php(69): CodeIgniter\BaseModel->first()
 6 SYSTEMPATH\CodeIgniter.php(934): App\Controllers\Auther->ajax('login')
 7 SYSTEMPATH\CodeIgniter.php(499): CodeIgniter\CodeIgniter->runController(Object(App\Controllers\Auther))
 8 SYSTEMPATH\CodeIgniter.php(368): CodeIgniter\CodeIgniter->handleRequest(null, Object(Config\Cache), false)
 9 FCPATH\index.php(67): CodeIgniter\CodeIgniter->run()
INFO - 2024-05-28 04:50:17 --> Session: Class initialized using 'CodeIgniter\Session\Handlers\FileHandler' driver.
ERROR - 2024-05-28 04:50:22 --> Error connecting to the database: mysqli_sql_exception: No connection could be made because the target machine actively refused it.
 in C:\xampp_7_4\htdocs\websitebinan\system\Database\MySQLi\Connection.php:174
Stack trace:
#0 C:\xampp_7_4\htdocs\websitebinan\system\Database\MySQLi\Connection.php(174): mysqli->real_connect('localhost', 'root', '', 'websitebinan', 3306, '', 0)
#1 C:\xampp_7_4\htdocs\websitebinan\system\Database\BaseConnection.php(391): CodeIgniter\Database\MySQLi\Connection->connect(false)
#2 C:\xampp_7_4\htdocs\websitebinan\system\Database\BaseConnection.php(573): CodeIgniter\Database\BaseConnection->initialize()
#3 C:\xampp_7_4\htdocs\websitebinan\system\Database\BaseBuilder.php(1616): CodeIgniter\Database\BaseConnection->query('SELECT *\nFROM `...', Array, false)
#4 C:\xampp_7_4\htdocs\websitebinan\system\Model.php(268): CodeIgniter\Database\BaseBuilder->get()
#5 C:\xampp_7_4\htdocs\websitebinan\system\BaseModel.php(656): CodeIgniter\Model->doFirst()
#6 C:\xampp_7_4\htdocs\websitebinan\app\Controllers\Auther.php(69): CodeIgniter\BaseModel->first()
#7 C:\xampp_7_4\htdocs\websitebinan\system\CodeIgniter.php(934): App\Controllers\Auther->ajax('login')
#8 C:\xampp_7_4\htdocs\websitebinan\system\CodeIgniter.php(499): CodeIgniter\CodeIgniter->runController(Object(App\Controllers\Auther))
#9 C:\xampp_7_4\htdocs\websitebinan\system\CodeIgniter.php(368): CodeIgniter\CodeIgniter->handleRequest(NULL, Object(Config\Cache), false)
#10 C:\xampp_7_4\htdocs\websitebinan\public\index.php(67): CodeIgniter\CodeIgniter->run()
#11 {main}

Next CodeIgniter\Database\Exceptions\DatabaseException: No connection could be made because the target machine actively refused it.
 in C:\xampp_7_4\htdocs\websitebinan\system\Database\MySQLi\Connection.php:218
Stack trace:
#0 C:\xampp_7_4\htdocs\websitebinan\system\Database\BaseConnection.php(391): CodeIgniter\Database\MySQLi\Connection->connect(false)
#1 C:\xampp_7_4\htdocs\websitebinan\system\Database\BaseConnection.php(573): CodeIgniter\Database\BaseConnection->initialize()
#2 C:\xampp_7_4\htdocs\websitebinan\system\Database\BaseBuilder.php(1616): CodeIgniter\Database\BaseConnection->query('SELECT *\nFROM `...', Array, false)
#3 C:\xampp_7_4\htdocs\websitebinan\system\Model.php(268): CodeIgniter\Database\BaseBuilder->get()
#4 C:\xampp_7_4\htdocs\websitebinan\system\BaseModel.php(656): CodeIgniter\Model->doFirst()
#5 C:\xampp_7_4\htdocs\websitebinan\app\Controllers\Auther.php(69): CodeIgniter\BaseModel->first()
#6 C:\xampp_7_4\htdocs\websitebinan\system\CodeIgniter.php(934): App\Controllers\Auther->ajax('login')
#7 C:\xampp_7_4\htdocs\websitebinan\system\CodeIgniter.php(499): CodeIgniter\CodeIgniter->runController(Object(App\Controllers\Auther))
#8 C:\xampp_7_4\htdocs\websitebinan\system\CodeIgniter.php(368): CodeIgniter\CodeIgniter->handleRequest(NULL, Object(Config\Cache), false)
#9 C:\xampp_7_4\htdocs\websitebinan\public\index.php(67): CodeIgniter\CodeIgniter->run()
#10 {main}
CRITICAL - 2024-05-28 04:50:22 --> Unable to connect to the database.
Main connection [MySQLi]: No connection could be made because the target machine actively refused it.

in SYSTEMPATH\Database\BaseConnection.php on line 427.
 1 SYSTEMPATH\Database\BaseConnection.php(573): CodeIgniter\Database\BaseConnection->initialize()
 2 SYSTEMPATH\Database\BaseBuilder.php(1616): CodeIgniter\Database\BaseConnection->query('SELECT *
FROM `useradmin`
WHERE `username` = :username:
OR `email` = :email:
 LIMIT 1', [...], false)
 3 SYSTEMPATH\Model.php(268): CodeIgniter\Database\BaseBuilder->get()
 4 SYSTEMPATH\BaseModel.php(656): CodeIgniter\Model->doFirst()
 5 APPPATH\Controllers\Auther.php(69): CodeIgniter\BaseModel->first()
 6 SYSTEMPATH\CodeIgniter.php(934): App\Controllers\Auther->ajax('login')
 7 SYSTEMPATH\CodeIgniter.php(499): CodeIgniter\CodeIgniter->runController(Object(App\Controllers\Auther))
 8 SYSTEMPATH\CodeIgniter.php(368): CodeIgniter\CodeIgniter->handleRequest(null, Object(Config\Cache), false)
 9 FCPATH\index.php(67): CodeIgniter\CodeIgniter->run()
INFO - 2024-05-28 04:50:45 --> Session: Class initialized using 'CodeIgniter\Session\Handlers\FileHandler' driver.
ERROR - 2024-05-28 04:50:49 --> Error connecting to the database: mysqli_sql_exception: No connection could be made because the target machine actively refused it.
 in C:\xampp_7_4\htdocs\websitebinan\system\Database\MySQLi\Connection.php:174
Stack trace:
#0 C:\xampp_7_4\htdocs\websitebinan\system\Database\MySQLi\Connection.php(174): mysqli->real_connect('localhost', 'root', '', 'websitebinan', 3306, '', 0)
#1 C:\xampp_7_4\htdocs\websitebinan\system\Database\BaseConnection.php(391): CodeIgniter\Database\MySQLi\Connection->connect(false)
#2 C:\xampp_7_4\htdocs\websitebinan\system\Database\BaseConnection.php(573): CodeIgniter\Database\BaseConnection->initialize()
#3 C:\xampp_7_4\htdocs\websitebinan\system\Database\BaseBuilder.php(1616): CodeIgniter\Database\BaseConnection->query('SELECT *\nFROM `...', Array, false)
#4 C:\xampp_7_4\htdocs\websitebinan\system\Model.php(268): CodeIgniter\Database\BaseBuilder->get()
#5 C:\xampp_7_4\htdocs\websitebinan\system\BaseModel.php(656): CodeIgniter\Model->doFirst()
#6 C:\xampp_7_4\htdocs\websitebinan\app\Controllers\Auther.php(69): CodeIgniter\BaseModel->first()
#7 C:\xampp_7_4\htdocs\websitebinan\system\CodeIgniter.php(934): App\Controllers\Auther->ajax('login')
#8 C:\xampp_7_4\htdocs\websitebinan\system\CodeIgniter.php(499): CodeIgniter\CodeIgniter->runController(Object(App\Controllers\Auther))
#9 C:\xampp_7_4\htdocs\websitebinan\system\CodeIgniter.php(368): CodeIgniter\CodeIgniter->handleRequest(NULL, Object(Config\Cache), false)
#10 C:\xampp_7_4\htdocs\websitebinan\public\index.php(67): CodeIgniter\CodeIgniter->run()
#11 {main}

Next CodeIgniter\Database\Exceptions\DatabaseException: No connection could be made because the target machine actively refused it.
 in C:\xampp_7_4\htdocs\websitebinan\system\Database\MySQLi\Connection.php:218
Stack trace:
#0 C:\xampp_7_4\htdocs\websitebinan\system\Database\BaseConnection.php(391): CodeIgniter\Database\MySQLi\Connection->connect(false)
#1 C:\xampp_7_4\htdocs\websitebinan\system\Database\BaseConnection.php(573): CodeIgniter\Database\BaseConnection->initialize()
#2 C:\xampp_7_4\htdocs\websitebinan\system\Database\BaseBuilder.php(1616): CodeIgniter\Database\BaseConnection->query('SELECT *\nFROM `...', Array, false)
#3 C:\xampp_7_4\htdocs\websitebinan\system\Model.php(268): CodeIgniter\Database\BaseBuilder->get()
#4 C:\xampp_7_4\htdocs\websitebinan\system\BaseModel.php(656): CodeIgniter\Model->doFirst()
#5 C:\xampp_7_4\htdocs\websitebinan\app\Controllers\Auther.php(69): CodeIgniter\BaseModel->first()
#6 C:\xampp_7_4\htdocs\websitebinan\system\CodeIgniter.php(934): App\Controllers\Auther->ajax('login')
#7 C:\xampp_7_4\htdocs\websitebinan\system\CodeIgniter.php(499): CodeIgniter\CodeIgniter->runController(Object(App\Controllers\Auther))
#8 C:\xampp_7_4\htdocs\websitebinan\system\CodeIgniter.php(368): CodeIgniter\CodeIgniter->handleRequest(NULL, Object(Config\Cache), false)
#9 C:\xampp_7_4\htdocs\websitebinan\public\index.php(67): CodeIgniter\CodeIgniter->run()
#10 {main}
CRITICAL - 2024-05-28 04:50:49 --> Unable to connect to the database.
Main connection [MySQLi]: No connection could be made because the target machine actively refused it.

in SYSTEMPATH\Database\BaseConnection.php on line 427.
 1 SYSTEMPATH\Database\BaseConnection.php(573): CodeIgniter\Database\BaseConnection->initialize()
 2 SYSTEMPATH\Database\BaseBuilder.php(1616): CodeIgniter\Database\BaseConnection->query('SELECT *
FROM `useradmin`
WHERE `username` = :username:
OR `email` = :email:
 LIMIT 1', [...], false)
 3 SYSTEMPATH\Model.php(268): CodeIgniter\Database\BaseBuilder->get()
 4 SYSTEMPATH\BaseModel.php(656): CodeIgniter\Model->doFirst()
 5 APPPATH\Controllers\Auther.php(69): CodeIgniter\BaseModel->first()
 6 SYSTEMPATH\CodeIgniter.php(934): App\Controllers\Auther->ajax('login')
 7 SYSTEMPATH\CodeIgniter.php(499): CodeIgniter\CodeIgniter->runController(Object(App\Controllers\Auther))
 8 SYSTEMPATH\CodeIgniter.php(368): CodeIgniter\CodeIgniter->handleRequest(null, Object(Config\Cache), false)
 9 FCPATH\index.php(67): CodeIgniter\CodeIgniter->run()
INFO - 2024-05-28 04:51:16 --> Session: Class initialized using 'CodeIgniter\Session\Handlers\FileHandler' driver.
ERROR - 2024-05-28 04:51:20 --> Error connecting to the database: mysqli_sql_exception: No connection could be made because the target machine actively refused it.
 in C:\xampp_7_4\htdocs\websitebinan\system\Database\MySQLi\Connection.php:174
Stack trace:
#0 C:\xampp_7_4\htdocs\websitebinan\system\Database\MySQLi\Connection.php(174): mysqli->real_connect('localhost', 'root', '', 'websitebinan', 3306, '', 0)
#1 C:\xampp_7_4\htdocs\websitebinan\system\Database\BaseConnection.php(391): CodeIgniter\Database\MySQLi\Connection->connect(false)
#2 C:\xampp_7_4\htdocs\websitebinan\system\Database\BaseConnection.php(573): CodeIgniter\Database\BaseConnection->initialize()
#3 C:\xampp_7_4\htdocs\websitebinan\system\Database\BaseBuilder.php(1616): CodeIgniter\Database\BaseConnection->query('SELECT *\nFROM `...', Array, false)
#4 C:\xampp_7_4\htdocs\websitebinan\system\Model.php(268): CodeIgniter\Database\BaseBuilder->get()
#5 C:\xampp_7_4\htdocs\websitebinan\system\BaseModel.php(656): CodeIgniter\Model->doFirst()
#6 C:\xampp_7_4\htdocs\websitebinan\app\Controllers\Auther.php(69): CodeIgniter\BaseModel->first()
#7 C:\xampp_7_4\htdocs\websitebinan\system\CodeIgniter.php(934): App\Controllers\Auther->ajax('login')
#8 C:\xampp_7_4\htdocs\websitebinan\system\CodeIgniter.php(499): CodeIgniter\CodeIgniter->runController(Object(App\Controllers\Auther))
#9 C:\xampp_7_4\htdocs\websitebinan\system\CodeIgniter.php(368): CodeIgniter\CodeIgniter->handleRequest(NULL, Object(Config\Cache), false)
#10 C:\xampp_7_4\htdocs\websitebinan\public\index.php(67): CodeIgniter\CodeIgniter->run()
#11 {main}

Next CodeIgniter\Database\Exceptions\DatabaseException: No connection could be made because the target machine actively refused it.
 in C:\xampp_7_4\htdocs\websitebinan\system\Database\MySQLi\Connection.php:218
Stack trace:
#0 C:\xampp_7_4\htdocs\websitebinan\system\Database\BaseConnection.php(391): CodeIgniter\Database\MySQLi\Connection->connect(false)
#1 C:\xampp_7_4\htdocs\websitebinan\system\Database\BaseConnection.php(573): CodeIgniter\Database\BaseConnection->initialize()
#2 C:\xampp_7_4\htdocs\websitebinan\system\Database\BaseBuilder.php(1616): CodeIgniter\Database\BaseConnection->query('SELECT *\nFROM `...', Array, false)
#3 C:\xampp_7_4\htdocs\websitebinan\system\Model.php(268): CodeIgniter\Database\BaseBuilder->get()
#4 C:\xampp_7_4\htdocs\websitebinan\system\BaseModel.php(656): CodeIgniter\Model->doFirst()
#5 C:\xampp_7_4\htdocs\websitebinan\app\Controllers\Auther.php(69): CodeIgniter\BaseModel->first()
#6 C:\xampp_7_4\htdocs\websitebinan\system\CodeIgniter.php(934): App\Controllers\Auther->ajax('login')
#7 C:\xampp_7_4\htdocs\websitebinan\system\CodeIgniter.php(499): CodeIgniter\CodeIgniter->runController(Object(App\Controllers\Auther))
#8 C:\xampp_7_4\htdocs\websitebinan\system\CodeIgniter.php(368): CodeIgniter\CodeIgniter->handleRequest(NULL, Object(Config\Cache), false)
#9 C:\xampp_7_4\htdocs\websitebinan\public\index.php(67): CodeIgniter\CodeIgniter->run()
#10 {main}
CRITICAL - 2024-05-28 04:51:20 --> Unable to connect to the database.
Main connection [MySQLi]: No connection could be made because the target machine actively refused it.

in SYSTEMPATH\Database\BaseConnection.php on line 427.
 1 SYSTEMPATH\Database\BaseConnection.php(573): CodeIgniter\Database\BaseConnection->initialize()
 2 SYSTEMPATH\Database\BaseBuilder.php(1616): CodeIgniter\Database\BaseConnection->query('SELECT *
FROM `useradmin`
WHERE `username` = :username:
OR `email` = :email:
 LIMIT 1', [...], false)
 3 SYSTEMPATH\Model.php(268): CodeIgniter\Database\BaseBuilder->get()
 4 SYSTEMPATH\BaseModel.php(656): CodeIgniter\Model->doFirst()
 5 APPPATH\Controllers\Auther.php(69): CodeIgniter\BaseModel->first()
 6 SYSTEMPATH\CodeIgniter.php(934): App\Controllers\Auther->ajax('login')
 7 SYSTEMPATH\CodeIgniter.php(499): CodeIgniter\CodeIgniter->runController(Object(App\Controllers\Auther))
 8 SYSTEMPATH\CodeIgniter.php(368): CodeIgniter\CodeIgniter->handleRequest(null, Object(Config\Cache), false)
 9 FCPATH\index.php(67): CodeIgniter\CodeIgniter->run()
INFO - 2024-05-28 05:47:41 --> Session: Class initialized using 'CodeIgniter\Session\Handlers\FileHandler' driver.
ERROR - 2024-05-28 05:47:45 --> Error connecting to the database: mysqli_sql_exception: No connection could be made because the target machine actively refused it.
 in C:\xampp_7_4\htdocs\websitebinan\system\Database\MySQLi\Connection.php:174
Stack trace:
#0 C:\xampp_7_4\htdocs\websitebinan\system\Database\MySQLi\Connection.php(174): mysqli->real_connect('localhost', 'root', '', 'websitebinan', 3306, '', 0)
#1 C:\xampp_7_4\htdocs\websitebinan\system\Database\BaseConnection.php(391): CodeIgniter\Database\MySQLi\Connection->connect(false)
#2 C:\xampp_7_4\htdocs\websitebinan\system\Database\BaseConnection.php(573): CodeIgniter\Database\BaseConnection->initialize()
#3 C:\xampp_7_4\htdocs\websitebinan\system\Database\BaseBuilder.php(1616): CodeIgniter\Database\BaseConnection->query('SELECT *\nFROM `...', Array, false)
#4 C:\xampp_7_4\htdocs\websitebinan\system\Model.php(268): CodeIgniter\Database\BaseBuilder->get()
#5 C:\xampp_7_4\htdocs\websitebinan\system\BaseModel.php(656): CodeIgniter\Model->doFirst()
#6 C:\xampp_7_4\htdocs\websitebinan\app\Controllers\Auther.php(69): CodeIgniter\BaseModel->first()
#7 C:\xampp_7_4\htdocs\websitebinan\system\CodeIgniter.php(934): App\Controllers\Auther->ajax('login')
#8 C:\xampp_7_4\htdocs\websitebinan\system\CodeIgniter.php(499): CodeIgniter\CodeIgniter->runController(Object(App\Controllers\Auther))
#9 C:\xampp_7_4\htdocs\websitebinan\system\CodeIgniter.php(368): CodeIgniter\CodeIgniter->handleRequest(NULL, Object(Config\Cache), false)
#10 C:\xampp_7_4\htdocs\websitebinan\public\index.php(67): CodeIgniter\CodeIgniter->run()
#11 {main}

Next CodeIgniter\Database\Exceptions\DatabaseException: No connection could be made because the target machine actively refused it.
 in C:\xampp_7_4\htdocs\websitebinan\system\Database\MySQLi\Connection.php:218
Stack trace:
#0 C:\xampp_7_4\htdocs\websitebinan\system\Database\BaseConnection.php(391): CodeIgniter\Database\MySQLi\Connection->connect(false)
#1 C:\xampp_7_4\htdocs\websitebinan\system\Database\BaseConnection.php(573): CodeIgniter\Database\BaseConnection->initialize()
#2 C:\xampp_7_4\htdocs\websitebinan\system\Database\BaseBuilder.php(1616): CodeIgniter\Database\BaseConnection->query('SELECT *\nFROM `...', Array, false)
#3 C:\xampp_7_4\htdocs\websitebinan\system\Model.php(268): CodeIgniter\Database\BaseBuilder->get()
#4 C:\xampp_7_4\htdocs\websitebinan\system\BaseModel.php(656): CodeIgniter\Model->doFirst()
#5 C:\xampp_7_4\htdocs\websitebinan\app\Controllers\Auther.php(69): CodeIgniter\BaseModel->first()
#6 C:\xampp_7_4\htdocs\websitebinan\system\CodeIgniter.php(934): App\Controllers\Auther->ajax('login')
#7 C:\xampp_7_4\htdocs\websitebinan\system\CodeIgniter.php(499): CodeIgniter\CodeIgniter->runController(Object(App\Controllers\Auther))
#8 C:\xampp_7_4\htdocs\websitebinan\system\CodeIgniter.php(368): CodeIgniter\CodeIgniter->handleRequest(NULL, Object(Config\Cache), false)
#9 C:\xampp_7_4\htdocs\websitebinan\public\index.php(67): CodeIgniter\CodeIgniter->run()
#10 {main}
CRITICAL - 2024-05-28 05:47:45 --> Unable to connect to the database.
Main connection [MySQLi]: No connection could be made because the target machine actively refused it.

in SYSTEMPATH\Database\BaseConnection.php on line 427.
 1 SYSTEMPATH\Database\BaseConnection.php(573): CodeIgniter\Database\BaseConnection->initialize()
 2 SYSTEMPATH\Database\BaseBuilder.php(1616): CodeIgniter\Database\BaseConnection->query('SELECT *
FROM `useradmin`
WHERE `username` = :username:
OR `email` = :email:
 LIMIT 1', [...], false)
 3 SYSTEMPATH\Model.php(268): CodeIgniter\Database\BaseBuilder->get()
 4 SYSTEMPATH\BaseModel.php(656): CodeIgniter\Model->doFirst()
 5 APPPATH\Controllers\Auther.php(69): CodeIgniter\BaseModel->first()
 6 SYSTEMPATH\CodeIgniter.php(934): App\Controllers\Auther->ajax('login')
 7 SYSTEMPATH\CodeIgniter.php(499): CodeIgniter\CodeIgniter->runController(Object(App\Controllers\Auther))
 8 SYSTEMPATH\CodeIgniter.php(368): CodeIgniter\CodeIgniter->handleRequest(null, Object(Config\Cache), false)
 9 FCPATH\index.php(67): CodeIgniter\CodeIgniter->run()
INFO - 2024-05-28 05:51:05 --> Session: Class initialized using 'CodeIgniter\Session\Handlers\FileHandler' driver.
INFO - 2024-05-28 05:51:12 --> Session: Class initialized using 'CodeIgniter\Session\Handlers\FileHandler' driver.
INFO - 2024-05-28 05:51:19 --> Session: Class initialized using 'CodeIgniter\Session\Handlers\FileHandler' driver.
ERROR - 2024-05-28 05:51:23 --> Error connecting to the database: mysqli_sql_exception: No connection could be made because the target machine actively refused it.
 in C:\xampp_7_4\htdocs\websitebinan\system\Database\MySQLi\Connection.php:174
Stack trace:
#0 C:\xampp_7_4\htdocs\websitebinan\system\Database\MySQLi\Connection.php(174): mysqli->real_connect('localhost', 'root', '', 'websitebinan', 3306, '', 0)
#1 C:\xampp_7_4\htdocs\websitebinan\system\Database\BaseConnection.php(391): CodeIgniter\Database\MySQLi\Connection->connect(false)
#2 C:\xampp_7_4\htdocs\websitebinan\system\Database\BaseConnection.php(573): CodeIgniter\Database\BaseConnection->initialize()
#3 C:\xampp_7_4\htdocs\websitebinan\system\Database\BaseBuilder.php(1616): CodeIgniter\Database\BaseConnection->query('SELECT *\nFROM `...', Array, false)
#4 C:\xampp_7_4\htdocs\websitebinan\system\Model.php(268): CodeIgniter\Database\BaseBuilder->get()
#5 C:\xampp_7_4\htdocs\websitebinan\system\BaseModel.php(656): CodeIgniter\Model->doFirst()
#6 C:\xampp_7_4\htdocs\websitebinan\app\Controllers\Auther.php(69): CodeIgniter\BaseModel->first()
#7 C:\xampp_7_4\htdocs\websitebinan\system\CodeIgniter.php(934): App\Controllers\Auther->ajax('login')
#8 C:\xampp_7_4\htdocs\websitebinan\system\CodeIgniter.php(499): CodeIgniter\CodeIgniter->runController(Object(App\Controllers\Auther))
#9 C:\xampp_7_4\htdocs\websitebinan\system\CodeIgniter.php(368): CodeIgniter\CodeIgniter->handleRequest(NULL, Object(Config\Cache), false)
#10 C:\xampp_7_4\htdocs\websitebinan\public\index.php(67): CodeIgniter\CodeIgniter->run()
#11 {main}

Next CodeIgniter\Database\Exceptions\DatabaseException: No connection could be made because the target machine actively refused it.
 in C:\xampp_7_4\htdocs\websitebinan\system\Database\MySQLi\Connection.php:218
Stack trace:
#0 C:\xampp_7_4\htdocs\websitebinan\system\Database\BaseConnection.php(391): CodeIgniter\Database\MySQLi\Connection->connect(false)
#1 C:\xampp_7_4\htdocs\websitebinan\system\Database\BaseConnection.php(573): CodeIgniter\Database\BaseConnection->initialize()
#2 C:\xampp_7_4\htdocs\websitebinan\system\Database\BaseBuilder.php(1616): CodeIgniter\Database\BaseConnection->query('SELECT *\nFROM `...', Array, false)
#3 C:\xampp_7_4\htdocs\websitebinan\system\Model.php(268): CodeIgniter\Database\BaseBuilder->get()
#4 C:\xampp_7_4\htdocs\websitebinan\system\BaseModel.php(656): CodeIgniter\Model->doFirst()
#5 C:\xampp_7_4\htdocs\websitebinan\app\Controllers\Auther.php(69): CodeIgniter\BaseModel->first()
#6 C:\xampp_7_4\htdocs\websitebinan\system\CodeIgniter.php(934): App\Controllers\Auther->ajax('login')
#7 C:\xampp_7_4\htdocs\websitebinan\system\CodeIgniter.php(499): CodeIgniter\CodeIgniter->runController(Object(App\Controllers\Auther))
#8 C:\xampp_7_4\htdocs\websitebinan\system\CodeIgniter.php(368): CodeIgniter\CodeIgniter->handleRequest(NULL, Object(Config\Cache), false)
#9 C:\xampp_7_4\htdocs\websitebinan\public\index.php(67): CodeIgniter\CodeIgniter->run()
#10 {main}
CRITICAL - 2024-05-28 05:51:23 --> Unable to connect to the database.
Main connection [MySQLi]: No connection could be made because the target machine actively refused it.

in SYSTEMPATH\Database\BaseConnection.php on line 427.
 1 SYSTEMPATH\Database\BaseConnection.php(573): CodeIgniter\Database\BaseConnection->initialize()
 2 SYSTEMPATH\Database\BaseBuilder.php(1616): CodeIgniter\Database\BaseConnection->query('SELECT *
FROM `useradmin`
WHERE `username` = :username:
OR `email` = :email:
 LIMIT 1', [...], false)
 3 SYSTEMPATH\Model.php(268): CodeIgniter\Database\BaseBuilder->get()
 4 SYSTEMPATH\BaseModel.php(656): CodeIgniter\Model->doFirst()
 5 APPPATH\Controllers\Auther.php(69): CodeIgniter\BaseModel->first()
 6 SYSTEMPATH\CodeIgniter.php(934): App\Controllers\Auther->ajax('login')
 7 SYSTEMPATH\CodeIgniter.php(499): CodeIgniter\CodeIgniter->runController(Object(App\Controllers\Auther))
 8 SYSTEMPATH\CodeIgniter.php(368): CodeIgniter\CodeIgniter->handleRequest(null, Object(Config\Cache), false)
 9 FCPATH\index.php(67): CodeIgniter\CodeIgniter->run()
INFO - 2024-05-28 05:51:53 --> Session: Class initialized using 'CodeIgniter\Session\Handlers\FileHandler' driver.
INFO - 2024-05-28 06:17:16 --> Session: Class initialized using 'CodeIgniter\Session\Handlers\FileHandler' driver.
INFO - 2024-05-28 06:17:18 --> Session: Class initialized using 'CodeIgniter\Session\Handlers\FileHandler' driver.
INFO - 2024-05-28 06:17:27 --> Session: Class initialized using 'CodeIgniter\Session\Handlers\FileHandler' driver.
CRITICAL - 2024-05-28 06:17:27 --> Trying to get property 'fname' of non-object
in APPPATH\Views\admin\admin_page.php on line 49.
 1 APPPATH\Views\admin\admin_page.php(49): CodeIgniter\Debug\Exceptions->errorHandler(8, 'Trying to get property \'fname\' of non-object', 'APPPATH\\Views\\admin\\admin_page.php', 49, [...])
 2 SYSTEMPATH\View\View.php(213): include('APPPATH\\Views\\admin\\admin_page.php')
 3 SYSTEMPATH\View\View.php(216): CodeIgniter\View\View->CodeIgniter\View\{closure}()
 4 SYSTEMPATH\Common.php(1184): CodeIgniter\View\View->render('admin/admin_page', [], true)
 5 APPPATH\Controllers\Admin.php(70): view('admin/admin_page', [...])
 6 SYSTEMPATH\CodeIgniter.php(934): App\Controllers\Admin->mode('cityOff')
 7 SYSTEMPATH\CodeIgniter.php(499): CodeIgniter\CodeIgniter->runController(Object(App\Controllers\Admin))
 8 SYSTEMPATH\CodeIgniter.php(368): CodeIgniter\CodeIgniter->handleRequest(null, Object(Config\Cache), false)
 9 FCPATH\index.php(67): CodeIgniter\CodeIgniter->run()
INFO - 2024-05-28 06:17:29 --> Session: Class initialized using 'CodeIgniter\Session\Handlers\FileHandler' driver.
CRITICAL - 2024-05-28 06:17:29 --> Trying to get property 'fname' of non-object
in APPPATH\Views\admin\admin_page.php on line 49.
 1 APPPATH\Views\admin\admin_page.php(49): CodeIgniter\Debug\Exceptions->errorHandler(8, 'Trying to get property \'fname\' of non-object', 'APPPATH\\Views\\admin\\admin_page.php', 49, [...])
 2 SYSTEMPATH\View\View.php(213): include('APPPATH\\Views\\admin\\admin_page.php')
 3 SYSTEMPATH\View\View.php(216): CodeIgniter\View\View->CodeIgniter\View\{closure}()
 4 SYSTEMPATH\Common.php(1184): CodeIgniter\View\View->render('admin/admin_page', [], true)
 5 APPPATH\Controllers\Admin.php(70): view('admin/admin_page', [...])
 6 SYSTEMPATH\CodeIgniter.php(934): App\Controllers\Admin->mode('dashboard')
 7 SYSTEMPATH\CodeIgniter.php(499): CodeIgniter\CodeIgniter->runController(Object(App\Controllers\Admin))
 8 SYSTEMPATH\CodeIgniter.php(368): CodeIgniter\CodeIgniter->handleRequest(null, Object(Config\Cache), false)
 9 FCPATH\index.php(67): CodeIgniter\CodeIgniter->run()
INFO - 2024-05-28 06:17:30 --> Session: Class initialized using 'CodeIgniter\Session\Handlers\FileHandler' driver.
CRITICAL - 2024-05-28 06:17:30 --> Trying to get property 'fname' of non-object
in APPPATH\Views\admin\admin_page.php on line 49.
 1 APPPATH\Views\admin\admin_page.php(49): CodeIgniter\Debug\Exceptions->errorHandler(8, 'Trying to get property \'fname\' of non-object', 'APPPATH\\Views\\admin\\admin_page.php', 49, [...])
 2 SYSTEMPATH\View\View.php(213): include('APPPATH\\Views\\admin\\admin_page.php')
 3 SYSTEMPATH\View\View.php(216): CodeIgniter\View\View->CodeIgniter\View\{closure}()
 4 SYSTEMPATH\Common.php(1184): CodeIgniter\View\View->render('admin/admin_page', [], true)
 5 APPPATH\Controllers\Admin.php(70): view('admin/admin_page', [...])
 6 SYSTEMPATH\CodeIgniter.php(934): App\Controllers\Admin->mode('cityOff')
 7 SYSTEMPATH\CodeIgniter.php(499): CodeIgniter\CodeIgniter->runController(Object(App\Controllers\Admin))
 8 SYSTEMPATH\CodeIgniter.php(368): CodeIgniter\CodeIgniter->handleRequest(null, Object(Config\Cache), false)
 9 FCPATH\index.php(67): CodeIgniter\CodeIgniter->run()
INFO - 2024-05-28 06:17:32 --> Session: Class initialized using 'CodeIgniter\Session\Handlers\FileHandler' driver.
CRITICAL - 2024-05-28 06:17:32 --> Trying to get property 'fname' of non-object
in APPPATH\Views\admin\admin_page.php on line 49.
 1 APPPATH\Views\admin\admin_page.php(49): CodeIgniter\Debug\Exceptions->errorHandler(8, 'Trying to get property \'fname\' of non-object', 'APPPATH\\Views\\admin\\admin_page.php', 49, [...])
 2 SYSTEMPATH\View\View.php(213): include('APPPATH\\Views\\admin\\admin_page.php')
 3 SYSTEMPATH\View\View.php(216): CodeIgniter\View\View->CodeIgniter\View\{closure}()
 4 SYSTEMPATH\Common.php(1184): CodeIgniter\View\View->render('admin/admin_page', [], true)
 5 APPPATH\Controllers\Admin.php(70): view('admin/admin_page', [...])
 6 SYSTEMPATH\CodeIgniter.php(934): App\Controllers\Admin->mode('dashboard')
 7 SYSTEMPATH\CodeIgniter.php(499): CodeIgniter\CodeIgniter->runController(Object(App\Controllers\Admin))
 8 SYSTEMPATH\CodeIgniter.php(368): CodeIgniter\CodeIgniter->handleRequest(null, Object(Config\Cache), false)
 9 FCPATH\index.php(67): CodeIgniter\CodeIgniter->run()
INFO - 2024-05-28 06:17:34 --> Session: Class initialized using 'CodeIgniter\Session\Handlers\FileHandler' driver.
CRITICAL - 2024-05-28 06:17:34 --> Trying to get property 'fname' of non-object
in APPPATH\Views\admin\admin_page.php on line 49.
 1 APPPATH\Views\admin\admin_page.php(49): CodeIgniter\Debug\Exceptions->errorHandler(8, 'Trying to get property \'fname\' of non-object', 'APPPATH\\Views\\admin\\admin_page.php', 49, [...])
 2 SYSTEMPATH\View\View.php(213): include('APPPATH\\Views\\admin\\admin_page.php')
 3 SYSTEMPATH\View\View.php(216): CodeIgniter\View\View->CodeIgniter\View\{closure}()
 4 SYSTEMPATH\Common.php(1184): CodeIgniter\View\View->render('admin/admin_page', [], true)
 5 APPPATH\Controllers\Admin.php(70): view('admin/admin_page', [...])
 6 SYSTEMPATH\CodeIgniter.php(934): App\Controllers\Admin->mode('dashboard')
 7 SYSTEMPATH\CodeIgniter.php(499): CodeIgniter\CodeIgniter->runController(Object(App\Controllers\Admin))
 8 SYSTEMPATH\CodeIgniter.php(368): CodeIgniter\CodeIgniter->handleRequest(null, Object(Config\Cache), false)
 9 FCPATH\index.php(67): CodeIgniter\CodeIgniter->run()
INFO - 2024-05-28 06:17:36 --> Session: Class initialized using 'CodeIgniter\Session\Handlers\FileHandler' driver.
CRITICAL - 2024-05-28 06:17:36 --> Trying to get property 'fname' of non-object
in APPPATH\Views\admin\admin_page.php on line 49.
 1 APPPATH\Views\admin\admin_page.php(49): CodeIgniter\Debug\Exceptions->errorHandler(8, 'Trying to get property \'fname\' of non-object', 'APPPATH\\Views\\admin\\admin_page.php', 49, [...])
 2 SYSTEMPATH\View\View.php(213): include('APPPATH\\Views\\admin\\admin_page.php')
 3 SYSTEMPATH\View\View.php(216): CodeIgniter\View\View->CodeIgniter\View\{closure}()
 4 SYSTEMPATH\Common.php(1184): CodeIgniter\View\View->render('admin/admin_page', [], true)
 5 APPPATH\Controllers\Admin.php(70): view('admin/admin_page', [...])
 6 SYSTEMPATH\CodeIgniter.php(934): App\Controllers\Admin->mode('dashboard')
 7 SYSTEMPATH\CodeIgniter.php(499): CodeIgniter\CodeIgniter->runController(Object(App\Controllers\Admin))
 8 SYSTEMPATH\CodeIgniter.php(368): CodeIgniter\CodeIgniter->handleRequest(null, Object(Config\Cache), false)
 9 FCPATH\index.php(67): CodeIgniter\CodeIgniter->run()
INFO - 2024-05-28 06:17:42 --> Session: Class initialized using 'CodeIgniter\Session\Handlers\FileHandler' driver.
INFO - 2024-05-28 06:17:42 --> Session: Class initialized using 'CodeIgniter\Session\Handlers\FileHandler' driver.
INFO - 2024-05-28 06:17:46 --> Session: Class initialized using 'CodeIgniter\Session\Handlers\FileHandler' driver.
INFO - 2024-05-28 06:17:48 --> Session: Class initialized using 'CodeIgniter\Session\Handlers\FileHandler' driver.
INFO - 2024-05-28 06:51:52 --> Session: Class initialized using 'CodeIgniter\Session\Handlers\FileHandler' driver.
INFO - 2024-05-28 06:51:52 --> Session: Class initialized using 'CodeIgniter\Session\Handlers\FileHandler' driver.
INFO - 2024-05-28 06:52:07 --> Session: Class initialized using 'CodeIgniter\Session\Handlers\FileHandler' driver.
INFO - 2024-05-28 06:52:11 --> Session: Class initialized using 'CodeIgniter\Session\Handlers\FileHandler' driver.
INFO - 2024-05-28 06:52:12 --> Session: Class initialized using 'CodeIgniter\Session\Handlers\FileHandler' driver.
INFO - 2024-05-28 06:52:14 --> Session: Class initialized using 'CodeIgniter\Session\Handlers\FileHandler' driver.
INFO - 2024-05-28 06:52:15 --> Session: Class initialized using 'CodeIgniter\Session\Handlers\FileHandler' driver.
INFO - 2024-05-28 06:52:18 --> Session: Class initialized using 'CodeIgniter\Session\Handlers\FileHandler' driver.
=======
>>>>>>> 5044233d411e29106200896ff69c8b4cb21640c9
>>>>>>> 2297df81f6a3d72d0d867df628e566ee547f8e2c
