INFO - 2024-07-22 01:07:07 --> Session: Class initialized using 'CodeIgniter\Session\Handlers\FileHandler' driver.
INFO - 2024-07-22 01:07:09 --> Session: Class initialized using 'CodeIgniter\Session\Handlers\FileHandler' driver.
INFO - 2024-07-22 01:07:09 --> Session: Class initialized using 'CodeIgniter\Session\Handlers\FileHandler' driver.
INFO - 2024-07-22 01:07:09 --> Session: Class initialized using 'CodeIgniter\Session\Handlers\FileHandler' driver.
INFO - 2024-07-22 01:07:09 --> Session: Class initialized using 'CodeIgniter\Session\Handlers\FileHandler' driver.
INFO - 2024-07-22 01:07:12 --> Session: Class initialized using 'CodeIgniter\Session\Handlers\FileHandler' driver.
INFO - 2024-07-22 01:07:12 --> Session: Class initialized using 'CodeIgniter\Session\Handlers\FileHandler' driver.
INFO - 2024-07-22 01:07:12 --> Session: Class initialized using 'CodeIgniter\Session\Handlers\FileHandler' driver.
INFO - 2024-07-22 01:07:12 --> Session: Class initialized using 'CodeIgniter\Session\Handlers\FileHandler' driver.
INFO - 2024-07-22 01:07:12 --> Session: Class initialized using 'CodeIgniter\Session\Handlers\FileHandler' driver.
INFO - 2024-07-22 01:07:12 --> Session: Class initialized using 'CodeIgniter\Session\Handlers\FileHandler' driver.
INFO - 2024-07-22 01:07:12 --> Session: Class initialized using 'CodeIgniter\Session\Handlers\FileHandler' driver.
INFO - 2024-07-22 01:07:12 --> Session: Class initialized using 'CodeIgniter\Session\Handlers\FileHandler' driver.
INFO - 2024-07-22 01:15:16 --> Session: Class initialized using 'CodeIgniter\Session\Handlers\FileHandler' driver.
INFO - 2024-07-22 01:15:16 --> Session: Class initialized using 'CodeIgniter\Session\Handlers\FileHandler' driver.
INFO - 2024-07-22 01:15:16 --> Session: Class initialized using 'CodeIgniter\Session\Handlers\FileHandler' driver.
INFO - 2024-07-22 01:15:16 --> Session: Class initialized using 'CodeIgniter\Session\Handlers\FileHandler' driver.
INFO - 2024-07-22 01:15:18 --> Session: Class initialized using 'CodeIgniter\Session\Handlers\FileHandler' driver.
INFO - 2024-07-22 01:15:18 --> Session: Class initialized using 'CodeIgniter\Session\Handlers\FileHandler' driver.
<<<<<<< HEAD
INFO - 2024-07-22 01:34:16 --> Session: Class initialized using 'CodeIgniter\Session\Handlers\FileHandler' driver.
INFO - 2024-07-22 01:34:16 --> Session: Class initialized using 'CodeIgniter\Session\Handlers\FileHandler' driver.
INFO - 2024-07-22 01:34:16 --> Session: Class initialized using 'CodeIgniter\Session\Handlers\FileHandler' driver.
INFO - 2024-07-22 01:34:16 --> Session: Class initialized using 'CodeIgniter\Session\Handlers\FileHandler' driver.
INFO - 2024-07-22 01:34:16 --> Session: Class initialized using 'CodeIgniter\Session\Handlers\FileHandler' driver.
INFO - 2024-07-22 01:34:16 --> Session: Class initialized using 'CodeIgniter\Session\Handlers\FileHandler' driver.
INFO - 2024-07-22 01:34:16 --> Session: Class initialized using 'CodeIgniter\Session\Handlers\FileHandler' driver.
INFO - 2024-07-22 01:34:16 --> Session: Class initialized using 'CodeIgniter\Session\Handlers\FileHandler' driver.
INFO - 2024-07-22 01:34:19 --> Session: Class initialized using 'CodeIgniter\Session\Handlers\FileHandler' driver.
INFO - 2024-07-22 01:34:19 --> Session: Class initialized using 'CodeIgniter\Session\Handlers\FileHandler' driver.
INFO - 2024-07-22 01:34:19 --> Session: Class initialized using 'CodeIgniter\Session\Handlers\FileHandler' driver.
INFO - 2024-07-22 01:34:19 --> Session: Class initialized using 'CodeIgniter\Session\Handlers\FileHandler' driver.
INFO - 2024-07-22 01:34:21 --> Session: Class initialized using 'CodeIgniter\Session\Handlers\FileHandler' driver.
INFO - 2024-07-22 01:34:21 --> Session: Class initialized using 'CodeIgniter\Session\Handlers\FileHandler' driver.
INFO - 2024-07-22 01:34:21 --> Session: Class initialized using 'CodeIgniter\Session\Handlers\FileHandler' driver.
INFO - 2024-07-22 01:34:21 --> Session: Class initialized using 'CodeIgniter\Session\Handlers\FileHandler' driver.
INFO - 2024-07-22 01:34:22 --> Session: Class initialized using 'CodeIgniter\Session\Handlers\FileHandler' driver.
INFO - 2024-07-22 01:34:22 --> Session: Class initialized using 'CodeIgniter\Session\Handlers\FileHandler' driver.
INFO - 2024-07-22 01:34:40 --> Session: Class initialized using 'CodeIgniter\Session\Handlers\FileHandler' driver.
INFO - 2024-07-22 01:34:40 --> Session: Class initialized using 'CodeIgniter\Session\Handlers\FileHandler' driver.
INFO - 2024-07-22 01:34:40 --> Session: Class initialized using 'CodeIgniter\Session\Handlers\FileHandler' driver.
INFO - 2024-07-22 01:34:40 --> Session: Class initialized using 'CodeIgniter\Session\Handlers\FileHandler' driver.
INFO - 2024-07-22 03:44:19 --> Session: Class initialized using 'CodeIgniter\Session\Handlers\FileHandler' driver.
INFO - 2024-07-22 03:44:19 --> Session: Class initialized using 'CodeIgniter\Session\Handlers\FileHandler' driver.
INFO - 2024-07-22 03:44:19 --> Session: Class initialized using 'CodeIgniter\Session\Handlers\FileHandler' driver.
INFO - 2024-07-22 03:44:19 --> Session: Class initialized using 'CodeIgniter\Session\Handlers\FileHandler' driver.
INFO - 2024-07-22 03:44:26 --> Session: Class initialized using 'CodeIgniter\Session\Handlers\FileHandler' driver.
INFO - 2024-07-22 03:44:26 --> Session: Class initialized using 'CodeIgniter\Session\Handlers\FileHandler' driver.
INFO - 2024-07-22 03:44:26 --> Session: Class initialized using 'CodeIgniter\Session\Handlers\FileHandler' driver.
INFO - 2024-07-22 03:44:26 --> Session: Class initialized using 'CodeIgniter\Session\Handlers\FileHandler' driver.
INFO - 2024-07-22 03:44:28 --> Session: Class initialized using 'CodeIgniter\Session\Handlers\FileHandler' driver.
INFO - 2024-07-22 03:44:28 --> Session: Class initialized using 'CodeIgniter\Session\Handlers\FileHandler' driver.
INFO - 2024-07-22 03:45:28 --> Session: Class initialized using 'CodeIgniter\Session\Handlers\FileHandler' driver.
INFO - 2024-07-22 03:45:28 --> Session: Class initialized using 'CodeIgniter\Session\Handlers\FileHandler' driver.
INFO - 2024-07-22 03:45:43 --> Session: Class initialized using 'CodeIgniter\Session\Handlers\FileHandler' driver.
INFO - 2024-07-22 03:45:50 --> Session: Class initialized using 'CodeIgniter\Session\Handlers\FileHandler' driver.
INFO - 2024-07-22 03:45:50 --> Session: Class initialized using 'CodeIgniter\Session\Handlers\FileHandler' driver.
INFO - 2024-07-22 03:45:50 --> Session: Class initialized using 'CodeIgniter\Session\Handlers\FileHandler' driver.
INFO - 2024-07-22 03:45:51 --> Session: Class initialized using 'CodeIgniter\Session\Handlers\FileHandler' driver.
INFO - 2024-07-22 03:45:53 --> Session: Class initialized using 'CodeIgniter\Session\Handlers\FileHandler' driver.
INFO - 2024-07-22 03:45:54 --> Session: Class initialized using 'CodeIgniter\Session\Handlers\FileHandler' driver.
INFO - 2024-07-22 03:45:54 --> Session: Class initialized using 'CodeIgniter\Session\Handlers\FileHandler' driver.
INFO - 2024-07-22 03:45:54 --> Session: Class initialized using 'CodeIgniter\Session\Handlers\FileHandler' driver.
INFO - 2024-07-22 03:45:54 --> Session: Class initialized using 'CodeIgniter\Session\Handlers\FileHandler' driver.
INFO - 2024-07-22 03:45:54 --> Session: Class initialized using 'CodeIgniter\Session\Handlers\FileHandler' driver.
INFO - 2024-07-22 03:45:54 --> Session: Class initialized using 'CodeIgniter\Session\Handlers\FileHandler' driver.
INFO - 2024-07-22 03:45:54 --> Session: Class initialized using 'CodeIgniter\Session\Handlers\FileHandler' driver.
INFO - 2024-07-22 03:45:54 --> Session: Class initialized using 'CodeIgniter\Session\Handlers\FileHandler' driver.
INFO - 2024-07-22 03:45:55 --> Session: Class initialized using 'CodeIgniter\Session\Handlers\FileHandler' driver.
INFO - 2024-07-22 03:45:55 --> Session: Class initialized using 'CodeIgniter\Session\Handlers\FileHandler' driver.
INFO - 2024-07-22 03:45:55 --> Session: Class initialized using 'CodeIgniter\Session\Handlers\FileHandler' driver.
INFO - 2024-07-22 03:45:55 --> Session: Class initialized using 'CodeIgniter\Session\Handlers\FileHandler' driver.
INFO - 2024-07-22 03:45:55 --> Session: Class initialized using 'CodeIgniter\Session\Handlers\FileHandler' driver.
INFO - 2024-07-22 03:45:55 --> Session: Class initialized using 'CodeIgniter\Session\Handlers\FileHandler' driver.
INFO - 2024-07-22 03:45:56 --> Session: Class initialized using 'CodeIgniter\Session\Handlers\FileHandler' driver.
INFO - 2024-07-22 03:45:56 --> Session: Class initialized using 'CodeIgniter\Session\Handlers\FileHandler' driver.
INFO - 2024-07-22 03:45:56 --> Session: Class initialized using 'CodeIgniter\Session\Handlers\FileHandler' driver.
INFO - 2024-07-22 03:45:56 --> Session: Class initialized using 'CodeIgniter\Session\Handlers\FileHandler' driver.
INFO - 2024-07-22 03:45:56 --> Session: Class initialized using 'CodeIgniter\Session\Handlers\FileHandler' driver.
INFO - 2024-07-22 03:45:56 --> Session: Class initialized using 'CodeIgniter\Session\Handlers\FileHandler' driver.
INFO - 2024-07-22 03:45:56 --> Session: Class initialized using 'CodeIgniter\Session\Handlers\FileHandler' driver.
INFO - 2024-07-22 03:46:35 --> Session: Class initialized using 'CodeIgniter\Session\Handlers\FileHandler' driver.
INFO - 2024-07-22 03:46:35 --> Session: Class initialized using 'CodeIgniter\Session\Handlers\FileHandler' driver.
INFO - 2024-07-22 03:46:36 --> Session: Class initialized using 'CodeIgniter\Session\Handlers\FileHandler' driver.
INFO - 2024-07-22 03:46:36 --> Session: Class initialized using 'CodeIgniter\Session\Handlers\FileHandler' driver.
INFO - 2024-07-22 03:46:36 --> Session: Class initialized using 'CodeIgniter\Session\Handlers\FileHandler' driver.
INFO - 2024-07-22 03:46:36 --> Session: Class initialized using 'CodeIgniter\Session\Handlers\FileHandler' driver.
INFO - 2024-07-22 03:46:36 --> Session: Class initialized using 'CodeIgniter\Session\Handlers\FileHandler' driver.
INFO - 2024-07-22 03:46:36 --> Session: Class initialized using 'CodeIgniter\Session\Handlers\FileHandler' driver.
INFO - 2024-07-22 03:46:36 --> Session: Class initialized using 'CodeIgniter\Session\Handlers\FileHandler' driver.
INFO - 2024-07-22 03:46:36 --> Session: Class initialized using 'CodeIgniter\Session\Handlers\FileHandler' driver.
INFO - 2024-07-22 03:46:36 --> Session: Class initialized using 'CodeIgniter\Session\Handlers\FileHandler' driver.
INFO - 2024-07-22 03:46:36 --> Session: Class initialized using 'CodeIgniter\Session\Handlers\FileHandler' driver.
INFO - 2024-07-22 03:46:36 --> Session: Class initialized using 'CodeIgniter\Session\Handlers\FileHandler' driver.
INFO - 2024-07-22 03:46:36 --> Session: Class initialized using 'CodeIgniter\Session\Handlers\FileHandler' driver.
INFO - 2024-07-22 03:46:46 --> Session: Class initialized using 'CodeIgniter\Session\Handlers\FileHandler' driver.
INFO - 2024-07-22 03:48:41 --> Session: Class initialized using 'CodeIgniter\Session\Handlers\FileHandler' driver.
INFO - 2024-07-22 03:48:42 --> Session: Class initialized using 'CodeIgniter\Session\Handlers\FileHandler' driver.
INFO - 2024-07-22 03:48:43 --> Session: Class initialized using 'CodeIgniter\Session\Handlers\FileHandler' driver.
INFO - 2024-07-22 03:48:43 --> Session: Class initialized using 'CodeIgniter\Session\Handlers\FileHandler' driver.
INFO - 2024-07-22 03:48:43 --> Session: Class initialized using 'CodeIgniter\Session\Handlers\FileHandler' driver.
INFO - 2024-07-22 03:48:43 --> Session: Class initialized using 'CodeIgniter\Session\Handlers\FileHandler' driver.
INFO - 2024-07-22 03:48:43 --> Session: Class initialized using 'CodeIgniter\Session\Handlers\FileHandler' driver.
INFO - 2024-07-22 03:48:43 --> Session: Class initialized using 'CodeIgniter\Session\Handlers\FileHandler' driver.
INFO - 2024-07-22 03:48:43 --> Session: Class initialized using 'CodeIgniter\Session\Handlers\FileHandler' driver.
INFO - 2024-07-22 03:48:43 --> Session: Class initialized using 'CodeIgniter\Session\Handlers\FileHandler' driver.
INFO - 2024-07-22 03:48:43 --> Session: Class initialized using 'CodeIgniter\Session\Handlers\FileHandler' driver.
INFO - 2024-07-22 03:48:43 --> Session: Class initialized using 'CodeIgniter\Session\Handlers\FileHandler' driver.
INFO - 2024-07-22 03:48:43 --> Session: Class initialized using 'CodeIgniter\Session\Handlers\FileHandler' driver.
INFO - 2024-07-22 03:48:43 --> Session: Class initialized using 'CodeIgniter\Session\Handlers\FileHandler' driver.
INFO - 2024-07-22 03:49:43 --> Session: Class initialized using 'CodeIgniter\Session\Handlers\FileHandler' driver.
INFO - 2024-07-22 03:49:43 --> Session: Class initialized using 'CodeIgniter\Session\Handlers\FileHandler' driver.
INFO - 2024-07-22 03:49:46 --> Session: Class initialized using 'CodeIgniter\Session\Handlers\FileHandler' driver.
INFO - 2024-07-22 03:49:47 --> Session: Class initialized using 'CodeIgniter\Session\Handlers\FileHandler' driver.
INFO - 2024-07-22 03:49:47 --> Session: Class initialized using 'CodeIgniter\Session\Handlers\FileHandler' driver.
INFO - 2024-07-22 03:49:47 --> Session: Class initialized using 'CodeIgniter\Session\Handlers\FileHandler' driver.
INFO - 2024-07-22 03:49:47 --> Session: Class initialized using 'CodeIgniter\Session\Handlers\FileHandler' driver.
INFO - 2024-07-22 03:49:47 --> Session: Class initialized using 'CodeIgniter\Session\Handlers\FileHandler' driver.
INFO - 2024-07-22 03:49:47 --> Session: Class initialized using 'CodeIgniter\Session\Handlers\FileHandler' driver.
INFO - 2024-07-22 03:49:47 --> Session: Class initialized using 'CodeIgniter\Session\Handlers\FileHandler' driver.
INFO - 2024-07-22 03:49:48 --> Session: Class initialized using 'CodeIgniter\Session\Handlers\FileHandler' driver.
INFO - 2024-07-22 03:49:48 --> Session: Class initialized using 'CodeIgniter\Session\Handlers\FileHandler' driver.
INFO - 2024-07-22 03:49:48 --> Session: Class initialized using 'CodeIgniter\Session\Handlers\FileHandler' driver.
INFO - 2024-07-22 03:50:38 --> Session: Class initialized using 'CodeIgniter\Session\Handlers\FileHandler' driver.
INFO - 2024-07-22 03:50:39 --> Session: Class initialized using 'CodeIgniter\Session\Handlers\FileHandler' driver.
INFO - 2024-07-22 03:50:39 --> Session: Class initialized using 'CodeIgniter\Session\Handlers\FileHandler' driver.
INFO - 2024-07-22 03:50:39 --> Session: Class initialized using 'CodeIgniter\Session\Handlers\FileHandler' driver.
INFO - 2024-07-22 03:50:39 --> Session: Class initialized using 'CodeIgniter\Session\Handlers\FileHandler' driver.
INFO - 2024-07-22 03:50:39 --> Session: Class initialized using 'CodeIgniter\Session\Handlers\FileHandler' driver.
INFO - 2024-07-22 03:50:39 --> Session: Class initialized using 'CodeIgniter\Session\Handlers\FileHandler' driver.
INFO - 2024-07-22 03:50:39 --> Session: Class initialized using 'CodeIgniter\Session\Handlers\FileHandler' driver.
INFO - 2024-07-22 03:50:39 --> Session: Class initialized using 'CodeIgniter\Session\Handlers\FileHandler' driver.
INFO - 2024-07-22 03:50:39 --> Session: Class initialized using 'CodeIgniter\Session\Handlers\FileHandler' driver.
INFO - 2024-07-22 03:50:39 --> Session: Class initialized using 'CodeIgniter\Session\Handlers\FileHandler' driver.
INFO - 2024-07-22 03:50:39 --> Session: Class initialized using 'CodeIgniter\Session\Handlers\FileHandler' driver.
INFO - 2024-07-22 03:50:39 --> Session: Class initialized using 'CodeIgniter\Session\Handlers\FileHandler' driver.
INFO - 2024-07-22 03:50:39 --> Session: Class initialized using 'CodeIgniter\Session\Handlers\FileHandler' driver.
INFO - 2024-07-22 03:50:41 --> Session: Class initialized using 'CodeIgniter\Session\Handlers\FileHandler' driver.
INFO - 2024-07-22 03:50:41 --> Session: Class initialized using 'CodeIgniter\Session\Handlers\FileHandler' driver.
INFO - 2024-07-22 03:50:42 --> Session: Class initialized using 'CodeIgniter\Session\Handlers\FileHandler' driver.
INFO - 2024-07-22 03:50:42 --> Session: Class initialized using 'CodeIgniter\Session\Handlers\FileHandler' driver.
INFO - 2024-07-22 03:50:42 --> Session: Class initialized using 'CodeIgniter\Session\Handlers\FileHandler' driver.
INFO - 2024-07-22 03:50:42 --> Session: Class initialized using 'CodeIgniter\Session\Handlers\FileHandler' driver.
INFO - 2024-07-22 03:50:42 --> Session: Class initialized using 'CodeIgniter\Session\Handlers\FileHandler' driver.
INFO - 2024-07-22 03:50:42 --> Session: Class initialized using 'CodeIgniter\Session\Handlers\FileHandler' driver.
INFO - 2024-07-22 03:50:44 --> Session: Class initialized using 'CodeIgniter\Session\Handlers\FileHandler' driver.
INFO - 2024-07-22 03:50:45 --> Session: Class initialized using 'CodeIgniter\Session\Handlers\FileHandler' driver.
INFO - 2024-07-22 03:50:45 --> Session: Class initialized using 'CodeIgniter\Session\Handlers\FileHandler' driver.
INFO - 2024-07-22 03:50:45 --> Session: Class initialized using 'CodeIgniter\Session\Handlers\FileHandler' driver.
INFO - 2024-07-22 03:50:45 --> Session: Class initialized using 'CodeIgniter\Session\Handlers\FileHandler' driver.
INFO - 2024-07-22 03:55:20 --> Session: Class initialized using 'CodeIgniter\Session\Handlers\FileHandler' driver.
INFO - 2024-07-22 03:55:32 --> Session: Class initialized using 'CodeIgniter\Session\Handlers\FileHandler' driver.
INFO - 2024-07-22 03:55:34 --> Session: Class initialized using 'CodeIgniter\Session\Handlers\FileHandler' driver.
INFO - 2024-07-22 03:55:34 --> Session: Class initialized using 'CodeIgniter\Session\Handlers\FileHandler' driver.
INFO - 2024-07-22 03:55:34 --> Session: Class initialized using 'CodeIgniter\Session\Handlers\FileHandler' driver.
INFO - 2024-07-22 03:55:34 --> Session: Class initialized using 'CodeIgniter\Session\Handlers\FileHandler' driver.
INFO - 2024-07-22 03:55:34 --> Session: Class initialized using 'CodeIgniter\Session\Handlers\FileHandler' driver.
INFO - 2024-07-22 03:55:34 --> Session: Class initialized using 'CodeIgniter\Session\Handlers\FileHandler' driver.
INFO - 2024-07-22 03:55:34 --> Session: Class initialized using 'CodeIgniter\Session\Handlers\FileHandler' driver.
INFO - 2024-07-22 03:55:35 --> Session: Class initialized using 'CodeIgniter\Session\Handlers\FileHandler' driver.
INFO - 2024-07-22 03:55:35 --> Session: Class initialized using 'CodeIgniter\Session\Handlers\FileHandler' driver.
INFO - 2024-07-22 03:55:35 --> Session: Class initialized using 'CodeIgniter\Session\Handlers\FileHandler' driver.
INFO - 2024-07-22 03:55:35 --> Session: Class initialized using 'CodeIgniter\Session\Handlers\FileHandler' driver.
INFO - 2024-07-22 03:55:35 --> Session: Class initialized using 'CodeIgniter\Session\Handlers\FileHandler' driver.
INFO - 2024-07-22 03:55:35 --> Session: Class initialized using 'CodeIgniter\Session\Handlers\FileHandler' driver.
INFO - 2024-07-22 03:55:44 --> Session: Class initialized using 'CodeIgniter\Session\Handlers\FileHandler' driver.
INFO - 2024-07-22 03:55:50 --> Session: Class initialized using 'CodeIgniter\Session\Handlers\FileHandler' driver.
INFO - 2024-07-22 03:55:52 --> Session: Class initialized using 'CodeIgniter\Session\Handlers\FileHandler' driver.
INFO - 2024-07-22 03:55:52 --> Session: Class initialized using 'CodeIgniter\Session\Handlers\FileHandler' driver.
INFO - 2024-07-22 03:55:52 --> Session: Class initialized using 'CodeIgniter\Session\Handlers\FileHandler' driver.
INFO - 2024-07-22 03:55:52 --> Session: Class initialized using 'CodeIgniter\Session\Handlers\FileHandler' driver.
INFO - 2024-07-22 03:55:52 --> Session: Class initialized using 'CodeIgniter\Session\Handlers\FileHandler' driver.
INFO - 2024-07-22 03:55:52 --> Session: Class initialized using 'CodeIgniter\Session\Handlers\FileHandler' driver.
INFO - 2024-07-22 03:55:52 --> Session: Class initialized using 'CodeIgniter\Session\Handlers\FileHandler' driver.
INFO - 2024-07-22 03:55:52 --> Session: Class initialized using 'CodeIgniter\Session\Handlers\FileHandler' driver.
INFO - 2024-07-22 03:55:52 --> Session: Class initialized using 'CodeIgniter\Session\Handlers\FileHandler' driver.
INFO - 2024-07-22 03:55:52 --> Session: Class initialized using 'CodeIgniter\Session\Handlers\FileHandler' driver.
INFO - 2024-07-22 03:55:52 --> Session: Class initialized using 'CodeIgniter\Session\Handlers\FileHandler' driver.
INFO - 2024-07-22 03:55:52 --> Session: Class initialized using 'CodeIgniter\Session\Handlers\FileHandler' driver.
INFO - 2024-07-22 03:55:53 --> Session: Class initialized using 'CodeIgniter\Session\Handlers\FileHandler' driver.
INFO - 2024-07-22 03:56:28 --> Session: Class initialized using 'CodeIgniter\Session\Handlers\FileHandler' driver.
INFO - 2024-07-22 03:56:28 --> Session: Class initialized using 'CodeIgniter\Session\Handlers\FileHandler' driver.
INFO - 2024-07-22 03:56:28 --> Session: Class initialized using 'CodeIgniter\Session\Handlers\FileHandler' driver.
INFO - 2024-07-22 03:56:28 --> Session: Class initialized using 'CodeIgniter\Session\Handlers\FileHandler' driver.
INFO - 2024-07-22 03:56:29 --> Session: Class initialized using 'CodeIgniter\Session\Handlers\FileHandler' driver.
INFO - 2024-07-22 03:56:29 --> Session: Class initialized using 'CodeIgniter\Session\Handlers\FileHandler' driver.
INFO - 2024-07-22 03:56:29 --> Session: Class initialized using 'CodeIgniter\Session\Handlers\FileHandler' driver.
INFO - 2024-07-22 03:56:29 --> Session: Class initialized using 'CodeIgniter\Session\Handlers\FileHandler' driver.
INFO - 2024-07-22 03:56:29 --> Session: Class initialized using 'CodeIgniter\Session\Handlers\FileHandler' driver.
INFO - 2024-07-22 03:56:29 --> Session: Class initialized using 'CodeIgniter\Session\Handlers\FileHandler' driver.
INFO - 2024-07-22 03:56:29 --> Session: Class initialized using 'CodeIgniter\Session\Handlers\FileHandler' driver.
INFO - 2024-07-22 03:56:29 --> Session: Class initialized using 'CodeIgniter\Session\Handlers\FileHandler' driver.
INFO - 2024-07-22 05:35:30 --> Session: Class initialized using 'CodeIgniter\Session\Handlers\FileHandler' driver.
INFO - 2024-07-22 05:35:30 --> Session: Class initialized using 'CodeIgniter\Session\Handlers\FileHandler' driver.
INFO - 2024-07-22 05:36:42 --> Session: Class initialized using 'CodeIgniter\Session\Handlers\FileHandler' driver.
INFO - 2024-07-22 05:36:42 --> Session: Class initialized using 'CodeIgniter\Session\Handlers\FileHandler' driver.
INFO - 2024-07-22 05:36:42 --> Session: Class initialized using 'CodeIgniter\Session\Handlers\FileHandler' driver.
INFO - 2024-07-22 05:36:42 --> Session: Class initialized using 'CodeIgniter\Session\Handlers\FileHandler' driver.
INFO - 2024-07-22 05:36:43 --> Session: Class initialized using 'CodeIgniter\Session\Handlers\FileHandler' driver.
INFO - 2024-07-22 05:36:43 --> Session: Class initialized using 'CodeIgniter\Session\Handlers\FileHandler' driver.
INFO - 2024-07-22 05:37:05 --> Session: Class initialized using 'CodeIgniter\Session\Handlers\FileHandler' driver.
INFO - 2024-07-22 05:37:05 --> Session: Class initialized using 'CodeIgniter\Session\Handlers\FileHandler' driver.
INFO - 2024-07-22 05:53:53 --> Session: Class initialized using 'CodeIgniter\Session\Handlers\FileHandler' driver.
INFO - 2024-07-22 05:53:53 --> Session: Class initialized using 'CodeIgniter\Session\Handlers\FileHandler' driver.
INFO - 2024-07-22 05:53:53 --> Session: Class initialized using 'CodeIgniter\Session\Handlers\FileHandler' driver.
INFO - 2024-07-22 05:53:55 --> Session: Class initialized using 'CodeIgniter\Session\Handlers\FileHandler' driver.
INFO - 2024-07-22 05:53:55 --> Session: Class initialized using 'CodeIgniter\Session\Handlers\FileHandler' driver.
INFO - 2024-07-22 05:53:55 --> Session: Class initialized using 'CodeIgniter\Session\Handlers\FileHandler' driver.
INFO - 2024-07-22 05:53:56 --> Session: Class initialized using 'CodeIgniter\Session\Handlers\FileHandler' driver.
INFO - 2024-07-22 05:53:56 --> Session: Class initialized using 'CodeIgniter\Session\Handlers\FileHandler' driver.
INFO - 2024-07-22 05:53:56 --> Session: Class initialized using 'CodeIgniter\Session\Handlers\FileHandler' driver.
INFO - 2024-07-22 05:53:56 --> Session: Class initialized using 'CodeIgniter\Session\Handlers\FileHandler' driver.
INFO - 2024-07-22 05:53:56 --> Session: Class initialized using 'CodeIgniter\Session\Handlers\FileHandler' driver.
INFO - 2024-07-22 05:53:56 --> Session: Class initialized using 'CodeIgniter\Session\Handlers\FileHandler' driver.
INFO - 2024-07-22 05:53:56 --> Session: Class initialized using 'CodeIgniter\Session\Handlers\FileHandler' driver.
INFO - 2024-07-22 05:53:56 --> Session: Class initialized using 'CodeIgniter\Session\Handlers\FileHandler' driver.
INFO - 2024-07-22 05:53:56 --> Session: Class initialized using 'CodeIgniter\Session\Handlers\FileHandler' driver.
INFO - 2024-07-22 05:53:56 --> Session: Class initialized using 'CodeIgniter\Session\Handlers\FileHandler' driver.
INFO - 2024-07-22 05:53:56 --> Session: Class initialized using 'CodeIgniter\Session\Handlers\FileHandler' driver.
INFO - 2024-07-22 05:53:56 --> Session: Class initialized using 'CodeIgniter\Session\Handlers\FileHandler' driver.
INFO - 2024-07-22 05:54:04 --> Session: Class initialized using 'CodeIgniter\Session\Handlers\FileHandler' driver.
INFO - 2024-07-22 05:54:04 --> Session: Class initialized using 'CodeIgniter\Session\Handlers\FileHandler' driver.
INFO - 2024-07-22 05:54:04 --> Session: Class initialized using 'CodeIgniter\Session\Handlers\FileHandler' driver.
INFO - 2024-07-22 05:54:04 --> Session: Class initialized using 'CodeIgniter\Session\Handlers\FileHandler' driver.
INFO - 2024-07-22 05:54:04 --> Session: Class initialized using 'CodeIgniter\Session\Handlers\FileHandler' driver.
INFO - 2024-07-22 05:54:05 --> Session: Class initialized using 'CodeIgniter\Session\Handlers\FileHandler' driver.
ERROR - 2024-07-22 05:54:05 --> File not found: C:\xampp_7_4\htdocs\websitebinan\writable\uploads\DEPARTMENT\1717037797_da555380fddbcebb80b6.webp
INFO - 2024-07-22 05:54:46 --> Session: Class initialized using 'CodeIgniter\Session\Handlers\FileHandler' driver.
INFO - 2024-07-22 05:54:46 --> Session: Class initialized using 'CodeIgniter\Session\Handlers\FileHandler' driver.
INFO - 2024-07-22 05:54:46 --> Session: Class initialized using 'CodeIgniter\Session\Handlers\FileHandler' driver.
INFO - 2024-07-22 05:54:48 --> Session: Class initialized using 'CodeIgniter\Session\Handlers\FileHandler' driver.
ERROR - 2024-07-22 05:54:48 --> File not found: C:\xampp_7_4\htdocs\websitebinan\writable\uploads\DEPARTMENT\1717037797_da555380fddbcebb80b6.webp
INFO - 2024-07-22 05:56:04 --> Session: Class initialized using 'CodeIgniter\Session\Handlers\FileHandler' driver.
INFO - 2024-07-22 06:21:43 --> Session: Class initialized using 'CodeIgniter\Session\Handlers\FileHandler' driver.
INFO - 2024-07-22 06:22:10 --> Session: Class initialized using 'CodeIgniter\Session\Handlers\FileHandler' driver.
INFO - 2024-07-22 06:23:58 --> Session: Class initialized using 'CodeIgniter\Session\Handlers\FileHandler' driver.
INFO - 2024-07-22 06:25:30 --> Session: Class initialized using 'CodeIgniter\Session\Handlers\FileHandler' driver.
INFO - 2024-07-22 06:25:40 --> Session: Class initialized using 'CodeIgniter\Session\Handlers\FileHandler' driver.
INFO - 2024-07-22 06:25:49 --> Session: Class initialized using 'CodeIgniter\Session\Handlers\FileHandler' driver.
INFO - 2024-07-22 06:54:39 --> Session: Class initialized using 'CodeIgniter\Session\Handlers\FileHandler' driver.
INFO - 2024-07-22 06:54:40 --> Session: Class initialized using 'CodeIgniter\Session\Handlers\FileHandler' driver.
INFO - 2024-07-22 06:54:46 --> Session: Class initialized using 'CodeIgniter\Session\Handlers\FileHandler' driver.
INFO - 2024-07-22 06:54:48 --> Session: Class initialized using 'CodeIgniter\Session\Handlers\FileHandler' driver.
INFO - 2024-07-22 06:54:51 --> Session: Class initialized using 'CodeIgniter\Session\Handlers\FileHandler' driver.
INFO - 2024-07-22 07:51:57 --> Session: Class initialized using 'CodeIgniter\Session\Handlers\FileHandler' driver.
INFO - 2024-07-22 07:51:57 --> Session: Class initialized using 'CodeIgniter\Session\Handlers\FileHandler' driver.
INFO - 2024-07-22 07:51:57 --> Session: Class initialized using 'CodeIgniter\Session\Handlers\FileHandler' driver.
INFO - 2024-07-22 07:51:57 --> Session: Class initialized using 'CodeIgniter\Session\Handlers\FileHandler' driver.
INFO - 2024-07-22 07:53:50 --> Session: Class initialized using 'CodeIgniter\Session\Handlers\FileHandler' driver.
INFO - 2024-07-22 07:53:51 --> Session: Class initialized using 'CodeIgniter\Session\Handlers\FileHandler' driver.
=======
ERROR - 2024-07-22 02:24:06 --> Error connecting to the database: mysqli_sql_exception: No connection could be made because the target machine actively refused it.
 in C:\xampp7_4_16\htdocs\websitebinan\system\Database\MySQLi\Connection.php:174
Stack trace:
#0 C:\xampp7_4_16\htdocs\websitebinan\system\Database\MySQLi\Connection.php(174): mysqli->real_connect('localhost', 'root', '', 'websitebinan', 3307, '', 0)
#1 C:\xampp7_4_16\htdocs\websitebinan\system\Database\BaseConnection.php(391): CodeIgniter\Database\MySQLi\Connection->connect(false)
#2 C:\xampp7_4_16\htdocs\websitebinan\system\Database\BaseConnection.php(573): CodeIgniter\Database\BaseConnection->initialize()
#3 C:\xampp7_4_16\htdocs\websitebinan\system\Database\BaseBuilder.php(1616): CodeIgniter\Database\BaseConnection->query('SELECT *\nFROM `...', Array, false)
#4 C:\xampp7_4_16\htdocs\websitebinan\system\Model.php(241): CodeIgniter\Database\BaseBuilder->get()
#5 C:\xampp7_4_16\htdocs\websitebinan\system\BaseModel.php(618): CodeIgniter\Model->doFindAll(3, 0)
#6 C:\xampp7_4_16\htdocs\websitebinan\app\Controllers\Home.php(26): CodeIgniter\BaseModel->findAll(3)
#7 C:\xampp7_4_16\htdocs\websitebinan\system\CodeIgniter.php(934): App\Controllers\Home->home_page()
#8 C:\xampp7_4_16\htdocs\websitebinan\system\CodeIgniter.php(499): CodeIgniter\CodeIgniter->runController(Object(App\Controllers\Home))
#9 C:\xampp7_4_16\htdocs\websitebinan\system\CodeIgniter.php(368): CodeIgniter\CodeIgniter->handleRequest(NULL, Object(Config\Cache), false)
#10 C:\xampp7_4_16\htdocs\websitebinan\public\index.php(67): CodeIgniter\CodeIgniter->run()
#11 {main}

Next CodeIgniter\Database\Exceptions\DatabaseException: No connection could be made because the target machine actively refused it.
 in C:\xampp7_4_16\htdocs\websitebinan\system\Database\MySQLi\Connection.php:218
Stack trace:
#0 C:\xampp7_4_16\htdocs\websitebinan\system\Database\BaseConnection.php(391): CodeIgniter\Database\MySQLi\Connection->connect(false)
#1 C:\xampp7_4_16\htdocs\websitebinan\system\Database\BaseConnection.php(573): CodeIgniter\Database\BaseConnection->initialize()
#2 C:\xampp7_4_16\htdocs\websitebinan\system\Database\BaseBuilder.php(1616): CodeIgniter\Database\BaseConnection->query('SELECT *\nFROM `...', Array, false)
#3 C:\xampp7_4_16\htdocs\websitebinan\system\Model.php(241): CodeIgniter\Database\BaseBuilder->get()
#4 C:\xampp7_4_16\htdocs\websitebinan\system\BaseModel.php(618): CodeIgniter\Model->doFindAll(3, 0)
#5 C:\xampp7_4_16\htdocs\websitebinan\app\Controllers\Home.php(26): CodeIgniter\BaseModel->findAll(3)
#6 C:\xampp7_4_16\htdocs\websitebinan\system\CodeIgniter.php(934): App\Controllers\Home->home_page()
#7 C:\xampp7_4_16\htdocs\websitebinan\system\CodeIgniter.php(499): CodeIgniter\CodeIgniter->runController(Object(App\Controllers\Home))
#8 C:\xampp7_4_16\htdocs\websitebinan\system\CodeIgniter.php(368): CodeIgniter\CodeIgniter->handleRequest(NULL, Object(Config\Cache), false)
#9 C:\xampp7_4_16\htdocs\websitebinan\public\index.php(67): CodeIgniter\CodeIgniter->run()
#10 {main}
CRITICAL - 2024-07-22 02:24:06 --> Unable to connect to the database.
Main connection [MySQLi]: No connection could be made because the target machine actively refused it.

in SYSTEMPATH\Database\BaseConnection.php on line 427.
 1 SYSTEMPATH\Database\BaseConnection.php(573): CodeIgniter\Database\BaseConnection->initialize()
 2 SYSTEMPATH\Database\BaseBuilder.php(1616): CodeIgniter\Database\BaseConnection->query('SELECT *
FROM `content_tbl`
WHERE `status` = :status:
AND `category` = :category:
ORDER BY `created_date` DESC
 LIMIT 3', [...], false)
 3 SYSTEMPATH\Model.php(241): CodeIgniter\Database\BaseBuilder->get()
 4 SYSTEMPATH\BaseModel.php(618): CodeIgniter\Model->doFindAll(3, 0)
 5 APPPATH\Controllers\Home.php(26): CodeIgniter\BaseModel->findAll(3)
 6 SYSTEMPATH\CodeIgniter.php(934): App\Controllers\Home->home_page()
 7 SYSTEMPATH\CodeIgniter.php(499): CodeIgniter\CodeIgniter->runController(Object(App\Controllers\Home))
 8 SYSTEMPATH\CodeIgniter.php(368): CodeIgniter\CodeIgniter->handleRequest(null, Object(Config\Cache), false)
 9 FCPATH\index.php(67): CodeIgniter\CodeIgniter->run()
ERROR - 2024-07-22 02:26:14 --> Error connecting to the database: mysqli_sql_exception: Unknown database 'websitebinan' in C:\xampp7_4_16\htdocs\websitebinan\system\Database\MySQLi\Connection.php:174
Stack trace:
#0 C:\xampp7_4_16\htdocs\websitebinan\system\Database\MySQLi\Connection.php(174): mysqli->real_connect('localhost', 'root', '', 'websitebinan', 3307, '', 0)
#1 C:\xampp7_4_16\htdocs\websitebinan\system\Database\BaseConnection.php(391): CodeIgniter\Database\MySQLi\Connection->connect(false)
#2 C:\xampp7_4_16\htdocs\websitebinan\system\Database\BaseConnection.php(573): CodeIgniter\Database\BaseConnection->initialize()
#3 C:\xampp7_4_16\htdocs\websitebinan\system\Database\BaseBuilder.php(1616): CodeIgniter\Database\BaseConnection->query('SELECT *\nFROM `...', Array, false)
#4 C:\xampp7_4_16\htdocs\websitebinan\system\Model.php(241): CodeIgniter\Database\BaseBuilder->get()
#5 C:\xampp7_4_16\htdocs\websitebinan\system\BaseModel.php(618): CodeIgniter\Model->doFindAll(3, 0)
#6 C:\xampp7_4_16\htdocs\websitebinan\app\Controllers\Home.php(26): CodeIgniter\BaseModel->findAll(3)
#7 C:\xampp7_4_16\htdocs\websitebinan\system\CodeIgniter.php(934): App\Controllers\Home->home_page()
#8 C:\xampp7_4_16\htdocs\websitebinan\system\CodeIgniter.php(499): CodeIgniter\CodeIgniter->runController(Object(App\Controllers\Home))
#9 C:\xampp7_4_16\htdocs\websitebinan\system\CodeIgniter.php(368): CodeIgniter\CodeIgniter->handleRequest(NULL, Object(Config\Cache), false)
#10 C:\xampp7_4_16\htdocs\websitebinan\public\index.php(67): CodeIgniter\CodeIgniter->run()
#11 {main}

Next CodeIgniter\Database\Exceptions\DatabaseException: Unknown database 'websitebinan' in C:\xampp7_4_16\htdocs\websitebinan\system\Database\MySQLi\Connection.php:218
Stack trace:
#0 C:\xampp7_4_16\htdocs\websitebinan\system\Database\BaseConnection.php(391): CodeIgniter\Database\MySQLi\Connection->connect(false)
#1 C:\xampp7_4_16\htdocs\websitebinan\system\Database\BaseConnection.php(573): CodeIgniter\Database\BaseConnection->initialize()
#2 C:\xampp7_4_16\htdocs\websitebinan\system\Database\BaseBuilder.php(1616): CodeIgniter\Database\BaseConnection->query('SELECT *\nFROM `...', Array, false)
#3 C:\xampp7_4_16\htdocs\websitebinan\system\Model.php(241): CodeIgniter\Database\BaseBuilder->get()
#4 C:\xampp7_4_16\htdocs\websitebinan\system\BaseModel.php(618): CodeIgniter\Model->doFindAll(3, 0)
#5 C:\xampp7_4_16\htdocs\websitebinan\app\Controllers\Home.php(26): CodeIgniter\BaseModel->findAll(3)
#6 C:\xampp7_4_16\htdocs\websitebinan\system\CodeIgniter.php(934): App\Controllers\Home->home_page()
#7 C:\xampp7_4_16\htdocs\websitebinan\system\CodeIgniter.php(499): CodeIgniter\CodeIgniter->runController(Object(App\Controllers\Home))
#8 C:\xampp7_4_16\htdocs\websitebinan\system\CodeIgniter.php(368): CodeIgniter\CodeIgniter->handleRequest(NULL, Object(Config\Cache), false)
#9 C:\xampp7_4_16\htdocs\websitebinan\public\index.php(67): CodeIgniter\CodeIgniter->run()
#10 {main}
CRITICAL - 2024-07-22 02:26:14 --> Unable to connect to the database.
Main connection [MySQLi]: Unknown database 'websitebinan'
in SYSTEMPATH\Database\BaseConnection.php on line 427.
 1 SYSTEMPATH\Database\BaseConnection.php(573): CodeIgniter\Database\BaseConnection->initialize()
 2 SYSTEMPATH\Database\BaseBuilder.php(1616): CodeIgniter\Database\BaseConnection->query('SELECT *
FROM `content_tbl`
WHERE `status` = :status:
AND `category` = :category:
ORDER BY `created_date` DESC
 LIMIT 3', [...], false)
 3 SYSTEMPATH\Model.php(241): CodeIgniter\Database\BaseBuilder->get()
 4 SYSTEMPATH\BaseModel.php(618): CodeIgniter\Model->doFindAll(3, 0)
 5 APPPATH\Controllers\Home.php(26): CodeIgniter\BaseModel->findAll(3)
 6 SYSTEMPATH\CodeIgniter.php(934): App\Controllers\Home->home_page()
 7 SYSTEMPATH\CodeIgniter.php(499): CodeIgniter\CodeIgniter->runController(Object(App\Controllers\Home))
 8 SYSTEMPATH\CodeIgniter.php(368): CodeIgniter\CodeIgniter->handleRequest(null, Object(Config\Cache), false)
 9 FCPATH\index.php(67): CodeIgniter\CodeIgniter->run()
ERROR - 2024-07-22 02:26:15 --> Error connecting to the database: mysqli_sql_exception: Unknown database 'websitebinan' in C:\xampp7_4_16\htdocs\websitebinan\system\Database\MySQLi\Connection.php:174
Stack trace:
#0 C:\xampp7_4_16\htdocs\websitebinan\system\Database\MySQLi\Connection.php(174): mysqli->real_connect('localhost', 'root', '', 'websitebinan', 3307, '', 0)
#1 C:\xampp7_4_16\htdocs\websitebinan\system\Database\BaseConnection.php(391): CodeIgniter\Database\MySQLi\Connection->connect(false)
#2 C:\xampp7_4_16\htdocs\websitebinan\system\Database\BaseConnection.php(573): CodeIgniter\Database\BaseConnection->initialize()
#3 C:\xampp7_4_16\htdocs\websitebinan\system\Database\BaseBuilder.php(1616): CodeIgniter\Database\BaseConnection->query('SELECT *\nFROM `...', Array, false)
#4 C:\xampp7_4_16\htdocs\websitebinan\system\Model.php(241): CodeIgniter\Database\BaseBuilder->get()
#5 C:\xampp7_4_16\htdocs\websitebinan\system\BaseModel.php(618): CodeIgniter\Model->doFindAll(3, 0)
#6 C:\xampp7_4_16\htdocs\websitebinan\app\Controllers\Home.php(26): CodeIgniter\BaseModel->findAll(3)
#7 C:\xampp7_4_16\htdocs\websitebinan\system\CodeIgniter.php(934): App\Controllers\Home->home_page()
#8 C:\xampp7_4_16\htdocs\websitebinan\system\CodeIgniter.php(499): CodeIgniter\CodeIgniter->runController(Object(App\Controllers\Home))
#9 C:\xampp7_4_16\htdocs\websitebinan\system\CodeIgniter.php(368): CodeIgniter\CodeIgniter->handleRequest(NULL, Object(Config\Cache), false)
#10 C:\xampp7_4_16\htdocs\websitebinan\public\index.php(67): CodeIgniter\CodeIgniter->run()
#11 {main}

Next CodeIgniter\Database\Exceptions\DatabaseException: Unknown database 'websitebinan' in C:\xampp7_4_16\htdocs\websitebinan\system\Database\MySQLi\Connection.php:218
Stack trace:
#0 C:\xampp7_4_16\htdocs\websitebinan\system\Database\BaseConnection.php(391): CodeIgniter\Database\MySQLi\Connection->connect(false)
#1 C:\xampp7_4_16\htdocs\websitebinan\system\Database\BaseConnection.php(573): CodeIgniter\Database\BaseConnection->initialize()
#2 C:\xampp7_4_16\htdocs\websitebinan\system\Database\BaseBuilder.php(1616): CodeIgniter\Database\BaseConnection->query('SELECT *\nFROM `...', Array, false)
#3 C:\xampp7_4_16\htdocs\websitebinan\system\Model.php(241): CodeIgniter\Database\BaseBuilder->get()
#4 C:\xampp7_4_16\htdocs\websitebinan\system\BaseModel.php(618): CodeIgniter\Model->doFindAll(3, 0)
#5 C:\xampp7_4_16\htdocs\websitebinan\app\Controllers\Home.php(26): CodeIgniter\BaseModel->findAll(3)
#6 C:\xampp7_4_16\htdocs\websitebinan\system\CodeIgniter.php(934): App\Controllers\Home->home_page()
#7 C:\xampp7_4_16\htdocs\websitebinan\system\CodeIgniter.php(499): CodeIgniter\CodeIgniter->runController(Object(App\Controllers\Home))
#8 C:\xampp7_4_16\htdocs\websitebinan\system\CodeIgniter.php(368): CodeIgniter\CodeIgniter->handleRequest(NULL, Object(Config\Cache), false)
#9 C:\xampp7_4_16\htdocs\websitebinan\public\index.php(67): CodeIgniter\CodeIgniter->run()
#10 {main}
CRITICAL - 2024-07-22 02:26:15 --> Unable to connect to the database.
Main connection [MySQLi]: Unknown database 'websitebinan'
in SYSTEMPATH\Database\BaseConnection.php on line 427.
 1 SYSTEMPATH\Database\BaseConnection.php(573): CodeIgniter\Database\BaseConnection->initialize()
 2 SYSTEMPATH\Database\BaseBuilder.php(1616): CodeIgniter\Database\BaseConnection->query('SELECT *
FROM `content_tbl`
WHERE `status` = :status:
AND `category` = :category:
ORDER BY `created_date` DESC
 LIMIT 3', [...], false)
 3 SYSTEMPATH\Model.php(241): CodeIgniter\Database\BaseBuilder->get()
 4 SYSTEMPATH\BaseModel.php(618): CodeIgniter\Model->doFindAll(3, 0)
 5 APPPATH\Controllers\Home.php(26): CodeIgniter\BaseModel->findAll(3)
 6 SYSTEMPATH\CodeIgniter.php(934): App\Controllers\Home->home_page()
 7 SYSTEMPATH\CodeIgniter.php(499): CodeIgniter\CodeIgniter->runController(Object(App\Controllers\Home))
 8 SYSTEMPATH\CodeIgniter.php(368): CodeIgniter\CodeIgniter->handleRequest(null, Object(Config\Cache), false)
 9 FCPATH\index.php(67): CodeIgniter\CodeIgniter->run()
ERROR - 2024-07-22 02:26:16 --> Error connecting to the database: mysqli_sql_exception: Unknown database 'websitebinan' in C:\xampp7_4_16\htdocs\websitebinan\system\Database\MySQLi\Connection.php:174
Stack trace:
#0 C:\xampp7_4_16\htdocs\websitebinan\system\Database\MySQLi\Connection.php(174): mysqli->real_connect('localhost', 'root', '', 'websitebinan', 3307, '', 0)
#1 C:\xampp7_4_16\htdocs\websitebinan\system\Database\BaseConnection.php(391): CodeIgniter\Database\MySQLi\Connection->connect(false)
#2 C:\xampp7_4_16\htdocs\websitebinan\system\Database\BaseConnection.php(573): CodeIgniter\Database\BaseConnection->initialize()
#3 C:\xampp7_4_16\htdocs\websitebinan\system\Database\BaseBuilder.php(1616): CodeIgniter\Database\BaseConnection->query('SELECT *\nFROM `...', Array, false)
#4 C:\xampp7_4_16\htdocs\websitebinan\system\Model.php(241): CodeIgniter\Database\BaseBuilder->get()
#5 C:\xampp7_4_16\htdocs\websitebinan\system\BaseModel.php(618): CodeIgniter\Model->doFindAll(3, 0)
#6 C:\xampp7_4_16\htdocs\websitebinan\app\Controllers\Home.php(26): CodeIgniter\BaseModel->findAll(3)
#7 C:\xampp7_4_16\htdocs\websitebinan\system\CodeIgniter.php(934): App\Controllers\Home->home_page()
#8 C:\xampp7_4_16\htdocs\websitebinan\system\CodeIgniter.php(499): CodeIgniter\CodeIgniter->runController(Object(App\Controllers\Home))
#9 C:\xampp7_4_16\htdocs\websitebinan\system\CodeIgniter.php(368): CodeIgniter\CodeIgniter->handleRequest(NULL, Object(Config\Cache), false)
#10 C:\xampp7_4_16\htdocs\websitebinan\public\index.php(67): CodeIgniter\CodeIgniter->run()
#11 {main}

Next CodeIgniter\Database\Exceptions\DatabaseException: Unknown database 'websitebinan' in C:\xampp7_4_16\htdocs\websitebinan\system\Database\MySQLi\Connection.php:218
Stack trace:
#0 C:\xampp7_4_16\htdocs\websitebinan\system\Database\BaseConnection.php(391): CodeIgniter\Database\MySQLi\Connection->connect(false)
#1 C:\xampp7_4_16\htdocs\websitebinan\system\Database\BaseConnection.php(573): CodeIgniter\Database\BaseConnection->initialize()
#2 C:\xampp7_4_16\htdocs\websitebinan\system\Database\BaseBuilder.php(1616): CodeIgniter\Database\BaseConnection->query('SELECT *\nFROM `...', Array, false)
#3 C:\xampp7_4_16\htdocs\websitebinan\system\Model.php(241): CodeIgniter\Database\BaseBuilder->get()
#4 C:\xampp7_4_16\htdocs\websitebinan\system\BaseModel.php(618): CodeIgniter\Model->doFindAll(3, 0)
#5 C:\xampp7_4_16\htdocs\websitebinan\app\Controllers\Home.php(26): CodeIgniter\BaseModel->findAll(3)
#6 C:\xampp7_4_16\htdocs\websitebinan\system\CodeIgniter.php(934): App\Controllers\Home->home_page()
#7 C:\xampp7_4_16\htdocs\websitebinan\system\CodeIgniter.php(499): CodeIgniter\CodeIgniter->runController(Object(App\Controllers\Home))
#8 C:\xampp7_4_16\htdocs\websitebinan\system\CodeIgniter.php(368): CodeIgniter\CodeIgniter->handleRequest(NULL, Object(Config\Cache), false)
#9 C:\xampp7_4_16\htdocs\websitebinan\public\index.php(67): CodeIgniter\CodeIgniter->run()
#10 {main}
CRITICAL - 2024-07-22 02:26:16 --> Unable to connect to the database.
Main connection [MySQLi]: Unknown database 'websitebinan'
in SYSTEMPATH\Database\BaseConnection.php on line 427.
 1 SYSTEMPATH\Database\BaseConnection.php(573): CodeIgniter\Database\BaseConnection->initialize()
 2 SYSTEMPATH\Database\BaseBuilder.php(1616): CodeIgniter\Database\BaseConnection->query('SELECT *
FROM `content_tbl`
WHERE `status` = :status:
AND `category` = :category:
ORDER BY `created_date` DESC
 LIMIT 3', [...], false)
 3 SYSTEMPATH\Model.php(241): CodeIgniter\Database\BaseBuilder->get()
 4 SYSTEMPATH\BaseModel.php(618): CodeIgniter\Model->doFindAll(3, 0)
 5 APPPATH\Controllers\Home.php(26): CodeIgniter\BaseModel->findAll(3)
 6 SYSTEMPATH\CodeIgniter.php(934): App\Controllers\Home->home_page()
 7 SYSTEMPATH\CodeIgniter.php(499): CodeIgniter\CodeIgniter->runController(Object(App\Controllers\Home))
 8 SYSTEMPATH\CodeIgniter.php(368): CodeIgniter\CodeIgniter->handleRequest(null, Object(Config\Cache), false)
 9 FCPATH\index.php(67): CodeIgniter\CodeIgniter->run()
INFO - 2024-07-22 02:27:32 --> Session: Class initialized using 'CodeIgniter\Session\Handlers\FileHandler' driver.
INFO - 2024-07-22 02:27:32 --> Session: Class initialized using 'CodeIgniter\Session\Handlers\FileHandler' driver.
INFO - 2024-07-22 02:27:32 --> Session: Class initialized using 'CodeIgniter\Session\Handlers\FileHandler' driver.
INFO - 2024-07-22 02:27:32 --> Session: Class initialized using 'CodeIgniter\Session\Handlers\FileHandler' driver.
INFO - 2024-07-22 02:27:58 --> Session: Class initialized using 'CodeIgniter\Session\Handlers\FileHandler' driver.
ERROR - 2024-07-22 02:27:58 --> File not found: C:\xampp7_4_16\htdocs\websitebinan\writable\uploads\CITYOFFICIAL\1721145269_cfbf5b98951bf521ec0d.jpg
INFO - 2024-07-22 02:27:58 --> Session: Class initialized using 'CodeIgniter\Session\Handlers\FileHandler' driver.
ERROR - 2024-07-22 02:27:58 --> File not found: C:\xampp7_4_16\htdocs\websitebinan\writable\uploads\CITYOFFICIAL\1721145251_c3b53dd469371b1d2c4c.jpg
INFO - 2024-07-22 02:27:58 --> Session: Class initialized using 'CodeIgniter\Session\Handlers\FileHandler' driver.
ERROR - 2024-07-22 02:27:58 --> File not found: C:\xampp7_4_16\htdocs\websitebinan\writable\uploads\CITYOFFICIAL\1721145319_e11fc64255f2970824de.jpg
INFO - 2024-07-22 02:29:32 --> Session: Class initialized using 'CodeIgniter\Session\Handlers\FileHandler' driver.
INFO - 2024-07-22 02:29:37 --> Session: Class initialized using 'CodeIgniter\Session\Handlers\FileHandler' driver.
INFO - 2024-07-22 02:29:37 --> Session: Class initialized using 'CodeIgniter\Session\Handlers\FileHandler' driver.
INFO - 2024-07-22 02:29:39 --> Session: Class initialized using 'CodeIgniter\Session\Handlers\FileHandler' driver.
INFO - 2024-07-22 02:29:39 --> Session: Class initialized using 'CodeIgniter\Session\Handlers\FileHandler' driver.
INFO - 2024-07-22 02:29:39 --> Session: Class initialized using 'CodeIgniter\Session\Handlers\FileHandler' driver.
INFO - 2024-07-22 02:29:39 --> Session: Class initialized using 'CodeIgniter\Session\Handlers\FileHandler' driver.
INFO - 2024-07-22 02:29:39 --> Session: Class initialized using 'CodeIgniter\Session\Handlers\FileHandler' driver.
INFO - 2024-07-22 02:29:39 --> Session: Class initialized using 'CodeIgniter\Session\Handlers\FileHandler' driver.
INFO - 2024-07-22 02:29:39 --> Session: Class initialized using 'CodeIgniter\Session\Handlers\FileHandler' driver.
INFO - 2024-07-22 02:29:39 --> Session: Class initialized using 'CodeIgniter\Session\Handlers\FileHandler' driver.
INFO - 2024-07-22 02:29:39 --> Session: Class initialized using 'CodeIgniter\Session\Handlers\FileHandler' driver.
INFO - 2024-07-22 02:29:39 --> Session: Class initialized using 'CodeIgniter\Session\Handlers\FileHandler' driver.
INFO - 2024-07-22 02:29:39 --> Session: Class initialized using 'CodeIgniter\Session\Handlers\FileHandler' driver.
INFO - 2024-07-22 02:29:40 --> Session: Class initialized using 'CodeIgniter\Session\Handlers\FileHandler' driver.
INFO - 2024-07-22 02:29:40 --> Session: Class initialized using 'CodeIgniter\Session\Handlers\FileHandler' driver.
INFO - 2024-07-22 02:29:40 --> Session: Class initialized using 'CodeIgniter\Session\Handlers\FileHandler' driver.
INFO - 2024-07-22 02:29:40 --> Session: Class initialized using 'CodeIgniter\Session\Handlers\FileHandler' driver.
INFO - 2024-07-22 02:29:40 --> Session: Class initialized using 'CodeIgniter\Session\Handlers\FileHandler' driver.
INFO - 2024-07-22 02:29:40 --> Session: Class initialized using 'CodeIgniter\Session\Handlers\FileHandler' driver.
INFO - 2024-07-22 02:29:43 --> Session: Class initialized using 'CodeIgniter\Session\Handlers\FileHandler' driver.
INFO - 2024-07-22 02:29:43 --> Session: Class initialized using 'CodeIgniter\Session\Handlers\FileHandler' driver.
INFO - 2024-07-22 02:29:43 --> Session: Class initialized using 'CodeIgniter\Session\Handlers\FileHandler' driver.
ERROR - 2024-07-22 02:29:43 --> File not found: C:\xampp7_4_16\htdocs\websitebinan\writable\uploads\CITYOFFICIAL\1721145251_c3b53dd469371b1d2c4c.jpg
INFO - 2024-07-22 02:29:43 --> Session: Class initialized using 'CodeIgniter\Session\Handlers\FileHandler' driver.
ERROR - 2024-07-22 02:29:43 --> File not found: C:\xampp7_4_16\htdocs\websitebinan\writable\uploads\CITYOFFICIAL\1721145319_e11fc64255f2970824de.jpg
INFO - 2024-07-22 02:29:43 --> Session: Class initialized using 'CodeIgniter\Session\Handlers\FileHandler' driver.
ERROR - 2024-07-22 02:29:43 --> File not found: C:\xampp7_4_16\htdocs\websitebinan\writable\uploads\CITYOFFICIAL\1721145269_cfbf5b98951bf521ec0d.jpg
INFO - 2024-07-22 02:29:45 --> Session: Class initialized using 'CodeIgniter\Session\Handlers\FileHandler' driver.
INFO - 2024-07-22 02:29:53 --> Session: Class initialized using 'CodeIgniter\Session\Handlers\FileHandler' driver.
ERROR - 2024-07-22 02:29:53 --> File not found: C:\xampp7_4_16\htdocs\websitebinan\writable\uploads\CITYOFFICIAL\1721145269_cfbf5b98951bf521ec0d.jpg
INFO - 2024-07-22 02:29:53 --> Session: Class initialized using 'CodeIgniter\Session\Handlers\FileHandler' driver.
ERROR - 2024-07-22 02:29:53 --> File not found: C:\xampp7_4_16\htdocs\websitebinan\writable\uploads\CITYOFFICIAL\1721145251_c3b53dd469371b1d2c4c.jpg
INFO - 2024-07-22 02:29:53 --> Session: Class initialized using 'CodeIgniter\Session\Handlers\FileHandler' driver.
ERROR - 2024-07-22 02:29:53 --> File not found: C:\xampp7_4_16\htdocs\websitebinan\writable\uploads\CITYOFFICIAL\1721145319_e11fc64255f2970824de.jpg
INFO - 2024-07-22 02:29:54 --> Session: Class initialized using 'CodeIgniter\Session\Handlers\FileHandler' driver.
ERROR - 2024-07-22 02:29:54 --> File not found: C:\xampp7_4_16\htdocs\websitebinan\writable\uploads\CITYOFFICIAL\1721145269_cfbf5b98951bf521ec0d.jpg
INFO - 2024-07-22 02:29:54 --> Session: Class initialized using 'CodeIgniter\Session\Handlers\FileHandler' driver.
ERROR - 2024-07-22 02:29:54 --> File not found: C:\xampp7_4_16\htdocs\websitebinan\writable\uploads\CITYOFFICIAL\1721145251_c3b53dd469371b1d2c4c.jpg
INFO - 2024-07-22 02:29:54 --> Session: Class initialized using 'CodeIgniter\Session\Handlers\FileHandler' driver.
ERROR - 2024-07-22 02:29:54 --> File not found: C:\xampp7_4_16\htdocs\websitebinan\writable\uploads\CITYOFFICIAL\1721145319_e11fc64255f2970824de.jpg
INFO - 2024-07-22 02:30:00 --> Session: Class initialized using 'CodeIgniter\Session\Handlers\FileHandler' driver.
ERROR - 2024-07-22 02:30:00 --> File not found: C:\xampp7_4_16\htdocs\websitebinan\writable\uploads\CITYOFFICIAL\1721145269_cfbf5b98951bf521ec0d.jpg
INFO - 2024-07-22 02:30:00 --> Session: Class initialized using 'CodeIgniter\Session\Handlers\FileHandler' driver.
ERROR - 2024-07-22 02:30:00 --> File not found: C:\xampp7_4_16\htdocs\websitebinan\writable\uploads\CITYOFFICIAL\1721145251_c3b53dd469371b1d2c4c.jpg
INFO - 2024-07-22 02:30:00 --> Session: Class initialized using 'CodeIgniter\Session\Handlers\FileHandler' driver.
ERROR - 2024-07-22 02:30:00 --> File not found: C:\xampp7_4_16\htdocs\websitebinan\writable\uploads\CITYOFFICIAL\1721145319_e11fc64255f2970824de.jpg
INFO - 2024-07-22 03:50:05 --> Session: Class initialized using 'CodeIgniter\Session\Handlers\FileHandler' driver.
INFO - 2024-07-22 03:50:05 --> Session: Class initialized using 'CodeIgniter\Session\Handlers\FileHandler' driver.
INFO - 2024-07-22 03:50:05 --> Session: Class initialized using 'CodeIgniter\Session\Handlers\FileHandler' driver.
INFO - 2024-07-22 03:50:05 --> Session: Class initialized using 'CodeIgniter\Session\Handlers\FileHandler' driver.
INFO - 2024-07-22 03:50:09 --> Session: Class initialized using 'CodeIgniter\Session\Handlers\FileHandler' driver.
INFO - 2024-07-22 03:50:09 --> Session: Class initialized using 'CodeIgniter\Session\Handlers\FileHandler' driver.
INFO - 2024-07-22 03:50:09 --> Session: Class initialized using 'CodeIgniter\Session\Handlers\FileHandler' driver.
INFO - 2024-07-22 04:11:46 --> Session: Class initialized using 'CodeIgniter\Session\Handlers\FileHandler' driver.
INFO - 2024-07-22 04:11:46 --> Session: Class initialized using 'CodeIgniter\Session\Handlers\FileHandler' driver.
INFO - 2024-07-22 04:11:46 --> Session: Class initialized using 'CodeIgniter\Session\Handlers\FileHandler' driver.
INFO - 2024-07-22 04:11:46 --> Session: Class initialized using 'CodeIgniter\Session\Handlers\FileHandler' driver.
INFO - 2024-07-22 04:11:46 --> Session: Class initialized using 'CodeIgniter\Session\Handlers\FileHandler' driver.
INFO - 2024-07-22 04:11:51 --> Session: Class initialized using 'CodeIgniter\Session\Handlers\FileHandler' driver.
INFO - 2024-07-22 04:11:51 --> Session: Class initialized using 'CodeIgniter\Session\Handlers\FileHandler' driver.
INFO - 2024-07-22 04:11:51 --> Session: Class initialized using 'CodeIgniter\Session\Handlers\FileHandler' driver.
INFO - 2024-07-22 04:11:51 --> Session: Class initialized using 'CodeIgniter\Session\Handlers\FileHandler' driver.
INFO - 2024-07-22 04:11:51 --> Session: Class initialized using 'CodeIgniter\Session\Handlers\FileHandler' driver.
INFO - 2024-07-22 04:11:51 --> Session: Class initialized using 'CodeIgniter\Session\Handlers\FileHandler' driver.
INFO - 2024-07-22 04:11:54 --> Session: Class initialized using 'CodeIgniter\Session\Handlers\FileHandler' driver.
INFO - 2024-07-22 04:11:54 --> Session: Class initialized using 'CodeIgniter\Session\Handlers\FileHandler' driver.
INFO - 2024-07-22 05:13:54 --> Session: Class initialized using 'CodeIgniter\Session\Handlers\FileHandler' driver.
INFO - 2024-07-22 05:13:54 --> Session: Class initialized using 'CodeIgniter\Session\Handlers\FileHandler' driver.
INFO - 2024-07-22 05:14:40 --> Session: Class initialized using 'CodeIgniter\Session\Handlers\FileHandler' driver.
INFO - 2024-07-22 05:14:40 --> Session: Class initialized using 'CodeIgniter\Session\Handlers\FileHandler' driver.
INFO - 2024-07-22 05:14:41 --> Session: Class initialized using 'CodeIgniter\Session\Handlers\FileHandler' driver.
INFO - 2024-07-22 05:14:41 --> Session: Class initialized using 'CodeIgniter\Session\Handlers\FileHandler' driver.
INFO - 2024-07-22 05:14:41 --> Session: Class initialized using 'CodeIgniter\Session\Handlers\FileHandler' driver.
INFO - 2024-07-22 05:14:43 --> Session: Class initialized using 'CodeIgniter\Session\Handlers\FileHandler' driver.
INFO - 2024-07-22 05:28:25 --> Session: Class initialized using 'CodeIgniter\Session\Handlers\FileHandler' driver.
INFO - 2024-07-22 05:28:25 --> Session: Class initialized using 'CodeIgniter\Session\Handlers\FileHandler' driver.
INFO - 2024-07-22 05:28:25 --> Session: Class initialized using 'CodeIgniter\Session\Handlers\FileHandler' driver.
INFO - 2024-07-22 05:28:25 --> Session: Class initialized using 'CodeIgniter\Session\Handlers\FileHandler' driver.
INFO - 2024-07-22 05:28:29 --> Session: Class initialized using 'CodeIgniter\Session\Handlers\FileHandler' driver.
ERROR - 2024-07-22 05:28:29 --> File not found: C:\xampp7_4_16\htdocs\websitebinan\writable\uploads\CITYOFFICIAL\1721145269_cfbf5b98951bf521ec0d.jpg
INFO - 2024-07-22 05:28:29 --> Session: Class initialized using 'CodeIgniter\Session\Handlers\FileHandler' driver.
ERROR - 2024-07-22 05:28:29 --> File not found: C:\xampp7_4_16\htdocs\websitebinan\writable\uploads\CITYOFFICIAL\1721145251_c3b53dd469371b1d2c4c.jpg
INFO - 2024-07-22 05:28:29 --> Session: Class initialized using 'CodeIgniter\Session\Handlers\FileHandler' driver.
ERROR - 2024-07-22 05:28:29 --> File not found: C:\xampp7_4_16\htdocs\websitebinan\writable\uploads\CITYOFFICIAL\1721145319_e11fc64255f2970824de.jpg
INFO - 2024-07-22 05:31:42 --> Session: Class initialized using 'CodeIgniter\Session\Handlers\FileHandler' driver.
INFO - 2024-07-22 05:31:42 --> Session: Class initialized using 'CodeIgniter\Session\Handlers\FileHandler' driver.
INFO - 2024-07-22 05:31:42 --> Session: Class initialized using 'CodeIgniter\Session\Handlers\FileHandler' driver.
INFO - 2024-07-22 05:31:42 --> Session: Class initialized using 'CodeIgniter\Session\Handlers\FileHandler' driver.
INFO - 2024-07-22 05:31:42 --> Session: Class initialized using 'CodeIgniter\Session\Handlers\FileHandler' driver.
INFO - 2024-07-22 05:31:42 --> Session: Class initialized using 'CodeIgniter\Session\Handlers\FileHandler' driver.
INFO - 2024-07-22 05:31:44 --> Session: Class initialized using 'CodeIgniter\Session\Handlers\FileHandler' driver.
INFO - 2024-07-22 05:31:44 --> Session: Class initialized using 'CodeIgniter\Session\Handlers\FileHandler' driver.
INFO - 2024-07-22 05:31:52 --> Session: Class initialized using 'CodeIgniter\Session\Handlers\FileHandler' driver.
INFO - 2024-07-22 05:31:52 --> Session: Class initialized using 'CodeIgniter\Session\Handlers\FileHandler' driver.
INFO - 2024-07-22 05:31:52 --> Session: Class initialized using 'CodeIgniter\Session\Handlers\FileHandler' driver.
INFO - 2024-07-22 05:31:52 --> Session: Class initialized using 'CodeIgniter\Session\Handlers\FileHandler' driver.
INFO - 2024-07-22 05:31:52 --> Session: Class initialized using 'CodeIgniter\Session\Handlers\FileHandler' driver.
INFO - 2024-07-22 05:31:56 --> Session: Class initialized using 'CodeIgniter\Session\Handlers\FileHandler' driver.
INFO - 2024-07-22 05:33:21 --> Session: Class initialized using 'CodeIgniter\Session\Handlers\FileHandler' driver.
INFO - 2024-07-22 05:34:26 --> Session: Class initialized using 'CodeIgniter\Session\Handlers\FileHandler' driver.
INFO - 2024-07-22 05:34:31 --> Session: Class initialized using 'CodeIgniter\Session\Handlers\FileHandler' driver.
INFO - 2024-07-22 05:34:31 --> Session: Class initialized using 'CodeIgniter\Session\Handlers\FileHandler' driver.
INFO - 2024-07-22 05:34:31 --> Session: Class initialized using 'CodeIgniter\Session\Handlers\FileHandler' driver.
INFO - 2024-07-22 05:34:31 --> Session: Class initialized using 'CodeIgniter\Session\Handlers\FileHandler' driver.
INFO - 2024-07-22 05:34:31 --> Session: Class initialized using 'CodeIgniter\Session\Handlers\FileHandler' driver.
INFO - 2024-07-22 05:35:24 --> Session: Class initialized using 'CodeIgniter\Session\Handlers\FileHandler' driver.
INFO - 2024-07-22 05:35:24 --> Session: Class initialized using 'CodeIgniter\Session\Handlers\FileHandler' driver.
INFO - 2024-07-22 05:35:24 --> Session: Class initialized using 'CodeIgniter\Session\Handlers\FileHandler' driver.
INFO - 2024-07-22 05:35:24 --> Session: Class initialized using 'CodeIgniter\Session\Handlers\FileHandler' driver.
INFO - 2024-07-22 05:35:24 --> Session: Class initialized using 'CodeIgniter\Session\Handlers\FileHandler' driver.
INFO - 2024-07-22 05:35:24 --> Session: Class initialized using 'CodeIgniter\Session\Handlers\FileHandler' driver.
INFO - 2024-07-22 05:35:26 --> Session: Class initialized using 'CodeIgniter\Session\Handlers\FileHandler' driver.
INFO - 2024-07-22 05:35:26 --> Session: Class initialized using 'CodeIgniter\Session\Handlers\FileHandler' driver.
INFO - 2024-07-22 05:36:36 --> Session: Class initialized using 'CodeIgniter\Session\Handlers\FileHandler' driver.
INFO - 2024-07-22 05:36:36 --> Session: Class initialized using 'CodeIgniter\Session\Handlers\FileHandler' driver.
INFO - 2024-07-22 05:42:31 --> Session: Class initialized using 'CodeIgniter\Session\Handlers\FileHandler' driver.
INFO - 2024-07-22 05:42:31 --> Session: Class initialized using 'CodeIgniter\Session\Handlers\FileHandler' driver.
INFO - 2024-07-22 05:42:31 --> Session: Class initialized using 'CodeIgniter\Session\Handlers\FileHandler' driver.
INFO - 2024-07-22 05:42:31 --> Session: Class initialized using 'CodeIgniter\Session\Handlers\FileHandler' driver.
INFO - 2024-07-22 05:42:31 --> Session: Class initialized using 'CodeIgniter\Session\Handlers\FileHandler' driver.
INFO - 2024-07-22 05:42:31 --> Session: Class initialized using 'CodeIgniter\Session\Handlers\FileHandler' driver.
INFO - 2024-07-22 05:43:06 --> Session: Class initialized using 'CodeIgniter\Session\Handlers\FileHandler' driver.
INFO - 2024-07-22 05:43:06 --> Session: Class initialized using 'CodeIgniter\Session\Handlers\FileHandler' driver.
INFO - 2024-07-22 05:43:06 --> Session: Class initialized using 'CodeIgniter\Session\Handlers\FileHandler' driver.
INFO - 2024-07-22 05:43:06 --> Session: Class initialized using 'CodeIgniter\Session\Handlers\FileHandler' driver.
INFO - 2024-07-22 05:43:06 --> Session: Class initialized using 'CodeIgniter\Session\Handlers\FileHandler' driver.
INFO - 2024-07-22 05:43:06 --> Session: Class initialized using 'CodeIgniter\Session\Handlers\FileHandler' driver.
INFO - 2024-07-22 05:43:39 --> Session: Class initialized using 'CodeIgniter\Session\Handlers\FileHandler' driver.
INFO - 2024-07-22 05:43:39 --> Session: Class initialized using 'CodeIgniter\Session\Handlers\FileHandler' driver.
INFO - 2024-07-22 05:43:39 --> Session: Class initialized using 'CodeIgniter\Session\Handlers\FileHandler' driver.
INFO - 2024-07-22 05:43:39 --> Session: Class initialized using 'CodeIgniter\Session\Handlers\FileHandler' driver.
INFO - 2024-07-22 05:43:39 --> Session: Class initialized using 'CodeIgniter\Session\Handlers\FileHandler' driver.
INFO - 2024-07-22 05:43:39 --> Session: Class initialized using 'CodeIgniter\Session\Handlers\FileHandler' driver.
INFO - 2024-07-22 05:44:04 --> Session: Class initialized using 'CodeIgniter\Session\Handlers\FileHandler' driver.
INFO - 2024-07-22 05:44:04 --> Session: Class initialized using 'CodeIgniter\Session\Handlers\FileHandler' driver.
INFO - 2024-07-22 05:44:04 --> Session: Class initialized using 'CodeIgniter\Session\Handlers\FileHandler' driver.
INFO - 2024-07-22 05:44:04 --> Session: Class initialized using 'CodeIgniter\Session\Handlers\FileHandler' driver.
INFO - 2024-07-22 05:44:04 --> Session: Class initialized using 'CodeIgniter\Session\Handlers\FileHandler' driver.
INFO - 2024-07-22 05:44:04 --> Session: Class initialized using 'CodeIgniter\Session\Handlers\FileHandler' driver.
INFO - 2024-07-22 05:44:44 --> Session: Class initialized using 'CodeIgniter\Session\Handlers\FileHandler' driver.
INFO - 2024-07-22 05:44:44 --> Session: Class initialized using 'CodeIgniter\Session\Handlers\FileHandler' driver.
INFO - 2024-07-22 05:44:44 --> Session: Class initialized using 'CodeIgniter\Session\Handlers\FileHandler' driver.
INFO - 2024-07-22 05:44:44 --> Session: Class initialized using 'CodeIgniter\Session\Handlers\FileHandler' driver.
INFO - 2024-07-22 05:44:44 --> Session: Class initialized using 'CodeIgniter\Session\Handlers\FileHandler' driver.
INFO - 2024-07-22 05:44:44 --> Session: Class initialized using 'CodeIgniter\Session\Handlers\FileHandler' driver.
INFO - 2024-07-22 05:44:59 --> Session: Class initialized using 'CodeIgniter\Session\Handlers\FileHandler' driver.
INFO - 2024-07-22 05:44:59 --> Session: Class initialized using 'CodeIgniter\Session\Handlers\FileHandler' driver.
INFO - 2024-07-22 05:46:25 --> Session: Class initialized using 'CodeIgniter\Session\Handlers\FileHandler' driver.
INFO - 2024-07-22 05:46:25 --> Session: Class initialized using 'CodeIgniter\Session\Handlers\FileHandler' driver.
INFO - 2024-07-22 05:46:25 --> Session: Class initialized using 'CodeIgniter\Session\Handlers\FileHandler' driver.
INFO - 2024-07-22 05:46:25 --> Session: Class initialized using 'CodeIgniter\Session\Handlers\FileHandler' driver.
INFO - 2024-07-22 05:46:25 --> Session: Class initialized using 'CodeIgniter\Session\Handlers\FileHandler' driver.
INFO - 2024-07-22 05:46:28 --> Session: Class initialized using 'CodeIgniter\Session\Handlers\FileHandler' driver.
INFO - 2024-07-22 05:48:50 --> Session: Class initialized using 'CodeIgniter\Session\Handlers\FileHandler' driver.
INFO - 2024-07-22 05:48:50 --> Session: Class initialized using 'CodeIgniter\Session\Handlers\FileHandler' driver.
INFO - 2024-07-22 05:48:51 --> Session: Class initialized using 'CodeIgniter\Session\Handlers\FileHandler' driver.
INFO - 2024-07-22 05:48:51 --> Session: Class initialized using 'CodeIgniter\Session\Handlers\FileHandler' driver.
INFO - 2024-07-22 05:48:51 --> Session: Class initialized using 'CodeIgniter\Session\Handlers\FileHandler' driver.
INFO - 2024-07-22 05:48:51 --> Session: Class initialized using 'CodeIgniter\Session\Handlers\FileHandler' driver.
INFO - 2024-07-22 05:48:52 --> Session: Class initialized using 'CodeIgniter\Session\Handlers\FileHandler' driver.
INFO - 2024-07-22 05:48:52 --> Session: Class initialized using 'CodeIgniter\Session\Handlers\FileHandler' driver.
INFO - 2024-07-22 05:48:53 --> Session: Class initialized using 'CodeIgniter\Session\Handlers\FileHandler' driver.
INFO - 2024-07-22 05:48:53 --> Session: Class initialized using 'CodeIgniter\Session\Handlers\FileHandler' driver.
INFO - 2024-07-22 05:48:53 --> Session: Class initialized using 'CodeIgniter\Session\Handlers\FileHandler' driver.
INFO - 2024-07-22 05:48:58 --> Session: Class initialized using 'CodeIgniter\Session\Handlers\FileHandler' driver.
INFO - 2024-07-22 05:49:41 --> Session: Class initialized using 'CodeIgniter\Session\Handlers\FileHandler' driver.
INFO - 2024-07-22 05:49:47 --> Session: Class initialized using 'CodeIgniter\Session\Handlers\FileHandler' driver.
INFO - 2024-07-22 05:49:47 --> Session: Class initialized using 'CodeIgniter\Session\Handlers\FileHandler' driver.
INFO - 2024-07-22 05:49:47 --> Session: Class initialized using 'CodeIgniter\Session\Handlers\FileHandler' driver.
INFO - 2024-07-22 05:49:47 --> Session: Class initialized using 'CodeIgniter\Session\Handlers\FileHandler' driver.
INFO - 2024-07-22 05:49:50 --> Session: Class initialized using 'CodeIgniter\Session\Handlers\FileHandler' driver.
INFO - 2024-07-22 05:49:50 --> Session: Class initialized using 'CodeIgniter\Session\Handlers\FileHandler' driver.
INFO - 2024-07-22 05:49:50 --> Session: Class initialized using 'CodeIgniter\Session\Handlers\FileHandler' driver.
INFO - 2024-07-22 05:49:50 --> Session: Class initialized using 'CodeIgniter\Session\Handlers\FileHandler' driver.
INFO - 2024-07-22 05:49:50 --> Session: Class initialized using 'CodeIgniter\Session\Handlers\FileHandler' driver.
INFO - 2024-07-22 05:49:51 --> Session: Class initialized using 'CodeIgniter\Session\Handlers\FileHandler' driver.
INFO - 2024-07-22 05:50:09 --> Session: Class initialized using 'CodeIgniter\Session\Handlers\FileHandler' driver.
INFO - 2024-07-22 05:50:09 --> Session: Class initialized using 'CodeIgniter\Session\Handlers\FileHandler' driver.
INFO - 2024-07-22 05:50:09 --> Session: Class initialized using 'CodeIgniter\Session\Handlers\FileHandler' driver.
INFO - 2024-07-22 05:50:09 --> Session: Class initialized using 'CodeIgniter\Session\Handlers\FileHandler' driver.
INFO - 2024-07-22 05:50:09 --> Session: Class initialized using 'CodeIgniter\Session\Handlers\FileHandler' driver.
INFO - 2024-07-22 05:50:09 --> Session: Class initialized using 'CodeIgniter\Session\Handlers\FileHandler' driver.
INFO - 2024-07-22 05:50:11 --> Session: Class initialized using 'CodeIgniter\Session\Handlers\FileHandler' driver.
INFO - 2024-07-22 05:50:11 --> Session: Class initialized using 'CodeIgniter\Session\Handlers\FileHandler' driver.
INFO - 2024-07-22 05:53:12 --> Session: Class initialized using 'CodeIgniter\Session\Handlers\FileHandler' driver.
INFO - 2024-07-22 05:53:13 --> Session: Class initialized using 'CodeIgniter\Session\Handlers\FileHandler' driver.
INFO - 2024-07-22 05:53:57 --> Session: Class initialized using 'CodeIgniter\Session\Handlers\FileHandler' driver.
INFO - 2024-07-22 05:53:57 --> Session: Class initialized using 'CodeIgniter\Session\Handlers\FileHandler' driver.
INFO - 2024-07-22 05:54:21 --> Session: Class initialized using 'CodeIgniter\Session\Handlers\FileHandler' driver.
INFO - 2024-07-22 05:54:21 --> Session: Class initialized using 'CodeIgniter\Session\Handlers\FileHandler' driver.
INFO - 2024-07-22 05:56:00 --> Session: Class initialized using 'CodeIgniter\Session\Handlers\FileHandler' driver.
INFO - 2024-07-22 05:56:00 --> Session: Class initialized using 'CodeIgniter\Session\Handlers\FileHandler' driver.
INFO - 2024-07-22 05:56:00 --> Session: Class initialized using 'CodeIgniter\Session\Handlers\FileHandler' driver.
INFO - 2024-07-22 05:56:00 --> Session: Class initialized using 'CodeIgniter\Session\Handlers\FileHandler' driver.
INFO - 2024-07-22 05:56:00 --> Session: Class initialized using 'CodeIgniter\Session\Handlers\FileHandler' driver.
INFO - 2024-07-22 05:56:01 --> Session: Class initialized using 'CodeIgniter\Session\Handlers\FileHandler' driver.
INFO - 2024-07-22 05:56:23 --> Session: Class initialized using 'CodeIgniter\Session\Handlers\FileHandler' driver.
INFO - 2024-07-22 05:56:24 --> Session: Class initialized using 'CodeIgniter\Session\Handlers\FileHandler' driver.
INFO - 2024-07-22 05:56:50 --> Session: Class initialized using 'CodeIgniter\Session\Handlers\FileHandler' driver.
INFO - 2024-07-22 05:57:29 --> Session: Class initialized using 'CodeIgniter\Session\Handlers\FileHandler' driver.
INFO - 2024-07-22 05:57:37 --> Session: Class initialized using 'CodeIgniter\Session\Handlers\FileHandler' driver.
INFO - 2024-07-22 05:57:45 --> Session: Class initialized using 'CodeIgniter\Session\Handlers\FileHandler' driver.
INFO - 2024-07-22 05:57:49 --> Session: Class initialized using 'CodeIgniter\Session\Handlers\FileHandler' driver.
INFO - 2024-07-22 05:58:44 --> Session: Class initialized using 'CodeIgniter\Session\Handlers\FileHandler' driver.
INFO - 2024-07-22 05:58:51 --> Session: Class initialized using 'CodeIgniter\Session\Handlers\FileHandler' driver.
INFO - 2024-07-22 05:58:51 --> Session: Class initialized using 'CodeIgniter\Session\Handlers\FileHandler' driver.
INFO - 2024-07-22 05:58:51 --> Session: Class initialized using 'CodeIgniter\Session\Handlers\FileHandler' driver.
INFO - 2024-07-22 05:58:51 --> Session: Class initialized using 'CodeIgniter\Session\Handlers\FileHandler' driver.
INFO - 2024-07-22 05:58:51 --> Session: Class initialized using 'CodeIgniter\Session\Handlers\FileHandler' driver.
INFO - 2024-07-22 05:58:51 --> Session: Class initialized using 'CodeIgniter\Session\Handlers\FileHandler' driver.
INFO - 2024-07-22 05:58:52 --> Session: Class initialized using 'CodeIgniter\Session\Handlers\FileHandler' driver.
INFO - 2024-07-22 05:58:52 --> Session: Class initialized using 'CodeIgniter\Session\Handlers\FileHandler' driver.
INFO - 2024-07-22 05:59:15 --> Session: Class initialized using 'CodeIgniter\Session\Handlers\FileHandler' driver.
INFO - 2024-07-22 05:59:15 --> Session: Class initialized using 'CodeIgniter\Session\Handlers\FileHandler' driver.
INFO - 2024-07-22 05:59:15 --> Session: Class initialized using 'CodeIgniter\Session\Handlers\FileHandler' driver.
INFO - 2024-07-22 05:59:15 --> Session: Class initialized using 'CodeIgniter\Session\Handlers\FileHandler' driver.
INFO - 2024-07-22 05:59:20 --> Session: Class initialized using 'CodeIgniter\Session\Handlers\FileHandler' driver.
INFO - 2024-07-22 05:59:20 --> Session: Class initialized using 'CodeIgniter\Session\Handlers\FileHandler' driver.
INFO - 2024-07-22 05:59:20 --> Session: Class initialized using 'CodeIgniter\Session\Handlers\FileHandler' driver.
INFO - 2024-07-22 05:59:22 --> Session: Class initialized using 'CodeIgniter\Session\Handlers\FileHandler' driver.
ERROR - 2024-07-22 05:59:22 --> File not found: C:\xampp7_4_16\htdocs\websitebinan\writable\uploads\CITYOFFICIAL\1721145251_c3b53dd469371b1d2c4c.jpg
INFO - 2024-07-22 05:59:22 --> Session: Class initialized using 'CodeIgniter\Session\Handlers\FileHandler' driver.
ERROR - 2024-07-22 05:59:22 --> File not found: C:\xampp7_4_16\htdocs\websitebinan\writable\uploads\CITYOFFICIAL\1721145269_cfbf5b98951bf521ec0d.jpg
INFO - 2024-07-22 05:59:22 --> Session: Class initialized using 'CodeIgniter\Session\Handlers\FileHandler' driver.
ERROR - 2024-07-22 05:59:22 --> File not found: C:\xampp7_4_16\htdocs\websitebinan\writable\uploads\CITYOFFICIAL\1721145319_e11fc64255f2970824de.jpg
INFO - 2024-07-22 05:59:24 --> Session: Class initialized using 'CodeIgniter\Session\Handlers\FileHandler' driver.
INFO - 2024-07-22 05:59:24 --> Session: Class initialized using 'CodeIgniter\Session\Handlers\FileHandler' driver.
INFO - 2024-07-22 05:59:24 --> Session: Class initialized using 'CodeIgniter\Session\Handlers\FileHandler' driver.
INFO - 2024-07-22 05:59:24 --> Session: Class initialized using 'CodeIgniter\Session\Handlers\FileHandler' driver.
INFO - 2024-07-22 05:59:25 --> Session: Class initialized using 'CodeIgniter\Session\Handlers\FileHandler' driver.
INFO - 2024-07-22 05:59:25 --> Session: Class initialized using 'CodeIgniter\Session\Handlers\FileHandler' driver.
INFO - 2024-07-22 05:59:25 --> Session: Class initialized using 'CodeIgniter\Session\Handlers\FileHandler' driver.
INFO - 2024-07-22 05:59:25 --> Session: Class initialized using 'CodeIgniter\Session\Handlers\FileHandler' driver.
INFO - 2024-07-22 05:59:25 --> Session: Class initialized using 'CodeIgniter\Session\Handlers\FileHandler' driver.
INFO - 2024-07-22 05:59:25 --> Session: Class initialized using 'CodeIgniter\Session\Handlers\FileHandler' driver.
INFO - 2024-07-22 05:59:30 --> Session: Class initialized using 'CodeIgniter\Session\Handlers\FileHandler' driver.
INFO - 2024-07-22 05:59:30 --> Session: Class initialized using 'CodeIgniter\Session\Handlers\FileHandler' driver.
INFO - 2024-07-22 05:59:31 --> Session: Class initialized using 'CodeIgniter\Session\Handlers\FileHandler' driver.
INFO - 2024-07-22 05:59:31 --> Session: Class initialized using 'CodeIgniter\Session\Handlers\FileHandler' driver.
INFO - 2024-07-22 05:59:31 --> Session: Class initialized using 'CodeIgniter\Session\Handlers\FileHandler' driver.
INFO - 2024-07-22 05:59:31 --> Session: Class initialized using 'CodeIgniter\Session\Handlers\FileHandler' driver.
INFO - 2024-07-22 05:59:31 --> Session: Class initialized using 'CodeIgniter\Session\Handlers\FileHandler' driver.
INFO - 2024-07-22 05:59:31 --> Session: Class initialized using 'CodeIgniter\Session\Handlers\FileHandler' driver.
INFO - 2024-07-22 05:59:31 --> Session: Class initialized using 'CodeIgniter\Session\Handlers\FileHandler' driver.
INFO - 2024-07-22 05:59:31 --> Session: Class initialized using 'CodeIgniter\Session\Handlers\FileHandler' driver.
INFO - 2024-07-22 05:59:34 --> Session: Class initialized using 'CodeIgniter\Session\Handlers\FileHandler' driver.
INFO - 2024-07-22 05:59:34 --> Session: Class initialized using 'CodeIgniter\Session\Handlers\FileHandler' driver.
INFO - 2024-07-22 05:59:35 --> Session: Class initialized using 'CodeIgniter\Session\Handlers\FileHandler' driver.
INFO - 2024-07-22 05:59:35 --> Session: Class initialized using 'CodeIgniter\Session\Handlers\FileHandler' driver.
INFO - 2024-07-22 05:59:35 --> Session: Class initialized using 'CodeIgniter\Session\Handlers\FileHandler' driver.
INFO - 2024-07-22 05:59:35 --> Session: Class initialized using 'CodeIgniter\Session\Handlers\FileHandler' driver.
INFO - 2024-07-22 05:59:35 --> Session: Class initialized using 'CodeIgniter\Session\Handlers\FileHandler' driver.
INFO - 2024-07-22 05:59:35 --> Session: Class initialized using 'CodeIgniter\Session\Handlers\FileHandler' driver.
INFO - 2024-07-22 05:59:35 --> Session: Class initialized using 'CodeIgniter\Session\Handlers\FileHandler' driver.
INFO - 2024-07-22 05:59:35 --> Session: Class initialized using 'CodeIgniter\Session\Handlers\FileHandler' driver.
INFO - 2024-07-22 05:59:38 --> Session: Class initialized using 'CodeIgniter\Session\Handlers\FileHandler' driver.
INFO - 2024-07-22 06:00:11 --> Session: Class initialized using 'CodeIgniter\Session\Handlers\FileHandler' driver.
INFO - 2024-07-22 06:00:14 --> Session: Class initialized using 'CodeIgniter\Session\Handlers\FileHandler' driver.
INFO - 2024-07-22 06:00:14 --> Session: Class initialized using 'CodeIgniter\Session\Handlers\FileHandler' driver.
INFO - 2024-07-22 06:00:14 --> Session: Class initialized using 'CodeIgniter\Session\Handlers\FileHandler' driver.
INFO - 2024-07-22 06:00:14 --> Session: Class initialized using 'CodeIgniter\Session\Handlers\FileHandler' driver.
INFO - 2024-07-22 06:00:15 --> Session: Class initialized using 'CodeIgniter\Session\Handlers\FileHandler' driver.
INFO - 2024-07-22 06:00:15 --> Session: Class initialized using 'CodeIgniter\Session\Handlers\FileHandler' driver.
INFO - 2024-07-22 06:00:15 --> Session: Class initialized using 'CodeIgniter\Session\Handlers\FileHandler' driver.
INFO - 2024-07-22 06:00:15 --> Session: Class initialized using 'CodeIgniter\Session\Handlers\FileHandler' driver.
INFO - 2024-07-22 06:00:15 --> Session: Class initialized using 'CodeIgniter\Session\Handlers\FileHandler' driver.
INFO - 2024-07-22 06:00:15 --> Session: Class initialized using 'CodeIgniter\Session\Handlers\FileHandler' driver.
INFO - 2024-07-22 06:00:17 --> Session: Class initialized using 'CodeIgniter\Session\Handlers\FileHandler' driver.
INFO - 2024-07-22 06:00:17 --> Session: Class initialized using 'CodeIgniter\Session\Handlers\FileHandler' driver.
INFO - 2024-07-22 06:00:19 --> Session: Class initialized using 'CodeIgniter\Session\Handlers\FileHandler' driver.
INFO - 2024-07-22 06:00:19 --> Session: Class initialized using 'CodeIgniter\Session\Handlers\FileHandler' driver.
INFO - 2024-07-22 06:00:19 --> Session: Class initialized using 'CodeIgniter\Session\Handlers\FileHandler' driver.
INFO - 2024-07-22 06:00:19 --> Session: Class initialized using 'CodeIgniter\Session\Handlers\FileHandler' driver.
INFO - 2024-07-22 06:00:19 --> Session: Class initialized using 'CodeIgniter\Session\Handlers\FileHandler' driver.
INFO - 2024-07-22 06:00:20 --> Session: Class initialized using 'CodeIgniter\Session\Handlers\FileHandler' driver.
INFO - 2024-07-22 06:01:00 --> Session: Class initialized using 'CodeIgniter\Session\Handlers\FileHandler' driver.
INFO - 2024-07-22 06:01:00 --> Session: Class initialized using 'CodeIgniter\Session\Handlers\FileHandler' driver.
INFO - 2024-07-22 06:01:00 --> Session: Class initialized using 'CodeIgniter\Session\Handlers\FileHandler' driver.
INFO - 2024-07-22 06:01:00 --> Session: Class initialized using 'CodeIgniter\Session\Handlers\FileHandler' driver.
INFO - 2024-07-22 06:07:48 --> Session: Class initialized using 'CodeIgniter\Session\Handlers\FileHandler' driver.
INFO - 2024-07-22 06:07:48 --> Session: Class initialized using 'CodeIgniter\Session\Handlers\FileHandler' driver.
INFO - 2024-07-22 06:14:09 --> Session: Class initialized using 'CodeIgniter\Session\Handlers\FileHandler' driver.
INFO - 2024-07-22 06:14:09 --> Session: Class initialized using 'CodeIgniter\Session\Handlers\FileHandler' driver.
INFO - 2024-07-22 06:14:09 --> Session: Class initialized using 'CodeIgniter\Session\Handlers\FileHandler' driver.
INFO - 2024-07-22 06:14:09 --> Session: Class initialized using 'CodeIgniter\Session\Handlers\FileHandler' driver.
INFO - 2024-07-22 06:14:13 --> Session: Class initialized using 'CodeIgniter\Session\Handlers\FileHandler' driver.
INFO - 2024-07-22 06:14:43 --> Session: Class initialized using 'CodeIgniter\Session\Handlers\FileHandler' driver.
INFO - 2024-07-22 06:14:58 --> Session: Class initialized using 'CodeIgniter\Session\Handlers\FileHandler' driver.
INFO - 2024-07-22 06:14:59 --> Session: Class initialized using 'CodeIgniter\Session\Handlers\FileHandler' driver.
INFO - 2024-07-22 06:14:59 --> Session: Class initialized using 'CodeIgniter\Session\Handlers\FileHandler' driver.
INFO - 2024-07-22 06:14:59 --> Session: Class initialized using 'CodeIgniter\Session\Handlers\FileHandler' driver.
INFO - 2024-07-22 06:14:59 --> Session: Class initialized using 'CodeIgniter\Session\Handlers\FileHandler' driver.
INFO - 2024-07-22 06:14:59 --> Session: Class initialized using 'CodeIgniter\Session\Handlers\FileHandler' driver.
INFO - 2024-07-22 06:14:59 --> Session: Class initialized using 'CodeIgniter\Session\Handlers\FileHandler' driver.
INFO - 2024-07-22 06:14:59 --> Session: Class initialized using 'CodeIgniter\Session\Handlers\FileHandler' driver.
INFO - 2024-07-22 06:14:59 --> Session: Class initialized using 'CodeIgniter\Session\Handlers\FileHandler' driver.
INFO - 2024-07-22 06:14:59 --> Session: Class initialized using 'CodeIgniter\Session\Handlers\FileHandler' driver.
INFO - 2024-07-22 06:15:20 --> Session: Class initialized using 'CodeIgniter\Session\Handlers\FileHandler' driver.
INFO - 2024-07-22 06:15:20 --> Session: Class initialized using 'CodeIgniter\Session\Handlers\FileHandler' driver.
INFO - 2024-07-22 06:15:20 --> Session: Class initialized using 'CodeIgniter\Session\Handlers\FileHandler' driver.
INFO - 2024-07-22 06:15:20 --> Session: Class initialized using 'CodeIgniter\Session\Handlers\FileHandler' driver.
INFO - 2024-07-22 06:15:20 --> Session: Class initialized using 'CodeIgniter\Session\Handlers\FileHandler' driver.
INFO - 2024-07-22 06:15:20 --> Session: Class initialized using 'CodeIgniter\Session\Handlers\FileHandler' driver.
INFO - 2024-07-22 06:15:20 --> Session: Class initialized using 'CodeIgniter\Session\Handlers\FileHandler' driver.
INFO - 2024-07-22 06:15:20 --> Session: Class initialized using 'CodeIgniter\Session\Handlers\FileHandler' driver.
INFO - 2024-07-22 06:15:22 --> Session: Class initialized using 'CodeIgniter\Session\Handlers\FileHandler' driver.
INFO - 2024-07-22 06:15:27 --> Session: Class initialized using 'CodeIgniter\Session\Handlers\FileHandler' driver.
INFO - 2024-07-22 06:15:27 --> Session: Class initialized using 'CodeIgniter\Session\Handlers\FileHandler' driver.
INFO - 2024-07-22 06:15:28 --> Session: Class initialized using 'CodeIgniter\Session\Handlers\FileHandler' driver.
INFO - 2024-07-22 06:15:28 --> Session: Class initialized using 'CodeIgniter\Session\Handlers\FileHandler' driver.
INFO - 2024-07-22 06:15:28 --> Session: Class initialized using 'CodeIgniter\Session\Handlers\FileHandler' driver.
INFO - 2024-07-22 06:15:28 --> Session: Class initialized using 'CodeIgniter\Session\Handlers\FileHandler' driver.
INFO - 2024-07-22 06:15:28 --> Session: Class initialized using 'CodeIgniter\Session\Handlers\FileHandler' driver.
INFO - 2024-07-22 06:15:32 --> Session: Class initialized using 'CodeIgniter\Session\Handlers\FileHandler' driver.
INFO - 2024-07-22 06:15:37 --> Session: Class initialized using 'CodeIgniter\Session\Handlers\FileHandler' driver.
INFO - 2024-07-22 06:15:37 --> Session: Class initialized using 'CodeIgniter\Session\Handlers\FileHandler' driver.
INFO - 2024-07-22 06:15:37 --> Session: Class initialized using 'CodeIgniter\Session\Handlers\FileHandler' driver.
INFO - 2024-07-22 06:15:38 --> Session: Class initialized using 'CodeIgniter\Session\Handlers\FileHandler' driver.
INFO - 2024-07-22 06:15:40 --> Session: Class initialized using 'CodeIgniter\Session\Handlers\FileHandler' driver.
INFO - 2024-07-22 06:15:40 --> Session: Class initialized using 'CodeIgniter\Session\Handlers\FileHandler' driver.
INFO - 2024-07-22 06:15:40 --> Session: Class initialized using 'CodeIgniter\Session\Handlers\FileHandler' driver.
INFO - 2024-07-22 06:15:40 --> Session: Class initialized using 'CodeIgniter\Session\Handlers\FileHandler' driver.
INFO - 2024-07-22 06:15:58 --> Session: Class initialized using 'CodeIgniter\Session\Handlers\FileHandler' driver.
INFO - 2024-07-22 06:15:58 --> Session: Class initialized using 'CodeIgniter\Session\Handlers\FileHandler' driver.
INFO - 2024-07-22 06:16:04 --> Session: Class initialized using 'CodeIgniter\Session\Handlers\FileHandler' driver.
INFO - 2024-07-22 06:16:04 --> Session: Class initialized using 'CodeIgniter\Session\Handlers\FileHandler' driver.
INFO - 2024-07-22 06:16:09 --> Session: Class initialized using 'CodeIgniter\Session\Handlers\FileHandler' driver.
INFO - 2024-07-22 06:16:10 --> Session: Class initialized using 'CodeIgniter\Session\Handlers\FileHandler' driver.
INFO - 2024-07-22 06:16:25 --> Session: Class initialized using 'CodeIgniter\Session\Handlers\FileHandler' driver.
INFO - 2024-07-22 06:16:25 --> Session: Class initialized using 'CodeIgniter\Session\Handlers\FileHandler' driver.
INFO - 2024-07-22 06:16:25 --> Session: Class initialized using 'CodeIgniter\Session\Handlers\FileHandler' driver.
INFO - 2024-07-22 06:16:25 --> Session: Class initialized using 'CodeIgniter\Session\Handlers\FileHandler' driver.
INFO - 2024-07-22 06:16:49 --> Session: Class initialized using 'CodeIgniter\Session\Handlers\FileHandler' driver.
ERROR - 2024-07-22 06:16:49 --> File not found: C:\xampp7_4_16\htdocs\websitebinan\writable\uploads\CITYOFFICIAL\1721145251_c3b53dd469371b1d2c4c.jpg
INFO - 2024-07-22 06:16:49 --> Session: Class initialized using 'CodeIgniter\Session\Handlers\FileHandler' driver.
ERROR - 2024-07-22 06:16:49 --> File not found: C:\xampp7_4_16\htdocs\websitebinan\writable\uploads\CITYOFFICIAL\1721145269_cfbf5b98951bf521ec0d.jpg
INFO - 2024-07-22 06:16:49 --> Session: Class initialized using 'CodeIgniter\Session\Handlers\FileHandler' driver.
ERROR - 2024-07-22 06:16:49 --> File not found: C:\xampp7_4_16\htdocs\websitebinan\writable\uploads\CITYOFFICIAL\1721145319_e11fc64255f2970824de.jpg
INFO - 2024-07-22 07:02:28 --> Session: Class initialized using 'CodeIgniter\Session\Handlers\FileHandler' driver.
INFO - 2024-07-22 07:02:29 --> Session: Class initialized using 'CodeIgniter\Session\Handlers\FileHandler' driver.
INFO - 2024-07-22 07:02:29 --> Session: Class initialized using 'CodeIgniter\Session\Handlers\FileHandler' driver.
ERROR - 2024-07-22 07:02:29 --> File not found: C:\xampp7_4_16\htdocs\websitebinan\writable\uploads\CITYOFFICIAL\1721145269_cfbf5b98951bf521ec0d.jpg
INFO - 2024-07-22 07:02:29 --> Session: Class initialized using 'CodeIgniter\Session\Handlers\FileHandler' driver.
ERROR - 2024-07-22 07:02:29 --> File not found: C:\xampp7_4_16\htdocs\websitebinan\writable\uploads\CITYOFFICIAL\1721145251_c3b53dd469371b1d2c4c.jpg
INFO - 2024-07-22 07:02:29 --> Session: Class initialized using 'CodeIgniter\Session\Handlers\FileHandler' driver.
ERROR - 2024-07-22 07:02:29 --> File not found: C:\xampp7_4_16\htdocs\websitebinan\writable\uploads\CITYOFFICIAL\1721145319_e11fc64255f2970824de.jpg
INFO - 2024-07-22 07:02:29 --> Session: Class initialized using 'CodeIgniter\Session\Handlers\FileHandler' driver.
INFO - 2024-07-22 07:02:30 --> Session: Class initialized using 'CodeIgniter\Session\Handlers\FileHandler' driver.
INFO - 2024-07-22 07:02:30 --> Session: Class initialized using 'CodeIgniter\Session\Handlers\FileHandler' driver.
INFO - 2024-07-22 07:02:30 --> Session: Class initialized using 'CodeIgniter\Session\Handlers\FileHandler' driver.
INFO - 2024-07-22 07:02:30 --> Session: Class initialized using 'CodeIgniter\Session\Handlers\FileHandler' driver.
INFO - 2024-07-22 07:02:30 --> Session: Class initialized using 'CodeIgniter\Session\Handlers\FileHandler' driver.
INFO - 2024-07-22 07:02:30 --> Session: Class initialized using 'CodeIgniter\Session\Handlers\FileHandler' driver.
INFO - 2024-07-22 07:02:30 --> Session: Class initialized using 'CodeIgniter\Session\Handlers\FileHandler' driver.
INFO - 2024-07-22 07:02:30 --> Session: Class initialized using 'CodeIgniter\Session\Handlers\FileHandler' driver.
INFO - 2024-07-22 07:02:30 --> Session: Class initialized using 'CodeIgniter\Session\Handlers\FileHandler' driver.
INFO - 2024-07-22 07:02:32 --> Session: Class initialized using 'CodeIgniter\Session\Handlers\FileHandler' driver.
INFO - 2024-07-22 07:02:32 --> Session: Class initialized using 'CodeIgniter\Session\Handlers\FileHandler' driver.
INFO - 2024-07-22 07:02:32 --> Session: Class initialized using 'CodeIgniter\Session\Handlers\FileHandler' driver.
ERROR - 2024-07-22 07:02:32 --> File not found: C:\xampp7_4_16\htdocs\websitebinan\writable\uploads\CITYOFFICIAL\1721145251_c3b53dd469371b1d2c4c.jpg
INFO - 2024-07-22 07:02:32 --> Session: Class initialized using 'CodeIgniter\Session\Handlers\FileHandler' driver.
ERROR - 2024-07-22 07:02:32 --> File not found: C:\xampp7_4_16\htdocs\websitebinan\writable\uploads\CITYOFFICIAL\1721145269_cfbf5b98951bf521ec0d.jpg
INFO - 2024-07-22 07:02:32 --> Session: Class initialized using 'CodeIgniter\Session\Handlers\FileHandler' driver.
ERROR - 2024-07-22 07:02:32 --> File not found: C:\xampp7_4_16\htdocs\websitebinan\writable\uploads\CITYOFFICIAL\1721145319_e11fc64255f2970824de.jpg
INFO - 2024-07-22 07:02:36 --> Session: Class initialized using 'CodeIgniter\Session\Handlers\FileHandler' driver.
INFO - 2024-07-22 07:02:36 --> Session: Class initialized using 'CodeIgniter\Session\Handlers\FileHandler' driver.
INFO - 2024-07-22 07:02:36 --> Session: Class initialized using 'CodeIgniter\Session\Handlers\FileHandler' driver.
ERROR - 2024-07-22 07:02:36 --> File not found: C:\xampp7_4_16\htdocs\websitebinan\writable\uploads\CITYOFFICIAL\1721145251_c3b53dd469371b1d2c4c.jpg
INFO - 2024-07-22 07:02:36 --> Session: Class initialized using 'CodeIgniter\Session\Handlers\FileHandler' driver.
ERROR - 2024-07-22 07:02:36 --> File not found: C:\xampp7_4_16\htdocs\websitebinan\writable\uploads\CITYOFFICIAL\1721145269_cfbf5b98951bf521ec0d.jpg
INFO - 2024-07-22 07:02:36 --> Session: Class initialized using 'CodeIgniter\Session\Handlers\FileHandler' driver.
ERROR - 2024-07-22 07:02:36 --> File not found: C:\xampp7_4_16\htdocs\websitebinan\writable\uploads\CITYOFFICIAL\1721145319_e11fc64255f2970824de.jpg
INFO - 2024-07-22 07:04:43 --> Session: Class initialized using 'CodeIgniter\Session\Handlers\FileHandler' driver.
INFO - 2024-07-22 07:04:43 --> Session: Class initialized using 'CodeIgniter\Session\Handlers\FileHandler' driver.
INFO - 2024-07-22 07:04:43 --> Session: Class initialized using 'CodeIgniter\Session\Handlers\FileHandler' driver.
ERROR - 2024-07-22 07:04:43 --> File not found: C:\xampp7_4_16\htdocs\websitebinan\writable\uploads\CITYOFFICIAL\1721145251_c3b53dd469371b1d2c4c.jpg
INFO - 2024-07-22 07:04:43 --> Session: Class initialized using 'CodeIgniter\Session\Handlers\FileHandler' driver.
ERROR - 2024-07-22 07:04:43 --> File not found: C:\xampp7_4_16\htdocs\websitebinan\writable\uploads\CITYOFFICIAL\1721145269_cfbf5b98951bf521ec0d.jpg
INFO - 2024-07-22 07:04:43 --> Session: Class initialized using 'CodeIgniter\Session\Handlers\FileHandler' driver.
ERROR - 2024-07-22 07:04:43 --> File not found: C:\xampp7_4_16\htdocs\websitebinan\writable\uploads\CITYOFFICIAL\1721145319_e11fc64255f2970824de.jpg
INFO - 2024-07-22 07:04:44 --> Session: Class initialized using 'CodeIgniter\Session\Handlers\FileHandler' driver.
INFO - 2024-07-22 07:04:45 --> Session: Class initialized using 'CodeIgniter\Session\Handlers\FileHandler' driver.
INFO - 2024-07-22 07:04:45 --> Session: Class initialized using 'CodeIgniter\Session\Handlers\FileHandler' driver.
ERROR - 2024-07-22 07:04:45 --> File not found: C:\xampp7_4_16\htdocs\websitebinan\writable\uploads\CITYOFFICIAL\1721145251_c3b53dd469371b1d2c4c.jpg
INFO - 2024-07-22 07:04:45 --> Session: Class initialized using 'CodeIgniter\Session\Handlers\FileHandler' driver.
ERROR - 2024-07-22 07:04:45 --> File not found: C:\xampp7_4_16\htdocs\websitebinan\writable\uploads\CITYOFFICIAL\1721145319_e11fc64255f2970824de.jpg
INFO - 2024-07-22 07:04:45 --> Session: Class initialized using 'CodeIgniter\Session\Handlers\FileHandler' driver.
ERROR - 2024-07-22 07:04:45 --> File not found: C:\xampp7_4_16\htdocs\websitebinan\writable\uploads\CITYOFFICIAL\1721145269_cfbf5b98951bf521ec0d.jpg
CRITICAL - 2024-07-22 07:04:46 --> Undefined variable: congresswoman
in APPPATH\Views\officials_page.php on line 86.
 1 APPPATH\Views\officials_page.php(86): CodeIgniter\Debug\Exceptions->errorHandler(8, 'Undefined variable: congresswoman', 'APPPATH\\Views\\officials_page.php', 86, [...])
 2 SYSTEMPATH\View\View.php(213): include('APPPATH\\Views\\officials_page.php')
 3 SYSTEMPATH\View\View.php(216): CodeIgniter\View\View->CodeIgniter\View\{closure}()
 4 SYSTEMPATH\Common.php(1184): CodeIgniter\View\View->render('officials_page', [], true)
 5 APPPATH\Controllers\Home.php(147): view('officials_page', [...])
 6 SYSTEMPATH\CodeIgniter.php(934): App\Controllers\Home->officials()
 7 SYSTEMPATH\CodeIgniter.php(499): CodeIgniter\CodeIgniter->runController(Object(App\Controllers\Home))
 8 SYSTEMPATH\CodeIgniter.php(368): CodeIgniter\CodeIgniter->handleRequest(null, Object(Config\Cache), false)
 9 FCPATH\index.php(67): CodeIgniter\CodeIgniter->run()
CRITICAL - 2024-07-22 07:09:20 --> Undefined variable: congress
in APPPATH\Views\officials_page.php on line 86.
 1 APPPATH\Views\officials_page.php(86): CodeIgniter\Debug\Exceptions->errorHandler(8, 'Undefined variable: congress', 'APPPATH\\Views\\officials_page.php', 86, [...])
 2 SYSTEMPATH\View\View.php(213): include('APPPATH\\Views\\officials_page.php')
 3 SYSTEMPATH\View\View.php(216): CodeIgniter\View\View->CodeIgniter\View\{closure}()
 4 SYSTEMPATH\Common.php(1184): CodeIgniter\View\View->render('officials_page', [], true)
 5 APPPATH\Controllers\Home.php(147): view('officials_page', [...])
 6 SYSTEMPATH\CodeIgniter.php(934): App\Controllers\Home->officials()
 7 SYSTEMPATH\CodeIgniter.php(499): CodeIgniter\CodeIgniter->runController(Object(App\Controllers\Home))
 8 SYSTEMPATH\CodeIgniter.php(368): CodeIgniter\CodeIgniter->handleRequest(null, Object(Config\Cache), false)
 9 FCPATH\index.php(67): CodeIgniter\CodeIgniter->run()
CRITICAL - 2024-07-22 07:09:21 --> Undefined variable: congress
in APPPATH\Views\officials_page.php on line 86.
 1 APPPATH\Views\officials_page.php(86): CodeIgniter\Debug\Exceptions->errorHandler(8, 'Undefined variable: congress', 'APPPATH\\Views\\officials_page.php', 86, [...])
 2 SYSTEMPATH\View\View.php(213): include('APPPATH\\Views\\officials_page.php')
 3 SYSTEMPATH\View\View.php(216): CodeIgniter\View\View->CodeIgniter\View\{closure}()
 4 SYSTEMPATH\Common.php(1184): CodeIgniter\View\View->render('officials_page', [], true)
 5 APPPATH\Controllers\Home.php(147): view('officials_page', [...])
 6 SYSTEMPATH\CodeIgniter.php(934): App\Controllers\Home->officials()
 7 SYSTEMPATH\CodeIgniter.php(499): CodeIgniter\CodeIgniter->runController(Object(App\Controllers\Home))
 8 SYSTEMPATH\CodeIgniter.php(368): CodeIgniter\CodeIgniter->handleRequest(null, Object(Config\Cache), false)
 9 FCPATH\index.php(67): CodeIgniter\CodeIgniter->run()
CRITICAL - 2024-07-22 07:09:21 --> Undefined variable: congress
in APPPATH\Views\officials_page.php on line 86.
 1 APPPATH\Views\officials_page.php(86): CodeIgniter\Debug\Exceptions->errorHandler(8, 'Undefined variable: congress', 'APPPATH\\Views\\officials_page.php', 86, [...])
 2 SYSTEMPATH\View\View.php(213): include('APPPATH\\Views\\officials_page.php')
 3 SYSTEMPATH\View\View.php(216): CodeIgniter\View\View->CodeIgniter\View\{closure}()
 4 SYSTEMPATH\Common.php(1184): CodeIgniter\View\View->render('officials_page', [], true)
 5 APPPATH\Controllers\Home.php(147): view('officials_page', [...])
 6 SYSTEMPATH\CodeIgniter.php(934): App\Controllers\Home->officials()
 7 SYSTEMPATH\CodeIgniter.php(499): CodeIgniter\CodeIgniter->runController(Object(App\Controllers\Home))
 8 SYSTEMPATH\CodeIgniter.php(368): CodeIgniter\CodeIgniter->handleRequest(null, Object(Config\Cache), false)
 9 FCPATH\index.php(67): CodeIgniter\CodeIgniter->run()
CRITICAL - 2024-07-22 07:09:22 --> Undefined variable: congress
in APPPATH\Views\officials_page.php on line 86.
 1 APPPATH\Views\officials_page.php(86): CodeIgniter\Debug\Exceptions->errorHandler(8, 'Undefined variable: congress', 'APPPATH\\Views\\officials_page.php', 86, [...])
 2 SYSTEMPATH\View\View.php(213): include('APPPATH\\Views\\officials_page.php')
 3 SYSTEMPATH\View\View.php(216): CodeIgniter\View\View->CodeIgniter\View\{closure}()
 4 SYSTEMPATH\Common.php(1184): CodeIgniter\View\View->render('officials_page', [], true)
 5 APPPATH\Controllers\Home.php(147): view('officials_page', [...])
 6 SYSTEMPATH\CodeIgniter.php(934): App\Controllers\Home->officials()
 7 SYSTEMPATH\CodeIgniter.php(499): CodeIgniter\CodeIgniter->runController(Object(App\Controllers\Home))
 8 SYSTEMPATH\CodeIgniter.php(368): CodeIgniter\CodeIgniter->handleRequest(null, Object(Config\Cache), false)
 9 FCPATH\index.php(67): CodeIgniter\CodeIgniter->run()
INFO - 2024-07-22 07:09:50 --> Session: Class initialized using 'CodeIgniter\Session\Handlers\FileHandler' driver.
ERROR - 2024-07-22 07:09:50 --> File not found: C:\xampp7_4_16\htdocs\websitebinan\writable\uploads\CITYOFFICIAL\1721145251_c3b53dd469371b1d2c4c.jpg
INFO - 2024-07-22 07:09:50 --> Session: Class initialized using 'CodeIgniter\Session\Handlers\FileHandler' driver.
ERROR - 2024-07-22 07:09:50 --> File not found: C:\xampp7_4_16\htdocs\websitebinan\writable\uploads\CITYOFFICIAL\1721145319_e11fc64255f2970824de.jpg
INFO - 2024-07-22 07:09:51 --> Session: Class initialized using 'CodeIgniter\Session\Handlers\FileHandler' driver.
ERROR - 2024-07-22 07:09:51 --> File not found: C:\xampp7_4_16\htdocs\websitebinan\writable\uploads\CITYOFFICIAL\1721145251_c3b53dd469371b1d2c4c.jpg
INFO - 2024-07-22 07:09:51 --> Session: Class initialized using 'CodeIgniter\Session\Handlers\FileHandler' driver.
ERROR - 2024-07-22 07:09:51 --> File not found: C:\xampp7_4_16\htdocs\websitebinan\writable\uploads\CITYOFFICIAL\1721145319_e11fc64255f2970824de.jpg
INFO - 2024-07-22 07:11:39 --> Session: Class initialized using 'CodeIgniter\Session\Handlers\FileHandler' driver.
ERROR - 2024-07-22 07:11:39 --> File not found: C:\xampp7_4_16\htdocs\websitebinan\writable\uploads\CITYOFFICIAL\1721145251_c3b53dd469371b1d2c4c.jpg
INFO - 2024-07-22 07:11:39 --> Session: Class initialized using 'CodeIgniter\Session\Handlers\FileHandler' driver.
ERROR - 2024-07-22 07:11:39 --> File not found: C:\xampp7_4_16\htdocs\websitebinan\writable\uploads\CITYOFFICIAL\1721145319_e11fc64255f2970824de.jpg
CRITICAL - 2024-07-22 07:11:43 --> Undefined variable: congress
in APPPATH\Views\officials_page.php on line 86.
 1 APPPATH\Views\officials_page.php(86): CodeIgniter\Debug\Exceptions->errorHandler(8, 'Undefined variable: congress', 'APPPATH\\Views\\officials_page.php', 86, [...])
 2 SYSTEMPATH\View\View.php(213): include('APPPATH\\Views\\officials_page.php')
 3 SYSTEMPATH\View\View.php(216): CodeIgniter\View\View->CodeIgniter\View\{closure}()
 4 SYSTEMPATH\Common.php(1184): CodeIgniter\View\View->render('officials_page', [], true)
 5 APPPATH\Controllers\Home.php(147): view('officials_page', [...])
 6 SYSTEMPATH\CodeIgniter.php(934): App\Controllers\Home->officials()
 7 SYSTEMPATH\CodeIgniter.php(499): CodeIgniter\CodeIgniter->runController(Object(App\Controllers\Home))
 8 SYSTEMPATH\CodeIgniter.php(368): CodeIgniter\CodeIgniter->handleRequest(null, Object(Config\Cache), false)
 9 FCPATH\index.php(67): CodeIgniter\CodeIgniter->run()
INFO - 2024-07-22 07:13:38 --> Session: Class initialized using 'CodeIgniter\Session\Handlers\FileHandler' driver.
ERROR - 2024-07-22 07:13:38 --> File not found: C:\xampp7_4_16\htdocs\websitebinan\writable\uploads\CITYOFFICIAL\1721145251_c3b53dd469371b1d2c4c.jpg
INFO - 2024-07-22 07:13:38 --> Session: Class initialized using 'CodeIgniter\Session\Handlers\FileHandler' driver.
ERROR - 2024-07-22 07:13:38 --> File not found: C:\xampp7_4_16\htdocs\websitebinan\writable\uploads\CITYOFFICIAL\1721145269_cfbf5b98951bf521ec0d.jpg
INFO - 2024-07-22 07:13:38 --> Session: Class initialized using 'CodeIgniter\Session\Handlers\FileHandler' driver.
ERROR - 2024-07-22 07:13:38 --> File not found: C:\xampp7_4_16\htdocs\websitebinan\writable\uploads\CITYOFFICIAL\1721145319_e11fc64255f2970824de.jpg
INFO - 2024-07-22 07:13:42 --> Session: Class initialized using 'CodeIgniter\Session\Handlers\FileHandler' driver.
INFO - 2024-07-22 07:13:59 --> Session: Class initialized using 'CodeIgniter\Session\Handlers\FileHandler' driver.
INFO - 2024-07-22 07:14:00 --> Session: Class initialized using 'CodeIgniter\Session\Handlers\FileHandler' driver.
INFO - 2024-07-22 07:14:00 --> Session: Class initialized using 'CodeIgniter\Session\Handlers\FileHandler' driver.
ERROR - 2024-07-22 07:14:00 --> File not found: C:\xampp7_4_16\htdocs\websitebinan\writable\uploads\CITYOFFICIAL\1721145251_c3b53dd469371b1d2c4c.jpg
INFO - 2024-07-22 07:14:00 --> Session: Class initialized using 'CodeIgniter\Session\Handlers\FileHandler' driver.
ERROR - 2024-07-22 07:14:00 --> File not found: C:\xampp7_4_16\htdocs\websitebinan\writable\uploads\CITYOFFICIAL\1721145319_e11fc64255f2970824de.jpg
INFO - 2024-07-22 07:14:00 --> Session: Class initialized using 'CodeIgniter\Session\Handlers\FileHandler' driver.
INFO - 2024-07-22 07:14:03 --> Session: Class initialized using 'CodeIgniter\Session\Handlers\FileHandler' driver.
INFO - 2024-07-22 07:14:17 --> Session: Class initialized using 'CodeIgniter\Session\Handlers\FileHandler' driver.
INFO - 2024-07-22 07:14:17 --> Session: Class initialized using 'CodeIgniter\Session\Handlers\FileHandler' driver.
ERROR - 2024-07-22 07:14:17 --> File not found: C:\xampp7_4_16\htdocs\websitebinan\writable\uploads\CITYOFFICIAL\1721145251_c3b53dd469371b1d2c4c.jpg
INFO - 2024-07-22 07:14:17 --> Session: Class initialized using 'CodeIgniter\Session\Handlers\FileHandler' driver.
ERROR - 2024-07-22 07:14:17 --> File not found: C:\xampp7_4_16\htdocs\websitebinan\writable\uploads\CITYOFFICIAL\1721145319_e11fc64255f2970824de.jpg
INFO - 2024-07-22 07:27:00 --> Session: Class initialized using 'CodeIgniter\Session\Handlers\FileHandler' driver.
INFO - 2024-07-22 07:27:10 --> Session: Class initialized using 'CodeIgniter\Session\Handlers\FileHandler' driver.
INFO - 2024-07-22 07:27:11 --> Session: Class initialized using 'CodeIgniter\Session\Handlers\FileHandler' driver.
INFO - 2024-07-22 07:27:11 --> Session: Class initialized using 'CodeIgniter\Session\Handlers\FileHandler' driver.
INFO - 2024-07-22 07:27:11 --> Session: Class initialized using 'CodeIgniter\Session\Handlers\FileHandler' driver.
ERROR - 2024-07-22 07:27:11 --> File not found: C:\xampp7_4_16\htdocs\websitebinan\writable\uploads\CITYOFFICIAL\1721145319_e11fc64255f2970824de.jpg
INFO - 2024-07-22 07:27:11 --> Session: Class initialized using 'CodeIgniter\Session\Handlers\FileHandler' driver.
INFO - 2024-07-22 07:27:13 --> Session: Class initialized using 'CodeIgniter\Session\Handlers\FileHandler' driver.
INFO - 2024-07-22 07:27:18 --> Session: Class initialized using 'CodeIgniter\Session\Handlers\FileHandler' driver.
INFO - 2024-07-22 07:27:19 --> Session: Class initialized using 'CodeIgniter\Session\Handlers\FileHandler' driver.
INFO - 2024-07-22 07:27:19 --> Session: Class initialized using 'CodeIgniter\Session\Handlers\FileHandler' driver.
INFO - 2024-07-22 07:27:19 --> Session: Class initialized using 'CodeIgniter\Session\Handlers\FileHandler' driver.
INFO - 2024-07-22 07:27:19 --> Session: Class initialized using 'CodeIgniter\Session\Handlers\FileHandler' driver.
INFO - 2024-07-22 07:27:21 --> Session: Class initialized using 'CodeIgniter\Session\Handlers\FileHandler' driver.
INFO - 2024-07-22 07:27:21 --> Session: Class initialized using 'CodeIgniter\Session\Handlers\FileHandler' driver.
INFO - 2024-07-22 07:27:21 --> Session: Class initialized using 'CodeIgniter\Session\Handlers\FileHandler' driver.
INFO - 2024-07-22 07:27:24 --> Session: Class initialized using 'CodeIgniter\Session\Handlers\FileHandler' driver.
INFO - 2024-07-22 07:27:24 --> Session: Class initialized using 'CodeIgniter\Session\Handlers\FileHandler' driver.
INFO - 2024-07-22 07:27:24 --> Session: Class initialized using 'CodeIgniter\Session\Handlers\FileHandler' driver.
INFO - 2024-07-22 07:28:34 --> Session: Class initialized using 'CodeIgniter\Session\Handlers\FileHandler' driver.
INFO - 2024-07-22 07:28:34 --> Session: Class initialized using 'CodeIgniter\Session\Handlers\FileHandler' driver.
INFO - 2024-07-22 07:28:34 --> Session: Class initialized using 'CodeIgniter\Session\Handlers\FileHandler' driver.
INFO - 2024-07-22 07:29:12 --> Session: Class initialized using 'CodeIgniter\Session\Handlers\FileHandler' driver.
INFO - 2024-07-22 07:29:13 --> Session: Class initialized using 'CodeIgniter\Session\Handlers\FileHandler' driver.
INFO - 2024-07-22 07:29:13 --> Session: Class initialized using 'CodeIgniter\Session\Handlers\FileHandler' driver.
INFO - 2024-07-22 07:29:13 --> Session: Class initialized using 'CodeIgniter\Session\Handlers\FileHandler' driver.
INFO - 2024-07-22 07:29:13 --> Session: Class initialized using 'CodeIgniter\Session\Handlers\FileHandler' driver.
INFO - 2024-07-22 07:29:16 --> Session: Class initialized using 'CodeIgniter\Session\Handlers\FileHandler' driver.
INFO - 2024-07-22 07:42:17 --> Session: Class initialized using 'CodeIgniter\Session\Handlers\FileHandler' driver.
INFO - 2024-07-22 07:42:18 --> Session: Class initialized using 'CodeIgniter\Session\Handlers\FileHandler' driver.
INFO - 2024-07-22 07:42:22 --> Session: Class initialized using 'CodeIgniter\Session\Handlers\FileHandler' driver.
INFO - 2024-07-22 07:42:33 --> Session: Class initialized using 'CodeIgniter\Session\Handlers\FileHandler' driver.
INFO - 2024-07-22 07:42:33 --> Session: Class initialized using 'CodeIgniter\Session\Handlers\FileHandler' driver.
INFO - 2024-07-22 07:42:34 --> Session: Class initialized using 'CodeIgniter\Session\Handlers\FileHandler' driver.
INFO - 2024-07-22 07:42:34 --> Session: Class initialized using 'CodeIgniter\Session\Handlers\FileHandler' driver.
INFO - 2024-07-22 07:42:34 --> Session: Class initialized using 'CodeIgniter\Session\Handlers\FileHandler' driver.
INFO - 2024-07-22 07:52:28 --> Session: Class initialized using 'CodeIgniter\Session\Handlers\FileHandler' driver.
INFO - 2024-07-22 07:52:28 --> Session: Class initialized using 'CodeIgniter\Session\Handlers\FileHandler' driver.
INFO - 2024-07-22 07:52:28 --> Session: Class initialized using 'CodeIgniter\Session\Handlers\FileHandler' driver.
INFO - 2024-07-22 07:52:29 --> Session: Class initialized using 'CodeIgniter\Session\Handlers\FileHandler' driver.
INFO - 2024-07-22 07:52:29 --> Session: Class initialized using 'CodeIgniter\Session\Handlers\FileHandler' driver.
INFO - 2024-07-22 07:52:29 --> Session: Class initialized using 'CodeIgniter\Session\Handlers\FileHandler' driver.
>>>>>>> beb43a4eda6534d4d99b54119ba718439a9f07c4
