INFO - 2026-05-11 05:53:06 --> Session: Class initialized using 'CodeIgniter\Session\Handlers\FileHandler' driver.
INFO - 2026-05-11 05:53:06 --> Session: Class initialized using 'CodeIgniter\Session\Handlers\FileHandler' driver.
INFO - 2026-05-11 05:53:06 --> Session: Class initialized using 'CodeIgniter\Session\Handlers\FileHandler' driver.
INFO - 2026-05-11 05:53:06 --> Session: Class initialized using 'CodeIgniter\Session\Handlers\FileHandler' driver.
INFO - 2026-05-11 05:53:06 --> Session: Class initialized using 'CodeIgniter\Session\Handlers\FileHandler' driver.
INFO - 2026-05-11 05:53:06 --> Session: Class initialized using 'CodeIgniter\Session\Handlers\FileHandler' driver.
ERROR - 2026-05-11 05:53:06 --> File not found: C:\xampp\htdocs\websitebinan\writable\uploads\POSTCONTENT\1777448876_38d74746b997d39f9516.jpg
ERROR - 2026-05-11 05:53:06 --> File not found: C:\xampp\htdocs\websitebinan\writable\uploads\POSTCONTENT\1752491553_1116c5425920ad29a5ef.jpg
ERROR - 2026-05-11 05:53:06 --> File not found: C:\xampp\htdocs\websitebinan\writable\uploads\POSTCONTENT\1752491708_2ee68cad8c2a4fcee755.jpg
ERROR - 2026-05-11 05:53:06 --> File not found: C:\xampp\htdocs\websitebinan\writable\uploads\MAYOR\1752560720_0dff09b7b49027edfdc8.png
ERROR - 2026-05-11 05:53:06 --> File not found: C:\xampp\htdocs\websitebinan\writable\uploads\POSTCONTENT\1721955128_5d76fdbca58bff6d5dc9.png
ERROR - 2026-05-11 05:53:06 --> File not found: C:\xampp\htdocs\websitebinan\writable\uploads\POSTCONTENT\1752491896_d4d17bc7bae7db6cdfbc.jpg
INFO - 2026-05-11 05:53:07 --> Session: Class initialized using 'CodeIgniter\Session\Handlers\FileHandler' driver.
ERROR - 2026-05-11 05:53:07 --> File not found: C:\xampp\htdocs\websitebinan\writable\uploads\POSTCONTENT\1721913938_82175b7a5e6b73f925ed.png
INFO - 2026-05-11 05:55:10 --> Session: Class initialized using 'CodeIgniter\Session\Handlers\FileHandler' driver.
ERROR - 2026-05-11 05:55:10 --> File not found: C:\xampp\htdocs\websitebinan\writable\uploads\MAYOR\1752560720_0dff09b7b49027edfdc8.png
INFO - 2026-05-11 05:55:10 --> Session: Class initialized using 'CodeIgniter\Session\Handlers\FileHandler' driver.
ERROR - 2026-05-11 05:55:10 --> File not found: C:\xampp\htdocs\websitebinan\writable\uploads\POSTCONTENT\1752491896_d4d17bc7bae7db6cdfbc.jpg
INFO - 2026-05-11 05:55:10 --> Session: Class initialized using 'CodeIgniter\Session\Handlers\FileHandler' driver.
ERROR - 2026-05-11 05:55:10 --> File not found: C:\xampp\htdocs\websitebinan\writable\uploads\POSTCONTENT\1752491708_2ee68cad8c2a4fcee755.jpg
INFO - 2026-05-11 05:55:10 --> Session: Class initialized using 'CodeIgniter\Session\Handlers\FileHandler' driver.
ERROR - 2026-05-11 05:55:10 --> File not found: C:\xampp\htdocs\websitebinan\writable\uploads\POSTCONTENT\1752491553_1116c5425920ad29a5ef.jpg
INFO - 2026-05-11 05:55:11 --> Session: Class initialized using 'CodeIgniter\Session\Handlers\FileHandler' driver.
ERROR - 2026-05-11 05:55:11 --> File not found: C:\xampp\htdocs\websitebinan\writable\uploads\POSTCONTENT\1777448876_38d74746b997d39f9516.jpg
INFO - 2026-05-11 05:55:11 --> Session: Class initialized using 'CodeIgniter\Session\Handlers\FileHandler' driver.
ERROR - 2026-05-11 05:55:11 --> File not found: C:\xampp\htdocs\websitebinan\writable\uploads\POSTCONTENT\1721955128_5d76fdbca58bff6d5dc9.png
INFO - 2026-05-11 05:55:11 --> Session: Class initialized using 'CodeIgniter\Session\Handlers\FileHandler' driver.
ERROR - 2026-05-11 05:55:11 --> File not found: C:\xampp\htdocs\websitebinan\writable\uploads\POSTCONTENT\1721913938_82175b7a5e6b73f925ed.png
INFO - 2026-05-11 05:58:01 --> Session: Class initialized using 'CodeIgniter\Session\Handlers\FileHandler' driver.
ERROR - 2026-05-11 05:58:01 --> File not found: C:\xampp\htdocs\websitebinan\writable\uploads\MAYOR\1752560720_0dff09b7b49027edfdc8.png
INFO - 2026-05-11 05:58:01 --> Session: Class initialized using 'CodeIgniter\Session\Handlers\FileHandler' driver.
ERROR - 2026-05-11 05:58:01 --> File not found: C:\xampp\htdocs\websitebinan\writable\uploads\POSTCONTENT\1752491896_d4d17bc7bae7db6cdfbc.jpg
INFO - 2026-05-11 05:58:02 --> Session: Class initialized using 'CodeIgniter\Session\Handlers\FileHandler' driver.
INFO - 2026-05-11 05:58:02 --> Session: Class initialized using 'CodeIgniter\Session\Handlers\FileHandler' driver.
INFO - 2026-05-11 05:58:02 --> Session: Class initialized using 'CodeIgniter\Session\Handlers\FileHandler' driver.
ERROR - 2026-05-11 05:58:02 --> File not found: C:\xampp\htdocs\websitebinan\writable\uploads\POSTCONTENT\1777448876_38d74746b997d39f9516.jpg
ERROR - 2026-05-11 05:58:02 --> File not found: C:\xampp\htdocs\websitebinan\writable\uploads\POSTCONTENT\1752491553_1116c5425920ad29a5ef.jpg
ERROR - 2026-05-11 05:58:02 --> File not found: C:\xampp\htdocs\websitebinan\writable\uploads\POSTCONTENT\1752491708_2ee68cad8c2a4fcee755.jpg
INFO - 2026-05-11 05:58:02 --> Session: Class initialized using 'CodeIgniter\Session\Handlers\FileHandler' driver.
ERROR - 2026-05-11 05:58:02 --> File not found: C:\xampp\htdocs\websitebinan\writable\uploads\POSTCONTENT\1721955128_5d76fdbca58bff6d5dc9.png
INFO - 2026-05-11 05:58:02 --> Session: Class initialized using 'CodeIgniter\Session\Handlers\FileHandler' driver.
ERROR - 2026-05-11 05:58:02 --> File not found: C:\xampp\htdocs\websitebinan\writable\uploads\POSTCONTENT\1721913938_82175b7a5e6b73f925ed.png
INFO - 2026-05-11 05:58:08 --> Session: Class initialized using 'CodeIgniter\Session\Handlers\FileHandler' driver.
INFO - 2026-05-11 05:58:25 --> Session: Class initialized using 'CodeIgniter\Session\Handlers\FileHandler' driver.
INFO - 2026-05-11 05:59:06 --> Session: Class initialized using 'CodeIgniter\Session\Handlers\FileHandler' driver.
INFO - 2026-05-11 05:59:22 --> Session: Class initialized using 'CodeIgniter\Session\Handlers\FileHandler' driver.
INFO - 2026-05-11 05:59:22 --> Session: Class initialized using 'CodeIgniter\Session\Handlers\FileHandler' driver.
INFO - 2026-05-11 05:59:29 --> Session: Class initialized using 'CodeIgniter\Session\Handlers\FileHandler' driver.
INFO - 2026-05-11 05:59:30 --> Session: Class initialized using 'CodeIgniter\Session\Handlers\FileHandler' driver.
INFO - 2026-05-11 05:59:31 --> Session: Class initialized using 'CodeIgniter\Session\Handlers\FileHandler' driver.
WARNING - 2026-05-11 05:59:31 --> [DEPRECATED] error_log(): Passing null to parameter #1 ($message) of type string is deprecated in APPPATH\Controllers\Admin.php on line 198.
 1 APPPATH\Controllers\Admin.php(198): error_log(null)
 2 SYSTEMPATH\CodeIgniter.php(934): App\Controllers\Admin->getRecentAnns()
 3 SYSTEMPATH\CodeIgniter.php(499): CodeIgniter\CodeIgniter->runController(Object(App\Controllers\Admin))
 4 SYSTEMPATH\CodeIgniter.php(368): CodeIgniter\CodeIgniter->handleRequest(null, Object(Config\Cache), false)
 5 FCPATH\index.php(67): CodeIgniter\CodeIgniter->run()
INFO - 2026-05-11 05:59:31 --> Session: Class initialized using 'CodeIgniter\Session\Handlers\FileHandler' driver.
WARNING - 2026-05-11 05:59:31 --> [DEPRECATED] error_log(): Passing null to parameter #1 ($message) of type string is deprecated in APPPATH\Controllers\Admin.php on line 165.
 1 APPPATH\Controllers\Admin.php(165): error_log(null)
 2 SYSTEMPATH\CodeIgniter.php(934): App\Controllers\Admin->getRecentNews()
 3 SYSTEMPATH\CodeIgniter.php(499): CodeIgniter\CodeIgniter->runController(Object(App\Controllers\Admin))
 4 SYSTEMPATH\CodeIgniter.php(368): CodeIgniter\CodeIgniter->handleRequest(null, Object(Config\Cache), false)
 5 FCPATH\index.php(67): CodeIgniter\CodeIgniter->run()
INFO - 2026-05-11 05:59:36 --> Session: Class initialized using 'CodeIgniter\Session\Handlers\FileHandler' driver.
INFO - 2026-05-11 05:59:36 --> Session: Class initialized using 'CodeIgniter\Session\Handlers\FileHandler' driver.
INFO - 2026-05-11 05:59:38 --> Session: Class initialized using 'CodeIgniter\Session\Handlers\FileHandler' driver.
INFO - 2026-05-11 05:59:39 --> Session: Class initialized using 'CodeIgniter\Session\Handlers\FileHandler' driver.
INFO - 2026-05-11 05:59:40 --> Session: Class initialized using 'CodeIgniter\Session\Handlers\FileHandler' driver.
INFO - 2026-05-11 05:59:41 --> Session: Class initialized using 'CodeIgniter\Session\Handlers\FileHandler' driver.
INFO - 2026-05-11 05:59:41 --> Session: Class initialized using 'CodeIgniter\Session\Handlers\FileHandler' driver.
ERROR - 2026-05-11 05:59:41 --> File not found: C:\xampp\htdocs\websitebinan\writable\uploads\CITYOFFICIAL\1753084663_e3bcd5569e63bcd451b2.jpg
INFO - 2026-05-11 05:59:41 --> Session: Class initialized using 'CodeIgniter\Session\Handlers\FileHandler' driver.
ERROR - 2026-05-11 05:59:41 --> File not found: C:\xampp\htdocs\websitebinan\writable\uploads\CITYOFFICIAL\1753922986_227ce8d1fc7ea674144d.jpg
INFO - 2026-05-11 05:59:41 --> Session: Class initialized using 'CodeIgniter\Session\Handlers\FileHandler' driver.
ERROR - 2026-05-11 05:59:41 --> File not found: C:\xampp\htdocs\websitebinan\writable\uploads\CITYOFFICIAL\1753083853_93342f658f89fef63002.jpg
INFO - 2026-05-11 05:59:41 --> Session: Class initialized using 'CodeIgniter\Session\Handlers\FileHandler' driver.
ERROR - 2026-05-11 05:59:41 --> File not found: C:\xampp\htdocs\websitebinan\writable\uploads\CITYOFFICIAL\1753083832_24114289cdde9c5b51b5.jpg
INFO - 2026-05-11 05:59:41 --> Session: Class initialized using 'CodeIgniter\Session\Handlers\FileHandler' driver.
ERROR - 2026-05-11 05:59:41 --> File not found: C:\xampp\htdocs\websitebinan\writable\uploads\CITYOFFICIAL\1753921912_9e57c1101fbbccab6d7f.jpg
INFO - 2026-05-11 05:59:41 --> Session: Class initialized using 'CodeIgniter\Session\Handlers\FileHandler' driver.
ERROR - 2026-05-11 05:59:41 --> File not found: C:\xampp\htdocs\websitebinan\writable\uploads\CITYOFFICIAL\1753083396_fbe1c39b9f3ce1c4ec9d.jpg
INFO - 2026-05-11 05:59:41 --> Session: Class initialized using 'CodeIgniter\Session\Handlers\FileHandler' driver.
ERROR - 2026-05-11 05:59:41 --> File not found: C:\xampp\htdocs\websitebinan\writable\uploads\CITYOFFICIAL\1753083427_5a98d81117130135ac4c.jpg
INFO - 2026-05-11 05:59:41 --> Session: Class initialized using 'CodeIgniter\Session\Handlers\FileHandler' driver.
ERROR - 2026-05-11 05:59:41 --> File not found: C:\xampp\htdocs\websitebinan\writable\uploads\CITYOFFICIAL\1753084385_62ff234d1d2cc3c05801.jpg
INFO - 2026-05-11 05:59:42 --> Session: Class initialized using 'CodeIgniter\Session\Handlers\FileHandler' driver.
ERROR - 2026-05-11 05:59:42 --> File not found: C:\xampp\htdocs\websitebinan\writable\uploads\CITYOFFICIAL\1753084422_665d5e3c85baeb3cc9f1.jpg
INFO - 2026-05-11 05:59:42 --> Session: Class initialized using 'CodeIgniter\Session\Handlers\FileHandler' driver.
ERROR - 2026-05-11 05:59:42 --> File not found: C:\xampp\htdocs\websitebinan\writable\uploads\CITYOFFICIAL\1753084776_3d821a873245fc3d81b5.jpg
INFO - 2026-05-11 05:59:42 --> Session: Class initialized using 'CodeIgniter\Session\Handlers\FileHandler' driver.
ERROR - 2026-05-11 05:59:42 --> File not found: C:\xampp\htdocs\websitebinan\writable\uploads\CITYOFFICIAL\1753084869_cc840c6063e319ab309b.jpg
INFO - 2026-05-11 05:59:42 --> Session: Class initialized using 'CodeIgniter\Session\Handlers\FileHandler' driver.
ERROR - 2026-05-11 05:59:42 --> File not found: C:\xampp\htdocs\websitebinan\writable\uploads\CITYOFFICIAL\1753250487_b24d55b36693b3d8f404.jpg
INFO - 2026-05-11 05:59:42 --> Session: Class initialized using 'CodeIgniter\Session\Handlers\FileHandler' driver.
ERROR - 2026-05-11 05:59:42 --> File not found: C:\xampp\htdocs\websitebinan\writable\uploads\CITYOFFICIAL\1753084959_0c206bfa3a652b57150f.jpg
INFO - 2026-05-11 05:59:42 --> Session: Class initialized using 'CodeIgniter\Session\Handlers\FileHandler' driver.
ERROR - 2026-05-11 05:59:42 --> File not found: C:\xampp\htdocs\websitebinan\writable\uploads\CITYOFFICIAL\1753085061_072a45447b58c46f586b.jpg
INFO - 2026-05-11 05:59:42 --> Session: Class initialized using 'CodeIgniter\Session\Handlers\FileHandler' driver.
ERROR - 2026-05-11 05:59:42 --> File not found: C:\xampp\htdocs\websitebinan\writable\uploads\CITYOFFICIAL\1753085167_697f94732f91231b879c.jpg
INFO - 2026-05-11 05:59:42 --> Session: Class initialized using 'CodeIgniter\Session\Handlers\FileHandler' driver.
ERROR - 2026-05-11 05:59:42 --> File not found: C:\xampp\htdocs\websitebinan\writable\uploads\CITYOFFICIAL\1753085240_c5990f3ad94929fed814.jpg
INFO - 2026-05-11 05:59:42 --> Session: Class initialized using 'CodeIgniter\Session\Handlers\FileHandler' driver.
ERROR - 2026-05-11 05:59:42 --> File not found: C:\xampp\htdocs\websitebinan\writable\uploads\CITYOFFICIAL\1770878916_b1e08558c720ec018823.jpg
INFO - 2026-05-11 06:00:01 --> Session: Class initialized using 'CodeIgniter\Session\Handlers\FileHandler' driver.
INFO - 2026-05-11 06:02:21 --> Session: Class initialized using 'CodeIgniter\Session\Handlers\FileHandler' driver.
INFO - 2026-05-11 06:02:22 --> Session: Class initialized using 'CodeIgniter\Session\Handlers\FileHandler' driver.
INFO - 2026-05-11 06:02:22 --> Session: Class initialized using 'CodeIgniter\Session\Handlers\FileHandler' driver.
INFO - 2026-05-11 06:02:22 --> Session: Class initialized using 'CodeIgniter\Session\Handlers\FileHandler' driver.
INFO - 2026-05-11 06:02:22 --> Session: Class initialized using 'CodeIgniter\Session\Handlers\FileHandler' driver.
INFO - 2026-05-11 06:02:22 --> Session: Class initialized using 'CodeIgniter\Session\Handlers\FileHandler' driver.
INFO - 2026-05-11 06:02:22 --> Session: Class initialized using 'CodeIgniter\Session\Handlers\FileHandler' driver.
INFO - 2026-05-11 06:02:22 --> Session: Class initialized using 'CodeIgniter\Session\Handlers\FileHandler' driver.
INFO - 2026-05-11 06:02:22 --> Session: Class initialized using 'CodeIgniter\Session\Handlers\FileHandler' driver.
INFO - 2026-05-11 06:02:22 --> Session: Class initialized using 'CodeIgniter\Session\Handlers\FileHandler' driver.
INFO - 2026-05-11 06:02:22 --> Session: Class initialized using 'CodeIgniter\Session\Handlers\FileHandler' driver.
INFO - 2026-05-11 06:02:22 --> Session: Class initialized using 'CodeIgniter\Session\Handlers\FileHandler' driver.
INFO - 2026-05-11 06:02:22 --> Session: Class initialized using 'CodeIgniter\Session\Handlers\FileHandler' driver.
INFO - 2026-05-11 06:02:22 --> Session: Class initialized using 'CodeIgniter\Session\Handlers\FileHandler' driver.
INFO - 2026-05-11 06:02:22 --> Session: Class initialized using 'CodeIgniter\Session\Handlers\FileHandler' driver.
INFO - 2026-05-11 06:02:22 --> Session: Class initialized using 'CodeIgniter\Session\Handlers\FileHandler' driver.
INFO - 2026-05-11 06:02:22 --> Session: Class initialized using 'CodeIgniter\Session\Handlers\FileHandler' driver.
INFO - 2026-05-11 06:02:22 --> Session: Class initialized using 'CodeIgniter\Session\Handlers\FileHandler' driver.
INFO - 2026-05-11 06:02:23 --> Session: Class initialized using 'CodeIgniter\Session\Handlers\FileHandler' driver.
INFO - 2026-05-11 06:02:28 --> Session: Class initialized using 'CodeIgniter\Session\Handlers\FileHandler' driver.
INFO - 2026-05-11 06:02:28 --> Session: Class initialized using 'CodeIgniter\Session\Handlers\FileHandler' driver.
INFO - 2026-05-11 06:02:32 --> Session: Class initialized using 'CodeIgniter\Session\Handlers\FileHandler' driver.
INFO - 2026-05-11 06:02:32 --> Session: Class initialized using 'CodeIgniter\Session\Handlers\FileHandler' driver.
INFO - 2026-05-11 06:02:33 --> Session: Class initialized using 'CodeIgniter\Session\Handlers\FileHandler' driver.
WARNING - 2026-05-11 06:02:33 --> [DEPRECATED] error_log(): Passing null to parameter #1 ($message) of type string is deprecated in APPPATH\Controllers\Admin.php on line 165.
 1 APPPATH\Controllers\Admin.php(165): error_log(null)
 2 SYSTEMPATH\CodeIgniter.php(934): App\Controllers\Admin->getRecentNews()
 3 SYSTEMPATH\CodeIgniter.php(499): CodeIgniter\CodeIgniter->runController(Object(App\Controllers\Admin))
 4 SYSTEMPATH\CodeIgniter.php(368): CodeIgniter\CodeIgniter->handleRequest(null, Object(Config\Cache), false)
 5 FCPATH\index.php(67): CodeIgniter\CodeIgniter->run()
INFO - 2026-05-11 06:02:33 --> Session: Class initialized using 'CodeIgniter\Session\Handlers\FileHandler' driver.
WARNING - 2026-05-11 06:02:33 --> [DEPRECATED] error_log(): Passing null to parameter #1 ($message) of type string is deprecated in APPPATH\Controllers\Admin.php on line 198.
 1 APPPATH\Controllers\Admin.php(198): error_log(null)
 2 SYSTEMPATH\CodeIgniter.php(934): App\Controllers\Admin->getRecentAnns()
 3 SYSTEMPATH\CodeIgniter.php(499): CodeIgniter\CodeIgniter->runController(Object(App\Controllers\Admin))
 4 SYSTEMPATH\CodeIgniter.php(368): CodeIgniter\CodeIgniter->handleRequest(null, Object(Config\Cache), false)
 5 FCPATH\index.php(67): CodeIgniter\CodeIgniter->run()
INFO - 2026-05-11 06:02:34 --> Session: Class initialized using 'CodeIgniter\Session\Handlers\FileHandler' driver.
INFO - 2026-05-11 06:02:35 --> Session: Class initialized using 'CodeIgniter\Session\Handlers\FileHandler' driver.
INFO - 2026-05-11 06:02:35 --> Session: Class initialized using 'CodeIgniter\Session\Handlers\FileHandler' driver.
INFO - 2026-05-11 06:02:36 --> Session: Class initialized using 'CodeIgniter\Session\Handlers\FileHandler' driver.
INFO - 2026-05-11 06:02:36 --> Session: Class initialized using 'CodeIgniter\Session\Handlers\FileHandler' driver.
INFO - 2026-05-11 06:02:37 --> Session: Class initialized using 'CodeIgniter\Session\Handlers\FileHandler' driver.
INFO - 2026-05-11 06:02:37 --> Session: Class initialized using 'CodeIgniter\Session\Handlers\FileHandler' driver.
INFO - 2026-05-11 06:02:37 --> Session: Class initialized using 'CodeIgniter\Session\Handlers\FileHandler' driver.
INFO - 2026-05-11 06:02:37 --> Session: Class initialized using 'CodeIgniter\Session\Handlers\FileHandler' driver.
INFO - 2026-05-11 06:02:37 --> Session: Class initialized using 'CodeIgniter\Session\Handlers\FileHandler' driver.
INFO - 2026-05-11 06:02:37 --> Session: Class initialized using 'CodeIgniter\Session\Handlers\FileHandler' driver.
INFO - 2026-05-11 06:02:37 --> Session: Class initialized using 'CodeIgniter\Session\Handlers\FileHandler' driver.
INFO - 2026-05-11 06:02:38 --> Session: Class initialized using 'CodeIgniter\Session\Handlers\FileHandler' driver.
INFO - 2026-05-11 06:02:38 --> Session: Class initialized using 'CodeIgniter\Session\Handlers\FileHandler' driver.
INFO - 2026-05-11 06:02:38 --> Session: Class initialized using 'CodeIgniter\Session\Handlers\FileHandler' driver.
INFO - 2026-05-11 06:02:38 --> Session: Class initialized using 'CodeIgniter\Session\Handlers\FileHandler' driver.
INFO - 2026-05-11 06:02:38 --> Session: Class initialized using 'CodeIgniter\Session\Handlers\FileHandler' driver.
INFO - 2026-05-11 06:02:38 --> Session: Class initialized using 'CodeIgniter\Session\Handlers\FileHandler' driver.
INFO - 2026-05-11 06:02:38 --> Session: Class initialized using 'CodeIgniter\Session\Handlers\FileHandler' driver.
INFO - 2026-05-11 06:02:38 --> Session: Class initialized using 'CodeIgniter\Session\Handlers\FileHandler' driver.
INFO - 2026-05-11 06:02:38 --> Session: Class initialized using 'CodeIgniter\Session\Handlers\FileHandler' driver.
INFO - 2026-05-11 06:02:38 --> Session: Class initialized using 'CodeIgniter\Session\Handlers\FileHandler' driver.
INFO - 2026-05-11 06:02:38 --> Session: Class initialized using 'CodeIgniter\Session\Handlers\FileHandler' driver.
INFO - 2026-05-11 06:02:38 --> Session: Class initialized using 'CodeIgniter\Session\Handlers\FileHandler' driver.
INFO - 2026-05-11 06:02:39 --> Session: Class initialized using 'CodeIgniter\Session\Handlers\FileHandler' driver.
INFO - 2026-05-11 06:02:39 --> Session: Class initialized using 'CodeIgniter\Session\Handlers\FileHandler' driver.
INFO - 2026-05-11 06:02:39 --> Session: Class initialized using 'CodeIgniter\Session\Handlers\FileHandler' driver.
INFO - 2026-05-11 06:02:39 --> Session: Class initialized using 'CodeIgniter\Session\Handlers\FileHandler' driver.
INFO - 2026-05-11 06:02:39 --> Session: Class initialized using 'CodeIgniter\Session\Handlers\FileHandler' driver.
INFO - 2026-05-11 06:02:39 --> Session: Class initialized using 'CodeIgniter\Session\Handlers\FileHandler' driver.
INFO - 2026-05-11 06:02:39 --> Session: Class initialized using 'CodeIgniter\Session\Handlers\FileHandler' driver.
INFO - 2026-05-11 06:02:39 --> Session: Class initialized using 'CodeIgniter\Session\Handlers\FileHandler' driver.
INFO - 2026-05-11 06:02:39 --> Session: Class initialized using 'CodeIgniter\Session\Handlers\FileHandler' driver.
INFO - 2026-05-11 06:02:39 --> Session: Class initialized using 'CodeIgniter\Session\Handlers\FileHandler' driver.
INFO - 2026-05-11 06:02:39 --> Session: Class initialized using 'CodeIgniter\Session\Handlers\FileHandler' driver.
INFO - 2026-05-11 06:02:39 --> Session: Class initialized using 'CodeIgniter\Session\Handlers\FileHandler' driver.
INFO - 2026-05-11 06:02:39 --> Session: Class initialized using 'CodeIgniter\Session\Handlers\FileHandler' driver.
INFO - 2026-05-11 06:02:39 --> Session: Class initialized using 'CodeIgniter\Session\Handlers\FileHandler' driver.
INFO - 2026-05-11 06:02:39 --> Session: Class initialized using 'CodeIgniter\Session\Handlers\FileHandler' driver.
INFO - 2026-05-11 06:02:39 --> Session: Class initialized using 'CodeIgniter\Session\Handlers\FileHandler' driver.
INFO - 2026-05-11 06:02:39 --> Session: Class initialized using 'CodeIgniter\Session\Handlers\FileHandler' driver.
INFO - 2026-05-11 06:02:39 --> Session: Class initialized using 'CodeIgniter\Session\Handlers\FileHandler' driver.
INFO - 2026-05-11 06:02:40 --> Session: Class initialized using 'CodeIgniter\Session\Handlers\FileHandler' driver.
INFO - 2026-05-11 06:02:40 --> Session: Class initialized using 'CodeIgniter\Session\Handlers\FileHandler' driver.
INFO - 2026-05-11 06:02:40 --> Session: Class initialized using 'CodeIgniter\Session\Handlers\FileHandler' driver.
INFO - 2026-05-11 06:02:40 --> Session: Class initialized using 'CodeIgniter\Session\Handlers\FileHandler' driver.
INFO - 2026-05-11 06:02:40 --> Session: Class initialized using 'CodeIgniter\Session\Handlers\FileHandler' driver.
INFO - 2026-05-11 06:02:40 --> Session: Class initialized using 'CodeIgniter\Session\Handlers\FileHandler' driver.
INFO - 2026-05-11 06:02:40 --> Session: Class initialized using 'CodeIgniter\Session\Handlers\FileHandler' driver.
INFO - 2026-05-11 06:02:40 --> Session: Class initialized using 'CodeIgniter\Session\Handlers\FileHandler' driver.
INFO - 2026-05-11 06:02:40 --> Session: Class initialized using 'CodeIgniter\Session\Handlers\FileHandler' driver.
INFO - 2026-05-11 06:02:40 --> Session: Class initialized using 'CodeIgniter\Session\Handlers\FileHandler' driver.
INFO - 2026-05-11 06:02:40 --> Session: Class initialized using 'CodeIgniter\Session\Handlers\FileHandler' driver.
INFO - 2026-05-11 06:02:40 --> Session: Class initialized using 'CodeIgniter\Session\Handlers\FileHandler' driver.
INFO - 2026-05-11 06:02:40 --> Session: Class initialized using 'CodeIgniter\Session\Handlers\FileHandler' driver.
INFO - 2026-05-11 06:02:41 --> Session: Class initialized using 'CodeIgniter\Session\Handlers\FileHandler' driver.
INFO - 2026-05-11 06:02:41 --> Session: Class initialized using 'CodeIgniter\Session\Handlers\FileHandler' driver.
INFO - 2026-05-11 06:02:41 --> Session: Class initialized using 'CodeIgniter\Session\Handlers\FileHandler' driver.
INFO - 2026-05-11 06:02:41 --> Session: Class initialized using 'CodeIgniter\Session\Handlers\FileHandler' driver.
INFO - 2026-05-11 06:02:41 --> Session: Class initialized using 'CodeIgniter\Session\Handlers\FileHandler' driver.
INFO - 2026-05-11 06:02:41 --> Session: Class initialized using 'CodeIgniter\Session\Handlers\FileHandler' driver.
INFO - 2026-05-11 06:02:41 --> Session: Class initialized using 'CodeIgniter\Session\Handlers\FileHandler' driver.
INFO - 2026-05-11 06:02:41 --> Session: Class initialized using 'CodeIgniter\Session\Handlers\FileHandler' driver.
INFO - 2026-05-11 06:02:41 --> Session: Class initialized using 'CodeIgniter\Session\Handlers\FileHandler' driver.
INFO - 2026-05-11 06:02:41 --> Session: Class initialized using 'CodeIgniter\Session\Handlers\FileHandler' driver.
INFO - 2026-05-11 06:02:41 --> Session: Class initialized using 'CodeIgniter\Session\Handlers\FileHandler' driver.
INFO - 2026-05-11 06:02:42 --> Session: Class initialized using 'CodeIgniter\Session\Handlers\FileHandler' driver.
INFO - 2026-05-11 06:02:42 --> Session: Class initialized using 'CodeIgniter\Session\Handlers\FileHandler' driver.
INFO - 2026-05-11 06:02:42 --> Session: Class initialized using 'CodeIgniter\Session\Handlers\FileHandler' driver.
INFO - 2026-05-11 06:02:42 --> Session: Class initialized using 'CodeIgniter\Session\Handlers\FileHandler' driver.
INFO - 2026-05-11 06:02:42 --> Session: Class initialized using 'CodeIgniter\Session\Handlers\FileHandler' driver.
INFO - 2026-05-11 06:02:42 --> Session: Class initialized using 'CodeIgniter\Session\Handlers\FileHandler' driver.
INFO - 2026-05-11 06:02:48 --> Session: Class initialized using 'CodeIgniter\Session\Handlers\FileHandler' driver.
INFO - 2026-05-11 06:02:48 --> Session: Class initialized using 'CodeIgniter\Session\Handlers\FileHandler' driver.
INFO - 2026-05-11 06:02:48 --> Session: Class initialized using 'CodeIgniter\Session\Handlers\FileHandler' driver.
INFO - 2026-05-11 06:02:48 --> Session: Class initialized using 'CodeIgniter\Session\Handlers\FileHandler' driver.
INFO - 2026-05-11 06:02:48 --> Session: Class initialized using 'CodeIgniter\Session\Handlers\FileHandler' driver.
INFO - 2026-05-11 06:02:48 --> Session: Class initialized using 'CodeIgniter\Session\Handlers\FileHandler' driver.
INFO - 2026-05-11 06:02:48 --> Session: Class initialized using 'CodeIgniter\Session\Handlers\FileHandler' driver.
INFO - 2026-05-11 08:07:06 --> Session: Class initialized using 'CodeIgniter\Session\Handlers\FileHandler' driver.
INFO - 2026-05-11 08:07:06 --> Session: Class initialized using 'CodeIgniter\Session\Handlers\FileHandler' driver.
INFO - 2026-05-11 08:07:06 --> Session: Class initialized using 'CodeIgniter\Session\Handlers\FileHandler' driver.
INFO - 2026-05-11 08:07:06 --> Session: Class initialized using 'CodeIgniter\Session\Handlers\FileHandler' driver.
INFO - 2026-05-11 08:07:06 --> Session: Class initialized using 'CodeIgniter\Session\Handlers\FileHandler' driver.
INFO - 2026-05-11 08:07:06 --> Session: Class initialized using 'CodeIgniter\Session\Handlers\FileHandler' driver.
INFO - 2026-05-11 08:07:06 --> Session: Class initialized using 'CodeIgniter\Session\Handlers\FileHandler' driver.
INFO - 2026-05-11 08:07:15 --> Session: Class initialized using 'CodeIgniter\Session\Handlers\FileHandler' driver.
INFO - 2026-05-11 08:07:24 --> Session: Class initialized using 'CodeIgniter\Session\Handlers\FileHandler' driver.
INFO - 2026-05-11 08:07:24 --> Session: Class initialized using 'CodeIgniter\Session\Handlers\FileHandler' driver.
INFO - 2026-05-11 08:07:25 --> Session: Class initialized using 'CodeIgniter\Session\Handlers\FileHandler' driver.
WARNING - 2026-05-11 08:07:25 --> [DEPRECATED] error_log(): Passing null to parameter #1 ($message) of type string is deprecated in APPPATH\Controllers\Admin.php on line 165.
 1 APPPATH\Controllers\Admin.php(165): error_log(null)
 2 SYSTEMPATH\CodeIgniter.php(934): App\Controllers\Admin->getRecentNews()
 3 SYSTEMPATH\CodeIgniter.php(499): CodeIgniter\CodeIgniter->runController(Object(App\Controllers\Admin))
 4 SYSTEMPATH\CodeIgniter.php(368): CodeIgniter\CodeIgniter->handleRequest(null, Object(Config\Cache), false)
 5 FCPATH\index.php(67): CodeIgniter\CodeIgniter->run()
INFO - 2026-05-11 08:07:25 --> Session: Class initialized using 'CodeIgniter\Session\Handlers\FileHandler' driver.
WARNING - 2026-05-11 08:07:25 --> [DEPRECATED] error_log(): Passing null to parameter #1 ($message) of type string is deprecated in APPPATH\Controllers\Admin.php on line 198.
 1 APPPATH\Controllers\Admin.php(198): error_log(null)
 2 SYSTEMPATH\CodeIgniter.php(934): App\Controllers\Admin->getRecentAnns()
 3 SYSTEMPATH\CodeIgniter.php(499): CodeIgniter\CodeIgniter->runController(Object(App\Controllers\Admin))
 4 SYSTEMPATH\CodeIgniter.php(368): CodeIgniter\CodeIgniter->handleRequest(null, Object(Config\Cache), false)
 5 FCPATH\index.php(67): CodeIgniter\CodeIgniter->run()
INFO - 2026-05-11 08:07:28 --> Session: Class initialized using 'CodeIgniter\Session\Handlers\FileHandler' driver.
INFO - 2026-05-11 08:07:29 --> Session: Class initialized using 'CodeIgniter\Session\Handlers\FileHandler' driver.
INFO - 2026-05-11 08:07:29 --> Session: Class initialized using 'CodeIgniter\Session\Handlers\FileHandler' driver.
INFO - 2026-05-11 08:07:29 --> Session: Class initialized using 'CodeIgniter\Session\Handlers\FileHandler' driver.
INFO - 2026-05-11 08:07:29 --> Session: Class initialized using 'CodeIgniter\Session\Handlers\FileHandler' driver.
INFO - 2026-05-11 08:07:29 --> Session: Class initialized using 'CodeIgniter\Session\Handlers\FileHandler' driver.
INFO - 2026-05-11 08:07:29 --> Session: Class initialized using 'CodeIgniter\Session\Handlers\FileHandler' driver.
INFO - 2026-05-11 08:07:29 --> Session: Class initialized using 'CodeIgniter\Session\Handlers\FileHandler' driver.
INFO - 2026-05-11 08:07:29 --> Session: Class initialized using 'CodeIgniter\Session\Handlers\FileHandler' driver.
INFO - 2026-05-11 08:07:32 --> Session: Class initialized using 'CodeIgniter\Session\Handlers\FileHandler' driver.
INFO - 2026-05-11 08:07:33 --> Session: Class initialized using 'CodeIgniter\Session\Handlers\FileHandler' driver.
INFO - 2026-05-11 08:07:33 --> Session: Class initialized using 'CodeIgniter\Session\Handlers\FileHandler' driver.
INFO - 2026-05-11 08:07:33 --> Session: Class initialized using 'CodeIgniter\Session\Handlers\FileHandler' driver.
INFO - 2026-05-11 08:07:33 --> Session: Class initialized using 'CodeIgniter\Session\Handlers\FileHandler' driver.
INFO - 2026-05-11 08:07:33 --> Session: Class initialized using 'CodeIgniter\Session\Handlers\FileHandler' driver.
INFO - 2026-05-11 08:07:33 --> Session: Class initialized using 'CodeIgniter\Session\Handlers\FileHandler' driver.
INFO - 2026-05-11 08:07:33 --> Session: Class initialized using 'CodeIgniter\Session\Handlers\FileHandler' driver.
INFO - 2026-05-11 08:07:33 --> Session: Class initialized using 'CodeIgniter\Session\Handlers\FileHandler' driver.
INFO - 2026-05-11 08:07:33 --> Session: Class initialized using 'CodeIgniter\Session\Handlers\FileHandler' driver.
INFO - 2026-05-11 08:07:33 --> Session: Class initialized using 'CodeIgniter\Session\Handlers\FileHandler' driver.
INFO - 2026-05-11 08:07:33 --> Session: Class initialized using 'CodeIgniter\Session\Handlers\FileHandler' driver.
INFO - 2026-05-11 08:07:33 --> Session: Class initialized using 'CodeIgniter\Session\Handlers\FileHandler' driver.
INFO - 2026-05-11 08:07:33 --> Session: Class initialized using 'CodeIgniter\Session\Handlers\FileHandler' driver.
INFO - 2026-05-11 08:07:33 --> Session: Class initialized using 'CodeIgniter\Session\Handlers\FileHandler' driver.
INFO - 2026-05-11 08:07:33 --> Session: Class initialized using 'CodeIgniter\Session\Handlers\FileHandler' driver.
INFO - 2026-05-11 08:07:33 --> Session: Class initialized using 'CodeIgniter\Session\Handlers\FileHandler' driver.
INFO - 2026-05-11 08:07:34 --> Session: Class initialized using 'CodeIgniter\Session\Handlers\FileHandler' driver.
INFO - 2026-05-11 08:07:34 --> Session: Class initialized using 'CodeIgniter\Session\Handlers\FileHandler' driver.
INFO - 2026-05-11 08:07:34 --> Session: Class initialized using 'CodeIgniter\Session\Handlers\FileHandler' driver.
INFO - 2026-05-11 08:07:34 --> Session: Class initialized using 'CodeIgniter\Session\Handlers\FileHandler' driver.
INFO - 2026-05-11 08:07:34 --> Session: Class initialized using 'CodeIgniter\Session\Handlers\FileHandler' driver.
INFO - 2026-05-11 08:07:34 --> Session: Class initialized using 'CodeIgniter\Session\Handlers\FileHandler' driver.
INFO - 2026-05-11 08:07:34 --> Session: Class initialized using 'CodeIgniter\Session\Handlers\FileHandler' driver.
INFO - 2026-05-11 08:07:34 --> Session: Class initialized using 'CodeIgniter\Session\Handlers\FileHandler' driver.
INFO - 2026-05-11 08:07:34 --> Session: Class initialized using 'CodeIgniter\Session\Handlers\FileHandler' driver.
INFO - 2026-05-11 08:07:42 --> Session: Class initialized using 'CodeIgniter\Session\Handlers\FileHandler' driver.
INFO - 2026-05-11 08:07:42 --> Session: Class initialized using 'CodeIgniter\Session\Handlers\FileHandler' driver.
INFO - 2026-05-11 08:07:42 --> Session: Class initialized using 'CodeIgniter\Session\Handlers\FileHandler' driver.
INFO - 2026-05-11 08:07:42 --> Session: Class initialized using 'CodeIgniter\Session\Handlers\FileHandler' driver.
INFO - 2026-05-11 08:07:42 --> Session: Class initialized using 'CodeIgniter\Session\Handlers\FileHandler' driver.
INFO - 2026-05-11 08:07:42 --> Session: Class initialized using 'CodeIgniter\Session\Handlers\FileHandler' driver.
INFO - 2026-05-11 08:07:42 --> Session: Class initialized using 'CodeIgniter\Session\Handlers\FileHandler' driver.
ERROR - 2026-05-11 08:08:05 --> Email: sendWithSmtp throwed ErrorException: fsockopen(): php_network_getaddresses: getaddrinfo for smtp.gmail.com failed: No such host is known.  in C:\xampp\htdocs\websitebinan\system\Email\Email.php:1863
Stack trace:
#0 [internal function]: CodeIgniter\Debug\Exceptions->errorHandler(2, 'fsockopen(): ph...', 'C:\\xampp\\htdocs...', 1863)
#1 C:\xampp\htdocs\websitebinan\system\Email\Email.php(1863): fsockopen('smtp.gmail.com', 587, NULL, NULL, 30)
#2 C:\xampp\htdocs\websitebinan\system\Email\Email.php(1782): CodeIgniter\Email\Email->SMTPConnect()
#3 C:\xampp\htdocs\websitebinan\system\Email\Email.php(1667): CodeIgniter\Email\Email->sendWithSmtp()
#4 C:\xampp\htdocs\websitebinan\system\Email\Email.php(1565): CodeIgniter\Email\Email->spoolEmail()
#5 C:\xampp\htdocs\websitebinan\app\Controllers\Home.php(324): CodeIgniter\Email\Email->send()
#6 C:\xampp\htdocs\websitebinan\system\CodeIgniter.php(934): App\Controllers\Home->send()
#7 C:\xampp\htdocs\websitebinan\system\CodeIgniter.php(499): CodeIgniter\CodeIgniter->runController(Object(App\Controllers\Home))
#8 C:\xampp\htdocs\websitebinan\system\CodeIgniter.php(368): CodeIgniter\CodeIgniter->handleRequest(NULL, Object(Config\Cache), false)
#9 C:\xampp\htdocs\websitebinan\public\index.php(67): CodeIgniter\CodeIgniter->run()
#10 {main}
ERROR - 2026-05-11 08:08:05 --> Email: Unable to send email using SMTP. Your server might not be configured to send mail using this method.
ERROR - 2026-05-11 08:08:05 --> 
INFO - 2026-05-11 08:25:09 --> Session: Class initialized using 'CodeIgniter\Session\Handlers\FileHandler' driver.
INFO - 2026-05-11 08:25:09 --> Session: Class initialized using 'CodeIgniter\Session\Handlers\FileHandler' driver.
ERROR - 2026-05-11 08:25:09 --> File not found: C:\xampp\htdocs\websitebinan\writable\uploads\MAYOR\1752560720_0dff09b7b49027edfdc8.png
ERROR - 2026-05-11 08:25:09 --> File not found: C:\xampp\htdocs\websitebinan\writable\uploads\POSTCONTENT\1752491896_d4d17bc7bae7db6cdfbc.jpg
INFO - 2026-05-11 08:25:09 --> Session: Class initialized using 'CodeIgniter\Session\Handlers\FileHandler' driver.
ERROR - 2026-05-11 08:25:09 --> File not found: C:\xampp\htdocs\websitebinan\writable\uploads\POSTCONTENT\1752491708_2ee68cad8c2a4fcee755.jpg
INFO - 2026-05-11 08:25:09 --> Session: Class initialized using 'CodeIgniter\Session\Handlers\FileHandler' driver.
ERROR - 2026-05-11 08:25:09 --> File not found: C:\xampp\htdocs\websitebinan\writable\uploads\POSTCONTENT\1752491553_1116c5425920ad29a5ef.jpg
INFO - 2026-05-11 08:25:09 --> Session: Class initialized using 'CodeIgniter\Session\Handlers\FileHandler' driver.
ERROR - 2026-05-11 08:25:09 --> File not found: C:\xampp\htdocs\websitebinan\writable\uploads\POSTCONTENT\1777448876_38d74746b997d39f9516.jpg
INFO - 2026-05-11 08:25:09 --> Session: Class initialized using 'CodeIgniter\Session\Handlers\FileHandler' driver.
ERROR - 2026-05-11 08:25:09 --> File not found: C:\xampp\htdocs\websitebinan\writable\uploads\POSTCONTENT\1721955128_5d76fdbca58bff6d5dc9.png
INFO - 2026-05-11 08:25:09 --> Session: Class initialized using 'CodeIgniter\Session\Handlers\FileHandler' driver.
ERROR - 2026-05-11 08:25:09 --> File not found: C:\xampp\htdocs\websitebinan\writable\uploads\POSTCONTENT\1721913938_82175b7a5e6b73f925ed.png
INFO - 2026-05-11 08:25:15 --> Session: Class initialized using 'CodeIgniter\Session\Handlers\FileHandler' driver.
INFO - 2026-05-11 08:25:15 --> Session: Class initialized using 'CodeIgniter\Session\Handlers\FileHandler' driver.
INFO - 2026-05-11 08:25:16 --> Session: Class initialized using 'CodeIgniter\Session\Handlers\FileHandler' driver.
WARNING - 2026-05-11 08:25:16 --> [DEPRECATED] error_log(): Passing null to parameter #1 ($message) of type string is deprecated in APPPATH\Controllers\Admin.php on line 198.
 1 APPPATH\Controllers\Admin.php(198): error_log(null)
 2 SYSTEMPATH\CodeIgniter.php(934): App\Controllers\Admin->getRecentAnns()
 3 SYSTEMPATH\CodeIgniter.php(499): CodeIgniter\CodeIgniter->runController(Object(App\Controllers\Admin))
 4 SYSTEMPATH\CodeIgniter.php(368): CodeIgniter\CodeIgniter->handleRequest(null, Object(Config\Cache), false)
 5 FCPATH\index.php(67): CodeIgniter\CodeIgniter->run()
INFO - 2026-05-11 08:25:16 --> Session: Class initialized using 'CodeIgniter\Session\Handlers\FileHandler' driver.
WARNING - 2026-05-11 08:25:16 --> [DEPRECATED] error_log(): Passing null to parameter #1 ($message) of type string is deprecated in APPPATH\Controllers\Admin.php on line 165.
 1 APPPATH\Controllers\Admin.php(165): error_log(null)
 2 SYSTEMPATH\CodeIgniter.php(934): App\Controllers\Admin->getRecentNews()
 3 SYSTEMPATH\CodeIgniter.php(499): CodeIgniter\CodeIgniter->runController(Object(App\Controllers\Admin))
 4 SYSTEMPATH\CodeIgniter.php(368): CodeIgniter\CodeIgniter->handleRequest(null, Object(Config\Cache), false)
 5 FCPATH\index.php(67): CodeIgniter\CodeIgniter->run()
INFO - 2026-05-11 08:25:19 --> Session: Class initialized using 'CodeIgniter\Session\Handlers\FileHandler' driver.
INFO - 2026-05-11 08:25:20 --> Session: Class initialized using 'CodeIgniter\Session\Handlers\FileHandler' driver.
INFO - 2026-05-11 08:25:20 --> Session: Class initialized using 'CodeIgniter\Session\Handlers\FileHandler' driver.
ERROR - 2026-05-11 08:25:20 --> File not found: C:\xampp\htdocs\websitebinan\writable\uploads\MAYOR\1752560720_0dff09b7b49027edfdc8.png
INFO - 2026-05-11 08:25:20 --> Session: Class initialized using 'CodeIgniter\Session\Handlers\FileHandler' driver.
ERROR - 2026-05-11 08:25:20 --> File not found: C:\xampp\htdocs\websitebinan\writable\uploads\MAYOR\1752736418_1ff67fd278268a7aaae6.png
INFO - 2026-05-11 08:25:20 --> Session: Class initialized using 'CodeIgniter\Session\Handlers\FileHandler' driver.
ERROR - 2026-05-11 08:25:20 --> File not found: C:\xampp\htdocs\websitebinan\writable\uploads\MAYOR\1752539275_f7c514e3b71ad925591b.jpg
INFO - 2026-05-11 08:25:20 --> Session: Class initialized using 'CodeIgniter\Session\Handlers\FileHandler' driver.
ERROR - 2026-05-11 08:25:20 --> File not found: C:\xampp\htdocs\websitebinan\writable\uploads\MAYOR\1752539275_ea1d0a840cec5bba9fd2.jpg
INFO - 2026-05-11 08:25:20 --> Session: Class initialized using 'CodeIgniter\Session\Handlers\FileHandler' driver.
ERROR - 2026-05-11 08:25:20 --> File not found: C:\xampp\htdocs\websitebinan\writable\uploads\MAYOR\1752539275_461564b96f4fa7ceb020.jpg
INFO - 2026-05-11 08:25:20 --> Session: Class initialized using 'CodeIgniter\Session\Handlers\FileHandler' driver.
ERROR - 2026-05-11 08:25:20 --> File not found: C:\xampp\htdocs\websitebinan\writable\uploads\MAYOR\1752539275_cc5d2e194bb2c24a824e.jpg
INFO - 2026-05-11 08:25:20 --> Session: Class initialized using 'CodeIgniter\Session\Handlers\FileHandler' driver.
ERROR - 2026-05-11 08:25:20 --> File not found: C:\xampp\htdocs\websitebinan\writable\uploads\MAYOR\1752539275_fa6c311f39c9c860e58d.jpg
INFO - 2026-05-11 08:25:23 --> Session: Class initialized using 'CodeIgniter\Session\Handlers\FileHandler' driver.
INFO - 2026-05-11 08:25:24 --> Session: Class initialized using 'CodeIgniter\Session\Handlers\FileHandler' driver.
INFO - 2026-05-11 08:25:24 --> Session: Class initialized using 'CodeIgniter\Session\Handlers\FileHandler' driver.
ERROR - 2026-05-11 08:25:24 --> File not found: C:\xampp\htdocs\websitebinan\writable\uploads\ABOUT\1722577197_b544c55a9dac11b5c462.png
INFO - 2026-05-11 08:25:24 --> Session: Class initialized using 'CodeIgniter\Session\Handlers\FileHandler' driver.
ERROR - 2026-05-11 08:25:24 --> File not found: C:\xampp\htdocs\websitebinan\writable\uploads\ABOUT\1748478676_80af2d5fd9b33d3bd0dc.png
INFO - 2026-05-11 08:25:24 --> Session: Class initialized using 'CodeIgniter\Session\Handlers\FileHandler' driver.
ERROR - 2026-05-11 08:25:24 --> File not found: C:\xampp\htdocs\websitebinan\writable\uploads\ABOUT\1722563925_54f03ce817d85fa00ca2.jpg
INFO - 2026-05-11 08:25:24 --> Session: Class initialized using 'CodeIgniter\Session\Handlers\FileHandler' driver.
ERROR - 2026-05-11 08:25:24 --> File not found: C:\xampp\htdocs\websitebinan\writable\uploads\ABOUT\1722563794_34aed21fdb77504e305a.png
INFO - 2026-05-11 08:25:24 --> Session: Class initialized using 'CodeIgniter\Session\Handlers\FileHandler' driver.
ERROR - 2026-05-11 08:25:24 --> File not found: C:\xampp\htdocs\websitebinan\writable\uploads\ABOUT\1722563887_fbd05bba358d74f19118.jpg
INFO - 2026-05-11 08:25:24 --> Session: Class initialized using 'CodeIgniter\Session\Handlers\FileHandler' driver.
ERROR - 2026-05-11 08:25:24 --> File not found: C:\xampp\htdocs\websitebinan\writable\uploads\ABOUT\1722563907_d67c507b7939d4ce3efd.jpg
INFO - 2026-05-11 08:25:24 --> Session: Class initialized using 'CodeIgniter\Session\Handlers\FileHandler' driver.
ERROR - 2026-05-11 08:25:24 --> File not found: C:\xampp\htdocs\websitebinan\writable\uploads\ABOUT\1722563762_58dbf047f10d1d2cfc2c.png
INFO - 2026-05-11 08:25:24 --> Session: Class initialized using 'CodeIgniter\Session\Handlers\FileHandler' driver.
ERROR - 2026-05-11 08:25:24 --> File not found: C:\xampp\htdocs\websitebinan\writable\uploads\ABOUT\1722563728_f91efddb8e7ac4545906.png
INFO - 2026-05-11 08:25:26 --> Session: Class initialized using 'CodeIgniter\Session\Handlers\FileHandler' driver.
INFO - 2026-05-11 08:25:27 --> Session: Class initialized using 'CodeIgniter\Session\Handlers\FileHandler' driver.
INFO - 2026-05-11 08:25:28 --> Session: Class initialized using 'CodeIgniter\Session\Handlers\FileHandler' driver.
INFO - 2026-05-11 08:25:29 --> Session: Class initialized using 'CodeIgniter\Session\Handlers\FileHandler' driver.
INFO - 2026-05-11 08:25:29 --> Session: Class initialized using 'CodeIgniter\Session\Handlers\FileHandler' driver.
ERROR - 2026-05-11 08:25:29 --> File not found: C:\xampp\htdocs\websitebinan\writable\uploads\POSTCONTENT\1777448876_38d74746b997d39f9516.jpg
INFO - 2026-05-11 08:25:29 --> Session: Class initialized using 'CodeIgniter\Session\Handlers\FileHandler' driver.
ERROR - 2026-05-11 08:25:29 --> File not found: C:\xampp\htdocs\websitebinan\writable\uploads\POSTCONTENT\1752491896_d4d17bc7bae7db6cdfbc.jpg
INFO - 2026-05-11 08:25:29 --> Session: Class initialized using 'CodeIgniter\Session\Handlers\FileHandler' driver.
ERROR - 2026-05-11 08:25:29 --> File not found: C:\xampp\htdocs\websitebinan\writable\uploads\POSTCONTENT\1749458662_5e2738b875dbcdfb152a.jpg
INFO - 2026-05-11 08:25:29 --> Session: Class initialized using 'CodeIgniter\Session\Handlers\FileHandler' driver.
ERROR - 2026-05-11 08:25:29 --> File not found: C:\xampp\htdocs\websitebinan\writable\uploads\POSTCONTENT\1752491708_2ee68cad8c2a4fcee755.jpg
INFO - 2026-05-11 08:25:29 --> Session: Class initialized using 'CodeIgniter\Session\Handlers\FileHandler' driver.
ERROR - 2026-05-11 08:25:29 --> File not found: C:\xampp\htdocs\websitebinan\writable\uploads\POSTCONTENT\1752491363_8033f5cc6a160faa4e39.jpg
INFO - 2026-05-11 08:25:29 --> Session: Class initialized using 'CodeIgniter\Session\Handlers\FileHandler' driver.
ERROR - 2026-05-11 08:25:29 --> File not found: C:\xampp\htdocs\websitebinan\writable\uploads\POSTCONTENT\1752491553_1116c5425920ad29a5ef.jpg
INFO - 2026-05-11 08:25:29 --> Session: Class initialized using 'CodeIgniter\Session\Handlers\FileHandler' driver.
ERROR - 2026-05-11 08:25:29 --> File not found: C:\xampp\htdocs\websitebinan\writable\uploads\POSTCONTENT\1749107636_44d9a126ab1d74a75ec5.jpg
INFO - 2026-05-11 08:25:29 --> Session: Class initialized using 'CodeIgniter\Session\Handlers\FileHandler' driver.
ERROR - 2026-05-11 08:25:29 --> File not found: C:\xampp\htdocs\websitebinan\writable\uploads\POSTCONTENT\1749107815_451ea82bd13fd8daaaf5.jpg
INFO - 2026-05-11 08:25:29 --> Session: Class initialized using 'CodeIgniter\Session\Handlers\FileHandler' driver.
ERROR - 2026-05-11 08:25:29 --> File not found: C:\xampp\htdocs\websitebinan\writable\uploads\POSTCONTENT\1749103302_e4a3d36d571f864f0bbc.jpg
INFO - 2026-05-11 08:25:29 --> Session: Class initialized using 'CodeIgniter\Session\Handlers\FileHandler' driver.
ERROR - 2026-05-11 08:25:29 --> File not found: C:\xampp\htdocs\websitebinan\writable\uploads\POSTCONTENT\1747411497_cea8a53f64afbeefcbae.jpg
INFO - 2026-05-11 08:25:29 --> Session: Class initialized using 'CodeIgniter\Session\Handlers\FileHandler' driver.
ERROR - 2026-05-11 08:25:30 --> File not found: C:\xampp\htdocs\websitebinan\writable\uploads\POSTCONTENT\1722579567_4a3e4ea0c8331bc2fdb6.png
INFO - 2026-05-11 08:25:30 --> Session: Class initialized using 'CodeIgniter\Session\Handlers\FileHandler' driver.
ERROR - 2026-05-11 08:25:30 --> File not found: C:\xampp\htdocs\websitebinan\writable\uploads\POSTCONTENT\1721955128_5d76fdbca58bff6d5dc9.png
INFO - 2026-05-11 08:25:30 --> Session: Class initialized using 'CodeIgniter\Session\Handlers\FileHandler' driver.
ERROR - 2026-05-11 08:25:30 --> File not found: C:\xampp\htdocs\websitebinan\writable\uploads\POSTCONTENT\1721913938_82175b7a5e6b73f925ed.png
INFO - 2026-05-11 08:25:30 --> Session: Class initialized using 'CodeIgniter\Session\Handlers\FileHandler' driver.
ERROR - 2026-05-11 08:25:30 --> File not found: C:\xampp\htdocs\websitebinan\writable\uploads\POSTCONTENT\1720763939_cf51e8ed5c67487d9cf0.jpg
INFO - 2026-05-11 08:25:30 --> Session: Class initialized using 'CodeIgniter\Session\Handlers\FileHandler' driver.
ERROR - 2026-05-11 08:25:30 --> File not found: C:\xampp\htdocs\websitebinan\writable\uploads\POSTCONTENT\1720161861_89876e3080f71f3530d9.jpg
INFO - 2026-05-11 08:25:30 --> Session: Class initialized using 'CodeIgniter\Session\Handlers\FileHandler' driver.
ERROR - 2026-05-11 08:25:30 --> File not found: C:\xampp\htdocs\websitebinan\writable\uploads\POSTCONTENT\1720161770_63f9a885543e83732987.jpg
INFO - 2026-05-11 08:25:30 --> Session: Class initialized using 'CodeIgniter\Session\Handlers\FileHandler' driver.
ERROR - 2026-05-11 08:25:30 --> File not found: C:\xampp\htdocs\websitebinan\writable\uploads\POSTCONTENT\1720087135_ac9f05f68ecc2ca866ac.jpeg
INFO - 2026-05-11 08:25:30 --> Session: Class initialized using 'CodeIgniter\Session\Handlers\FileHandler' driver.
ERROR - 2026-05-11 08:25:30 --> File not found: C:\xampp\htdocs\websitebinan\writable\uploads\POSTCONTENT\1720087062_efe59c8828331f22a116.jpg
INFO - 2026-05-11 08:25:30 --> Session: Class initialized using 'CodeIgniter\Session\Handlers\FileHandler' driver.
ERROR - 2026-05-11 08:25:30 --> File not found: C:\xampp\htdocs\websitebinan\writable\uploads\POSTCONTENT\1720086681_6f24b94f33ed5e27c3c4.jpg
INFO - 2026-05-11 08:25:31 --> Session: Class initialized using 'CodeIgniter\Session\Handlers\FileHandler' driver.
INFO - 2026-05-11 08:25:32 --> Session: Class initialized using 'CodeIgniter\Session\Handlers\FileHandler' driver.
INFO - 2026-05-11 08:25:32 --> Session: Class initialized using 'CodeIgniter\Session\Handlers\FileHandler' driver.
ERROR - 2026-05-11 08:25:32 --> File not found: C:\xampp\htdocs\websitebinan\writable\uploads\CITYOFFICIAL\1753922986_227ce8d1fc7ea674144d.jpg
INFO - 2026-05-11 08:25:32 --> Session: Class initialized using 'CodeIgniter\Session\Handlers\FileHandler' driver.
ERROR - 2026-05-11 08:25:32 --> File not found: C:\xampp\htdocs\websitebinan\writable\uploads\CITYOFFICIAL\1753083853_93342f658f89fef63002.jpg
INFO - 2026-05-11 08:25:32 --> Session: Class initialized using 'CodeIgniter\Session\Handlers\FileHandler' driver.
ERROR - 2026-05-11 08:25:32 --> File not found: C:\xampp\htdocs\websitebinan\writable\uploads\CITYOFFICIAL\1753921912_9e57c1101fbbccab6d7f.jpg
INFO - 2026-05-11 08:25:32 --> Session: Class initialized using 'CodeIgniter\Session\Handlers\FileHandler' driver.
ERROR - 2026-05-11 08:25:32 --> File not found: C:\xampp\htdocs\websitebinan\writable\uploads\CITYOFFICIAL\1753083396_fbe1c39b9f3ce1c4ec9d.jpg
INFO - 2026-05-11 08:25:32 --> Session: Class initialized using 'CodeIgniter\Session\Handlers\FileHandler' driver.
ERROR - 2026-05-11 08:25:32 --> File not found: C:\xampp\htdocs\websitebinan\writable\uploads\CITYOFFICIAL\1753083832_24114289cdde9c5b51b5.jpg
INFO - 2026-05-11 08:25:32 --> Session: Class initialized using 'CodeIgniter\Session\Handlers\FileHandler' driver.
ERROR - 2026-05-11 08:25:32 --> File not found: C:\xampp\htdocs\websitebinan\writable\uploads\CITYOFFICIAL\1753084663_e3bcd5569e63bcd451b2.jpg
INFO - 2026-05-11 08:25:32 --> Session: Class initialized using 'CodeIgniter\Session\Handlers\FileHandler' driver.
ERROR - 2026-05-11 08:25:32 --> File not found: C:\xampp\htdocs\websitebinan\writable\uploads\CITYOFFICIAL\1753083427_5a98d81117130135ac4c.jpg
INFO - 2026-05-11 08:25:32 --> Session: Class initialized using 'CodeIgniter\Session\Handlers\FileHandler' driver.
ERROR - 2026-05-11 08:25:32 --> File not found: C:\xampp\htdocs\websitebinan\writable\uploads\CITYOFFICIAL\1753084385_62ff234d1d2cc3c05801.jpg
INFO - 2026-05-11 08:25:32 --> Session: Class initialized using 'CodeIgniter\Session\Handlers\FileHandler' driver.
ERROR - 2026-05-11 08:25:32 --> File not found: C:\xampp\htdocs\websitebinan\writable\uploads\CITYOFFICIAL\1753084422_665d5e3c85baeb3cc9f1.jpg
INFO - 2026-05-11 08:25:32 --> Session: Class initialized using 'CodeIgniter\Session\Handlers\FileHandler' driver.
ERROR - 2026-05-11 08:25:32 --> File not found: C:\xampp\htdocs\websitebinan\writable\uploads\CITYOFFICIAL\1753084776_3d821a873245fc3d81b5.jpg
INFO - 2026-05-11 08:25:32 --> Session: Class initialized using 'CodeIgniter\Session\Handlers\FileHandler' driver.
ERROR - 2026-05-11 08:25:32 --> File not found: C:\xampp\htdocs\websitebinan\writable\uploads\CITYOFFICIAL\1753084869_cc840c6063e319ab309b.jpg
INFO - 2026-05-11 08:25:32 --> Session: Class initialized using 'CodeIgniter\Session\Handlers\FileHandler' driver.
ERROR - 2026-05-11 08:25:32 --> File not found: C:\xampp\htdocs\websitebinan\writable\uploads\CITYOFFICIAL\1753250487_b24d55b36693b3d8f404.jpg
INFO - 2026-05-11 08:25:32 --> Session: Class initialized using 'CodeIgniter\Session\Handlers\FileHandler' driver.
ERROR - 2026-05-11 08:25:32 --> File not found: C:\xampp\htdocs\websitebinan\writable\uploads\CITYOFFICIAL\1753084959_0c206bfa3a652b57150f.jpg
INFO - 2026-05-11 08:25:32 --> Session: Class initialized using 'CodeIgniter\Session\Handlers\FileHandler' driver.
ERROR - 2026-05-11 08:25:32 --> File not found: C:\xampp\htdocs\websitebinan\writable\uploads\CITYOFFICIAL\1753085061_072a45447b58c46f586b.jpg
INFO - 2026-05-11 08:25:32 --> Session: Class initialized using 'CodeIgniter\Session\Handlers\FileHandler' driver.
ERROR - 2026-05-11 08:25:32 --> File not found: C:\xampp\htdocs\websitebinan\writable\uploads\CITYOFFICIAL\1753085167_697f94732f91231b879c.jpg
INFO - 2026-05-11 08:25:32 --> Session: Class initialized using 'CodeIgniter\Session\Handlers\FileHandler' driver.
ERROR - 2026-05-11 08:25:32 --> File not found: C:\xampp\htdocs\websitebinan\writable\uploads\CITYOFFICIAL\1753085240_c5990f3ad94929fed814.jpg
INFO - 2026-05-11 08:25:32 --> Session: Class initialized using 'CodeIgniter\Session\Handlers\FileHandler' driver.
ERROR - 2026-05-11 08:25:32 --> File not found: C:\xampp\htdocs\websitebinan\writable\uploads\CITYOFFICIAL\1770878916_b1e08558c720ec018823.jpg
INFO - 2026-05-11 08:25:34 --> Session: Class initialized using 'CodeIgniter\Session\Handlers\FileHandler' driver.
INFO - 2026-05-11 08:25:35 --> Session: Class initialized using 'CodeIgniter\Session\Handlers\FileHandler' driver.
INFO - 2026-05-11 08:25:40 --> Session: Class initialized using 'CodeIgniter\Session\Handlers\FileHandler' driver.
INFO - 2026-05-11 08:25:41 --> Session: Class initialized using 'CodeIgniter\Session\Handlers\FileHandler' driver.
INFO - 2026-05-11 08:25:42 --> Session: Class initialized using 'CodeIgniter\Session\Handlers\FileHandler' driver.
INFO - 2026-05-11 08:25:43 --> Session: Class initialized using 'CodeIgniter\Session\Handlers\FileHandler' driver.
INFO - 2026-05-11 08:25:53 --> Session: Class initialized using 'CodeIgniter\Session\Handlers\FileHandler' driver.
INFO - 2026-05-11 08:25:54 --> Session: Class initialized using 'CodeIgniter\Session\Handlers\FileHandler' driver.
INFO - 2026-05-11 08:25:59 --> Session: Class initialized using 'CodeIgniter\Session\Handlers\FileHandler' driver.
INFO - 2026-05-11 08:26:00 --> Session: Class initialized using 'CodeIgniter\Session\Handlers\FileHandler' driver.
INFO - 2026-05-11 08:26:05 --> Session: Class initialized using 'CodeIgniter\Session\Handlers\FileHandler' driver.
INFO - 2026-05-11 08:26:05 --> Session: Class initialized using 'CodeIgniter\Session\Handlers\FileHandler' driver.
INFO - 2026-05-11 08:26:06 --> Session: Class initialized using 'CodeIgniter\Session\Handlers\FileHandler' driver.
ERROR - 2026-05-11 08:26:06 --> File not found: C:\xampp\htdocs\websitebinan\writable\uploads\POSTCONTENT\1777448876_38d74746b997d39f9516.jpg
INFO - 2026-05-11 08:26:06 --> Session: Class initialized using 'CodeIgniter\Session\Handlers\FileHandler' driver.
ERROR - 2026-05-11 08:26:06 --> File not found: C:\xampp\htdocs\websitebinan\writable\uploads\POSTCONTENT\1749458662_5e2738b875dbcdfb152a.jpg
INFO - 2026-05-11 08:26:06 --> Session: Class initialized using 'CodeIgniter\Session\Handlers\FileHandler' driver.
ERROR - 2026-05-11 08:26:06 --> File not found: C:\xampp\htdocs\websitebinan\writable\uploads\POSTCONTENT\1752491553_1116c5425920ad29a5ef.jpg
INFO - 2026-05-11 08:26:06 --> Session: Class initialized using 'CodeIgniter\Session\Handlers\FileHandler' driver.
ERROR - 2026-05-11 08:26:06 --> File not found: C:\xampp\htdocs\websitebinan\writable\uploads\POSTCONTENT\1752491896_d4d17bc7bae7db6cdfbc.jpg
INFO - 2026-05-11 08:26:06 --> Session: Class initialized using 'CodeIgniter\Session\Handlers\FileHandler' driver.
ERROR - 2026-05-11 08:26:06 --> File not found: C:\xampp\htdocs\websitebinan\writable\uploads\POSTCONTENT\1752491708_2ee68cad8c2a4fcee755.jpg
INFO - 2026-05-11 08:26:06 --> Session: Class initialized using 'CodeIgniter\Session\Handlers\FileHandler' driver.
ERROR - 2026-05-11 08:26:06 --> File not found: C:\xampp\htdocs\websitebinan\writable\uploads\POSTCONTENT\1752491363_8033f5cc6a160faa4e39.jpg
INFO - 2026-05-11 08:26:06 --> Session: Class initialized using 'CodeIgniter\Session\Handlers\FileHandler' driver.
ERROR - 2026-05-11 08:26:06 --> File not found: C:\xampp\htdocs\websitebinan\writable\uploads\POSTCONTENT\1749107636_44d9a126ab1d74a75ec5.jpg
INFO - 2026-05-11 08:26:06 --> Session: Class initialized using 'CodeIgniter\Session\Handlers\FileHandler' driver.
ERROR - 2026-05-11 08:26:06 --> File not found: C:\xampp\htdocs\websitebinan\writable\uploads\POSTCONTENT\1749107815_451ea82bd13fd8daaaf5.jpg
INFO - 2026-05-11 08:26:06 --> Session: Class initialized using 'CodeIgniter\Session\Handlers\FileHandler' driver.
ERROR - 2026-05-11 08:26:06 --> File not found: C:\xampp\htdocs\websitebinan\writable\uploads\POSTCONTENT\1749103302_e4a3d36d571f864f0bbc.jpg
INFO - 2026-05-11 08:26:06 --> Session: Class initialized using 'CodeIgniter\Session\Handlers\FileHandler' driver.
ERROR - 2026-05-11 08:26:06 --> File not found: C:\xampp\htdocs\websitebinan\writable\uploads\POSTCONTENT\1747411497_cea8a53f64afbeefcbae.jpg
INFO - 2026-05-11 08:26:06 --> Session: Class initialized using 'CodeIgniter\Session\Handlers\FileHandler' driver.
ERROR - 2026-05-11 08:26:06 --> File not found: C:\xampp\htdocs\websitebinan\writable\uploads\POSTCONTENT\1722579567_4a3e4ea0c8331bc2fdb6.png
INFO - 2026-05-11 08:26:06 --> Session: Class initialized using 'CodeIgniter\Session\Handlers\FileHandler' driver.
ERROR - 2026-05-11 08:26:06 --> File not found: C:\xampp\htdocs\websitebinan\writable\uploads\POSTCONTENT\1721955128_5d76fdbca58bff6d5dc9.png
INFO - 2026-05-11 08:26:06 --> Session: Class initialized using 'CodeIgniter\Session\Handlers\FileHandler' driver.
ERROR - 2026-05-11 08:26:06 --> File not found: C:\xampp\htdocs\websitebinan\writable\uploads\POSTCONTENT\1721913938_82175b7a5e6b73f925ed.png
INFO - 2026-05-11 08:26:06 --> Session: Class initialized using 'CodeIgniter\Session\Handlers\FileHandler' driver.
ERROR - 2026-05-11 08:26:06 --> File not found: C:\xampp\htdocs\websitebinan\writable\uploads\POSTCONTENT\1720763939_cf51e8ed5c67487d9cf0.jpg
INFO - 2026-05-11 08:26:06 --> Session: Class initialized using 'CodeIgniter\Session\Handlers\FileHandler' driver.
ERROR - 2026-05-11 08:26:06 --> File not found: C:\xampp\htdocs\websitebinan\writable\uploads\POSTCONTENT\1720161861_89876e3080f71f3530d9.jpg
INFO - 2026-05-11 08:26:06 --> Session: Class initialized using 'CodeIgniter\Session\Handlers\FileHandler' driver.
ERROR - 2026-05-11 08:26:06 --> File not found: C:\xampp\htdocs\websitebinan\writable\uploads\POSTCONTENT\1720161770_63f9a885543e83732987.jpg
INFO - 2026-05-11 08:26:06 --> Session: Class initialized using 'CodeIgniter\Session\Handlers\FileHandler' driver.
ERROR - 2026-05-11 08:26:06 --> File not found: C:\xampp\htdocs\websitebinan\writable\uploads\POSTCONTENT\1720087135_ac9f05f68ecc2ca866ac.jpeg
INFO - 2026-05-11 08:26:06 --> Session: Class initialized using 'CodeIgniter\Session\Handlers\FileHandler' driver.
ERROR - 2026-05-11 08:26:06 --> File not found: C:\xampp\htdocs\websitebinan\writable\uploads\POSTCONTENT\1720087062_efe59c8828331f22a116.jpg
INFO - 2026-05-11 08:26:06 --> Session: Class initialized using 'CodeIgniter\Session\Handlers\FileHandler' driver.
ERROR - 2026-05-11 08:26:06 --> File not found: C:\xampp\htdocs\websitebinan\writable\uploads\POSTCONTENT\1720086681_6f24b94f33ed5e27c3c4.jpg
INFO - 2026-05-11 08:26:07 --> Session: Class initialized using 'CodeIgniter\Session\Handlers\FileHandler' driver.
INFO - 2026-05-11 08:26:07 --> Session: Class initialized using 'CodeIgniter\Session\Handlers\FileHandler' driver.
INFO - 2026-05-11 08:26:08 --> Session: Class initialized using 'CodeIgniter\Session\Handlers\FileHandler' driver.
ERROR - 2026-05-11 08:26:08 --> File not found: C:\xampp\htdocs\websitebinan\writable\uploads\MAYOR\1752560720_0dff09b7b49027edfdc8.png
INFO - 2026-05-11 08:26:08 --> Session: Class initialized using 'CodeIgniter\Session\Handlers\FileHandler' driver.
ERROR - 2026-05-11 08:26:08 --> File not found: C:\xampp\htdocs\websitebinan\writable\uploads\MAYOR\1752736418_1ff67fd278268a7aaae6.png
INFO - 2026-05-11 08:26:08 --> Session: Class initialized using 'CodeIgniter\Session\Handlers\FileHandler' driver.
ERROR - 2026-05-11 08:26:08 --> File not found: C:\xampp\htdocs\websitebinan\writable\uploads\MAYOR\1752539275_ea1d0a840cec5bba9fd2.jpg
INFO - 2026-05-11 08:26:08 --> Session: Class initialized using 'CodeIgniter\Session\Handlers\FileHandler' driver.
ERROR - 2026-05-11 08:26:08 --> File not found: C:\xampp\htdocs\websitebinan\writable\uploads\MAYOR\1752539275_f7c514e3b71ad925591b.jpg
INFO - 2026-05-11 08:26:08 --> Session: Class initialized using 'CodeIgniter\Session\Handlers\FileHandler' driver.
ERROR - 2026-05-11 08:26:08 --> File not found: C:\xampp\htdocs\websitebinan\writable\uploads\MAYOR\1752539275_cc5d2e194bb2c24a824e.jpg
INFO - 2026-05-11 08:26:08 --> Session: Class initialized using 'CodeIgniter\Session\Handlers\FileHandler' driver.
ERROR - 2026-05-11 08:26:08 --> File not found: C:\xampp\htdocs\websitebinan\writable\uploads\MAYOR\1752539275_461564b96f4fa7ceb020.jpg
INFO - 2026-05-11 08:26:08 --> Session: Class initialized using 'CodeIgniter\Session\Handlers\FileHandler' driver.
ERROR - 2026-05-11 08:26:08 --> File not found: C:\xampp\htdocs\websitebinan\writable\uploads\MAYOR\1752539275_fa6c311f39c9c860e58d.jpg
INFO - 2026-05-11 08:26:10 --> Session: Class initialized using 'CodeIgniter\Session\Handlers\FileHandler' driver.
INFO - 2026-05-11 08:26:11 --> Session: Class initialized using 'CodeIgniter\Session\Handlers\FileHandler' driver.
INFO - 2026-05-11 08:26:12 --> Session: Class initialized using 'CodeIgniter\Session\Handlers\FileHandler' driver.
INFO - 2026-05-11 08:26:12 --> Session: Class initialized using 'CodeIgniter\Session\Handlers\FileHandler' driver.
INFO - 2026-05-11 08:26:30 --> Session: Class initialized using 'CodeIgniter\Session\Handlers\FileHandler' driver.
INFO - 2026-05-11 08:26:54 --> Session: Class initialized using 'CodeIgniter\Session\Handlers\FileHandler' driver.
INFO - 2026-05-11 08:27:14 --> Session: Class initialized using 'CodeIgniter\Session\Handlers\FileHandler' driver.
INFO - 2026-05-11 08:27:38 --> Session: Class initialized using 'CodeIgniter\Session\Handlers\FileHandler' driver.
INFO - 2026-05-11 08:27:43 --> Session: Class initialized using 'CodeIgniter\Session\Handlers\FileHandler' driver.
INFO - 2026-05-11 08:27:43 --> Session: Class initialized using 'CodeIgniter\Session\Handlers\FileHandler' driver.
INFO - 2026-05-11 08:28:08 --> Session: Class initialized using 'CodeIgniter\Session\Handlers\FileHandler' driver.
INFO - 2026-05-11 08:28:08 --> Session: Class initialized using 'CodeIgniter\Session\Handlers\FileHandler' driver.
INFO - 2026-05-11 08:28:10 --> Session: Class initialized using 'CodeIgniter\Session\Handlers\FileHandler' driver.
INFO - 2026-05-11 08:28:10 --> Session: Class initialized using 'CodeIgniter\Session\Handlers\FileHandler' driver.
INFO - 2026-05-11 08:29:22 --> Session: Class initialized using 'CodeIgniter\Session\Handlers\FileHandler' driver.
INFO - 2026-05-11 08:29:22 --> Session: Class initialized using 'CodeIgniter\Session\Handlers\FileHandler' driver.
INFO - 2026-05-11 08:29:23 --> Session: Class initialized using 'CodeIgniter\Session\Handlers\FileHandler' driver.
INFO - 2026-05-11 08:29:24 --> Session: Class initialized using 'CodeIgniter\Session\Handlers\FileHandler' driver.
INFO - 2026-05-11 08:29:24 --> Session: Class initialized using 'CodeIgniter\Session\Handlers\FileHandler' driver.
ERROR - 2026-05-11 08:29:24 --> File not found: C:\xampp\htdocs\websitebinan\writable\uploads\CITYOFFICIAL\1753922986_227ce8d1fc7ea674144d.jpg
INFO - 2026-05-11 08:29:24 --> Session: Class initialized using 'CodeIgniter\Session\Handlers\FileHandler' driver.
ERROR - 2026-05-11 08:29:24 --> File not found: C:\xampp\htdocs\websitebinan\writable\uploads\CITYOFFICIAL\1753083396_fbe1c39b9f3ce1c4ec9d.jpg
INFO - 2026-05-11 08:29:24 --> Session: Class initialized using 'CodeIgniter\Session\Handlers\FileHandler' driver.
ERROR - 2026-05-11 08:29:24 --> File not found: C:\xampp\htdocs\websitebinan\writable\uploads\CITYOFFICIAL\1753083832_24114289cdde9c5b51b5.jpg
INFO - 2026-05-11 08:29:24 --> Session: Class initialized using 'CodeIgniter\Session\Handlers\FileHandler' driver.
ERROR - 2026-05-11 08:29:24 --> File not found: C:\xampp\htdocs\websitebinan\writable\uploads\CITYOFFICIAL\1753083853_93342f658f89fef63002.jpg
INFO - 2026-05-11 08:29:24 --> Session: Class initialized using 'CodeIgniter\Session\Handlers\FileHandler' driver.
ERROR - 2026-05-11 08:29:24 --> File not found: C:\xampp\htdocs\websitebinan\writable\uploads\CITYOFFICIAL\1753084663_e3bcd5569e63bcd451b2.jpg
INFO - 2026-05-11 08:29:24 --> Session: Class initialized using 'CodeIgniter\Session\Handlers\FileHandler' driver.
ERROR - 2026-05-11 08:29:24 --> File not found: C:\xampp\htdocs\websitebinan\writable\uploads\CITYOFFICIAL\1753921912_9e57c1101fbbccab6d7f.jpg
INFO - 2026-05-11 08:29:25 --> Session: Class initialized using 'CodeIgniter\Session\Handlers\FileHandler' driver.
ERROR - 2026-05-11 08:29:25 --> File not found: C:\xampp\htdocs\websitebinan\writable\uploads\CITYOFFICIAL\1753083427_5a98d81117130135ac4c.jpg
INFO - 2026-05-11 08:29:25 --> Session: Class initialized using 'CodeIgniter\Session\Handlers\FileHandler' driver.
ERROR - 2026-05-11 08:29:25 --> File not found: C:\xampp\htdocs\websitebinan\writable\uploads\CITYOFFICIAL\1753084385_62ff234d1d2cc3c05801.jpg
INFO - 2026-05-11 08:29:25 --> Session: Class initialized using 'CodeIgniter\Session\Handlers\FileHandler' driver.
ERROR - 2026-05-11 08:29:25 --> File not found: C:\xampp\htdocs\websitebinan\writable\uploads\CITYOFFICIAL\1753084422_665d5e3c85baeb3cc9f1.jpg
INFO - 2026-05-11 08:29:25 --> Session: Class initialized using 'CodeIgniter\Session\Handlers\FileHandler' driver.
ERROR - 2026-05-11 08:29:25 --> File not found: C:\xampp\htdocs\websitebinan\writable\uploads\CITYOFFICIAL\1753084776_3d821a873245fc3d81b5.jpg
INFO - 2026-05-11 08:29:25 --> Session: Class initialized using 'CodeIgniter\Session\Handlers\FileHandler' driver.
ERROR - 2026-05-11 08:29:25 --> File not found: C:\xampp\htdocs\websitebinan\writable\uploads\CITYOFFICIAL\1753084869_cc840c6063e319ab309b.jpg
INFO - 2026-05-11 08:29:25 --> Session: Class initialized using 'CodeIgniter\Session\Handlers\FileHandler' driver.
ERROR - 2026-05-11 08:29:25 --> File not found: C:\xampp\htdocs\websitebinan\writable\uploads\CITYOFFICIAL\1753250487_b24d55b36693b3d8f404.jpg
INFO - 2026-05-11 08:29:25 --> Session: Class initialized using 'CodeIgniter\Session\Handlers\FileHandler' driver.
ERROR - 2026-05-11 08:29:25 --> File not found: C:\xampp\htdocs\websitebinan\writable\uploads\CITYOFFICIAL\1753084959_0c206bfa3a652b57150f.jpg
INFO - 2026-05-11 08:29:25 --> Session: Class initialized using 'CodeIgniter\Session\Handlers\FileHandler' driver.
ERROR - 2026-05-11 08:29:25 --> File not found: C:\xampp\htdocs\websitebinan\writable\uploads\CITYOFFICIAL\1753085061_072a45447b58c46f586b.jpg
INFO - 2026-05-11 08:29:25 --> Session: Class initialized using 'CodeIgniter\Session\Handlers\FileHandler' driver.
ERROR - 2026-05-11 08:29:25 --> File not found: C:\xampp\htdocs\websitebinan\writable\uploads\CITYOFFICIAL\1753085167_697f94732f91231b879c.jpg
INFO - 2026-05-11 08:29:25 --> Session: Class initialized using 'CodeIgniter\Session\Handlers\FileHandler' driver.
ERROR - 2026-05-11 08:29:25 --> File not found: C:\xampp\htdocs\websitebinan\writable\uploads\CITYOFFICIAL\1753085240_c5990f3ad94929fed814.jpg
INFO - 2026-05-11 08:29:25 --> Session: Class initialized using 'CodeIgniter\Session\Handlers\FileHandler' driver.
ERROR - 2026-05-11 08:29:25 --> File not found: C:\xampp\htdocs\websitebinan\writable\uploads\CITYOFFICIAL\1770878916_b1e08558c720ec018823.jpg
INFO - 2026-05-11 08:29:25 --> Session: Class initialized using 'CodeIgniter\Session\Handlers\FileHandler' driver.
INFO - 2026-05-11 08:29:26 --> Session: Class initialized using 'CodeIgniter\Session\Handlers\FileHandler' driver.
INFO - 2026-05-11 08:29:30 --> Session: Class initialized using 'CodeIgniter\Session\Handlers\FileHandler' driver.
INFO - 2026-05-11 08:29:30 --> Session: Class initialized using 'CodeIgniter\Session\Handlers\FileHandler' driver.
INFO - 2026-05-11 08:29:37 --> Session: Class initialized using 'CodeIgniter\Session\Handlers\FileHandler' driver.
INFO - 2026-05-11 08:29:37 --> Session: Class initialized using 'CodeIgniter\Session\Handlers\FileHandler' driver.
INFO - 2026-05-11 08:29:38 --> Session: Class initialized using 'CodeIgniter\Session\Handlers\FileHandler' driver.
WARNING - 2026-05-11 08:29:38 --> [DEPRECATED] error_log(): Passing null to parameter #1 ($message) of type string is deprecated in APPPATH\Controllers\Admin.php on line 198.
 1 APPPATH\Controllers\Admin.php(198): error_log(null)
 2 SYSTEMPATH\CodeIgniter.php(934): App\Controllers\Admin->getRecentAnns()
 3 SYSTEMPATH\CodeIgniter.php(499): CodeIgniter\CodeIgniter->runController(Object(App\Controllers\Admin))
 4 SYSTEMPATH\CodeIgniter.php(368): CodeIgniter\CodeIgniter->handleRequest(null, Object(Config\Cache), false)
 5 FCPATH\index.php(67): CodeIgniter\CodeIgniter->run()
INFO - 2026-05-11 08:29:38 --> Session: Class initialized using 'CodeIgniter\Session\Handlers\FileHandler' driver.
WARNING - 2026-05-11 08:29:38 --> [DEPRECATED] error_log(): Passing null to parameter #1 ($message) of type string is deprecated in APPPATH\Controllers\Admin.php on line 165.
 1 APPPATH\Controllers\Admin.php(165): error_log(null)
 2 SYSTEMPATH\CodeIgniter.php(934): App\Controllers\Admin->getRecentNews()
 3 SYSTEMPATH\CodeIgniter.php(499): CodeIgniter\CodeIgniter->runController(Object(App\Controllers\Admin))
 4 SYSTEMPATH\CodeIgniter.php(368): CodeIgniter\CodeIgniter->handleRequest(null, Object(Config\Cache), false)
 5 FCPATH\index.php(67): CodeIgniter\CodeIgniter->run()
INFO - 2026-05-11 08:29:47 --> Session: Class initialized using 'CodeIgniter\Session\Handlers\FileHandler' driver.
INFO - 2026-05-11 08:29:47 --> Session: Class initialized using 'CodeIgniter\Session\Handlers\FileHandler' driver.
INFO - 2026-05-11 08:29:48 --> Session: Class initialized using 'CodeIgniter\Session\Handlers\FileHandler' driver.
ERROR - 2026-05-11 08:29:48 --> File not found: C:\xampp\htdocs\websitebinan\writable\uploads\CITYOFFICIAL\1753922986_227ce8d1fc7ea674144d.jpg
INFO - 2026-05-11 08:29:48 --> Session: Class initialized using 'CodeIgniter\Session\Handlers\FileHandler' driver.
ERROR - 2026-05-11 08:29:48 --> File not found: C:\xampp\htdocs\websitebinan\writable\uploads\CITYOFFICIAL\1753083396_fbe1c39b9f3ce1c4ec9d.jpg
INFO - 2026-05-11 08:29:48 --> Session: Class initialized using 'CodeIgniter\Session\Handlers\FileHandler' driver.
ERROR - 2026-05-11 08:29:48 --> File not found: C:\xampp\htdocs\websitebinan\writable\uploads\CITYOFFICIAL\1753083832_24114289cdde9c5b51b5.jpg
INFO - 2026-05-11 08:29:48 --> Session: Class initialized using 'CodeIgniter\Session\Handlers\FileHandler' driver.
ERROR - 2026-05-11 08:29:48 --> File not found: C:\xampp\htdocs\websitebinan\writable\uploads\CITYOFFICIAL\1753921912_9e57c1101fbbccab6d7f.jpg
INFO - 2026-05-11 08:29:48 --> Session: Class initialized using 'CodeIgniter\Session\Handlers\FileHandler' driver.
ERROR - 2026-05-11 08:29:48 --> File not found: C:\xampp\htdocs\websitebinan\writable\uploads\CITYOFFICIAL\1753084663_e3bcd5569e63bcd451b2.jpg
INFO - 2026-05-11 08:29:48 --> Session: Class initialized using 'CodeIgniter\Session\Handlers\FileHandler' driver.
ERROR - 2026-05-11 08:29:48 --> File not found: C:\xampp\htdocs\websitebinan\writable\uploads\CITYOFFICIAL\1753083853_93342f658f89fef63002.jpg
INFO - 2026-05-11 08:29:48 --> Session: Class initialized using 'CodeIgniter\Session\Handlers\FileHandler' driver.
INFO - 2026-05-11 08:29:48 --> Session: Class initialized using 'CodeIgniter\Session\Handlers\FileHandler' driver.
ERROR - 2026-05-11 08:29:48 --> File not found: C:\xampp\htdocs\websitebinan\writable\uploads\CITYOFFICIAL\1753083427_5a98d81117130135ac4c.jpg
INFO - 2026-05-11 08:29:48 --> Session: Class initialized using 'CodeIgniter\Session\Handlers\FileHandler' driver.
ERROR - 2026-05-11 08:29:48 --> File not found: C:\xampp\htdocs\websitebinan\writable\uploads\CITYOFFICIAL\1753084385_62ff234d1d2cc3c05801.jpg
INFO - 2026-05-11 08:29:48 --> Session: Class initialized using 'CodeIgniter\Session\Handlers\FileHandler' driver.
ERROR - 2026-05-11 08:29:48 --> File not found: C:\xampp\htdocs\websitebinan\writable\uploads\CITYOFFICIAL\1753084422_665d5e3c85baeb3cc9f1.jpg
INFO - 2026-05-11 08:29:48 --> Session: Class initialized using 'CodeIgniter\Session\Handlers\FileHandler' driver.
ERROR - 2026-05-11 08:29:48 --> File not found: C:\xampp\htdocs\websitebinan\writable\uploads\CITYOFFICIAL\1753084776_3d821a873245fc3d81b5.jpg
INFO - 2026-05-11 08:29:48 --> Session: Class initialized using 'CodeIgniter\Session\Handlers\FileHandler' driver.
ERROR - 2026-05-11 08:29:48 --> File not found: C:\xampp\htdocs\websitebinan\writable\uploads\CITYOFFICIAL\1753084869_cc840c6063e319ab309b.jpg
INFO - 2026-05-11 08:29:48 --> Session: Class initialized using 'CodeIgniter\Session\Handlers\FileHandler' driver.
ERROR - 2026-05-11 08:29:48 --> File not found: C:\xampp\htdocs\websitebinan\writable\uploads\CITYOFFICIAL\1753250487_b24d55b36693b3d8f404.jpg
INFO - 2026-05-11 08:29:49 --> Session: Class initialized using 'CodeIgniter\Session\Handlers\FileHandler' driver.
INFO - 2026-05-11 08:29:52 --> Session: Class initialized using 'CodeIgniter\Session\Handlers\FileHandler' driver.
INFO - 2026-05-11 08:29:52 --> Session: Class initialized using 'CodeIgniter\Session\Handlers\FileHandler' driver.
INFO - 2026-05-11 08:29:55 --> Session: Class initialized using 'CodeIgniter\Session\Handlers\FileHandler' driver.
INFO - 2026-05-11 08:29:55 --> Session: Class initialized using 'CodeIgniter\Session\Handlers\FileHandler' driver.
INFO - 2026-05-11 08:29:58 --> Session: Class initialized using 'CodeIgniter\Session\Handlers\FileHandler' driver.
INFO - 2026-05-11 08:29:58 --> Session: Class initialized using 'CodeIgniter\Session\Handlers\FileHandler' driver.
INFO - 2026-05-11 08:30:00 --> Session: Class initialized using 'CodeIgniter\Session\Handlers\FileHandler' driver.
INFO - 2026-05-11 08:30:00 --> Session: Class initialized using 'CodeIgniter\Session\Handlers\FileHandler' driver.
INFO - 2026-05-11 08:30:02 --> Session: Class initialized using 'CodeIgniter\Session\Handlers\FileHandler' driver.
INFO - 2026-05-11 08:30:02 --> Session: Class initialized using 'CodeIgniter\Session\Handlers\FileHandler' driver.
INFO - 2026-05-11 08:30:29 --> Session: Class initialized using 'CodeIgniter\Session\Handlers\FileHandler' driver.
INFO - 2026-05-11 08:30:29 --> Session: Class initialized using 'CodeIgniter\Session\Handlers\FileHandler' driver.
INFO - 2026-05-11 08:30:33 --> Session: Class initialized using 'CodeIgniter\Session\Handlers\FileHandler' driver.
INFO - 2026-05-11 08:30:33 --> Session: Class initialized using 'CodeIgniter\Session\Handlers\FileHandler' driver.
INFO - 2026-05-11 08:30:36 --> Session: Class initialized using 'CodeIgniter\Session\Handlers\FileHandler' driver.
INFO - 2026-05-11 08:30:37 --> Session: Class initialized using 'CodeIgniter\Session\Handlers\FileHandler' driver.
INFO - 2026-05-11 08:30:37 --> Session: Class initialized using 'CodeIgniter\Session\Handlers\FileHandler' driver.
ERROR - 2026-05-11 08:30:37 --> File not found: C:\xampp\htdocs\websitebinan\writable\uploads\POSTCONTENT\1777448876_38d74746b997d39f9516.jpg
INFO - 2026-05-11 08:30:37 --> Session: Class initialized using 'CodeIgniter\Session\Handlers\FileHandler' driver.
ERROR - 2026-05-11 08:30:37 --> File not found: C:\xampp\htdocs\websitebinan\writable\uploads\POSTCONTENT\1752491896_d4d17bc7bae7db6cdfbc.jpg
INFO - 2026-05-11 08:30:37 --> Session: Class initialized using 'CodeIgniter\Session\Handlers\FileHandler' driver.
ERROR - 2026-05-11 08:30:37 --> File not found: C:\xampp\htdocs\websitebinan\writable\uploads\POSTCONTENT\1752491363_8033f5cc6a160faa4e39.jpg
INFO - 2026-05-11 08:30:37 --> Session: Class initialized using 'CodeIgniter\Session\Handlers\FileHandler' driver.
ERROR - 2026-05-11 08:30:37 --> File not found: C:\xampp\htdocs\websitebinan\writable\uploads\POSTCONTENT\1752491708_2ee68cad8c2a4fcee755.jpg
INFO - 2026-05-11 08:30:37 --> Session: Class initialized using 'CodeIgniter\Session\Handlers\FileHandler' driver.
ERROR - 2026-05-11 08:30:37 --> File not found: C:\xampp\htdocs\websitebinan\writable\uploads\POSTCONTENT\1749458662_5e2738b875dbcdfb152a.jpg
INFO - 2026-05-11 08:30:37 --> Session: Class initialized using 'CodeIgniter\Session\Handlers\FileHandler' driver.
ERROR - 2026-05-11 08:30:37 --> File not found: C:\xampp\htdocs\websitebinan\writable\uploads\POSTCONTENT\1752491553_1116c5425920ad29a5ef.jpg
INFO - 2026-05-11 08:30:37 --> Session: Class initialized using 'CodeIgniter\Session\Handlers\FileHandler' driver.
ERROR - 2026-05-11 08:30:37 --> File not found: C:\xampp\htdocs\websitebinan\writable\uploads\POSTCONTENT\1749107636_44d9a126ab1d74a75ec5.jpg
INFO - 2026-05-11 08:30:37 --> Session: Class initialized using 'CodeIgniter\Session\Handlers\FileHandler' driver.
ERROR - 2026-05-11 08:30:37 --> File not found: C:\xampp\htdocs\websitebinan\writable\uploads\POSTCONTENT\1749103302_e4a3d36d571f864f0bbc.jpg
INFO - 2026-05-11 08:30:37 --> Session: Class initialized using 'CodeIgniter\Session\Handlers\FileHandler' driver.
ERROR - 2026-05-11 08:30:37 --> File not found: C:\xampp\htdocs\websitebinan\writable\uploads\POSTCONTENT\1749107815_451ea82bd13fd8daaaf5.jpg
INFO - 2026-05-11 08:30:37 --> Session: Class initialized using 'CodeIgniter\Session\Handlers\FileHandler' driver.
ERROR - 2026-05-11 08:30:37 --> File not found: C:\xampp\htdocs\websitebinan\writable\uploads\POSTCONTENT\1747411497_cea8a53f64afbeefcbae.jpg
INFO - 2026-05-11 08:30:37 --> Session: Class initialized using 'CodeIgniter\Session\Handlers\FileHandler' driver.
ERROR - 2026-05-11 08:30:37 --> File not found: C:\xampp\htdocs\websitebinan\writable\uploads\POSTCONTENT\1722579567_4a3e4ea0c8331bc2fdb6.png
INFO - 2026-05-11 08:30:37 --> Session: Class initialized using 'CodeIgniter\Session\Handlers\FileHandler' driver.
ERROR - 2026-05-11 08:30:37 --> File not found: C:\xampp\htdocs\websitebinan\writable\uploads\POSTCONTENT\1721955128_5d76fdbca58bff6d5dc9.png
INFO - 2026-05-11 08:30:37 --> Session: Class initialized using 'CodeIgniter\Session\Handlers\FileHandler' driver.
ERROR - 2026-05-11 08:30:37 --> File not found: C:\xampp\htdocs\websitebinan\writable\uploads\POSTCONTENT\1721913938_82175b7a5e6b73f925ed.png
INFO - 2026-05-11 08:30:37 --> Session: Class initialized using 'CodeIgniter\Session\Handlers\FileHandler' driver.
ERROR - 2026-05-11 08:30:37 --> File not found: C:\xampp\htdocs\websitebinan\writable\uploads\POSTCONTENT\1720763939_cf51e8ed5c67487d9cf0.jpg
INFO - 2026-05-11 08:30:37 --> Session: Class initialized using 'CodeIgniter\Session\Handlers\FileHandler' driver.
ERROR - 2026-05-11 08:30:37 --> File not found: C:\xampp\htdocs\websitebinan\writable\uploads\POSTCONTENT\1720161861_89876e3080f71f3530d9.jpg
INFO - 2026-05-11 08:30:37 --> Session: Class initialized using 'CodeIgniter\Session\Handlers\FileHandler' driver.
ERROR - 2026-05-11 08:30:37 --> File not found: C:\xampp\htdocs\websitebinan\writable\uploads\POSTCONTENT\1720161770_63f9a885543e83732987.jpg
INFO - 2026-05-11 08:30:37 --> Session: Class initialized using 'CodeIgniter\Session\Handlers\FileHandler' driver.
ERROR - 2026-05-11 08:30:37 --> File not found: C:\xampp\htdocs\websitebinan\writable\uploads\POSTCONTENT\1720087135_ac9f05f68ecc2ca866ac.jpeg
INFO - 2026-05-11 08:30:37 --> Session: Class initialized using 'CodeIgniter\Session\Handlers\FileHandler' driver.
ERROR - 2026-05-11 08:30:38 --> File not found: C:\xampp\htdocs\websitebinan\writable\uploads\POSTCONTENT\1720087062_efe59c8828331f22a116.jpg
INFO - 2026-05-11 08:30:38 --> Session: Class initialized using 'CodeIgniter\Session\Handlers\FileHandler' driver.
ERROR - 2026-05-11 08:30:38 --> File not found: C:\xampp\htdocs\websitebinan\writable\uploads\POSTCONTENT\1720086681_6f24b94f33ed5e27c3c4.jpg
INFO - 2026-05-11 08:30:40 --> Session: Class initialized using 'CodeIgniter\Session\Handlers\FileHandler' driver.
INFO - 2026-05-11 08:30:41 --> Session: Class initialized using 'CodeIgniter\Session\Handlers\FileHandler' driver.
INFO - 2026-05-11 08:30:41 --> Session: Class initialized using 'CodeIgniter\Session\Handlers\FileHandler' driver.
ERROR - 2026-05-11 08:30:41 --> File not found: C:\xampp\htdocs\websitebinan\writable\uploads\ABOUT\1722577197_b544c55a9dac11b5c462.png
INFO - 2026-05-11 08:30:41 --> Session: Class initialized using 'CodeIgniter\Session\Handlers\FileHandler' driver.
ERROR - 2026-05-11 08:30:41 --> File not found: C:\xampp\htdocs\websitebinan\writable\uploads\ABOUT\1722563907_d67c507b7939d4ce3efd.jpg
INFO - 2026-05-11 08:30:41 --> Session: Class initialized using 'CodeIgniter\Session\Handlers\FileHandler' driver.
ERROR - 2026-05-11 08:30:41 --> File not found: C:\xampp\htdocs\websitebinan\writable\uploads\ABOUT\1722563925_54f03ce817d85fa00ca2.jpg
INFO - 2026-05-11 08:30:41 --> Session: Class initialized using 'CodeIgniter\Session\Handlers\FileHandler' driver.
ERROR - 2026-05-11 08:30:41 --> File not found: C:\xampp\htdocs\websitebinan\writable\uploads\ABOUT\1722563887_fbd05bba358d74f19118.jpg
INFO - 2026-05-11 08:30:41 --> Session: Class initialized using 'CodeIgniter\Session\Handlers\FileHandler' driver.
ERROR - 2026-05-11 08:30:41 --> File not found: C:\xampp\htdocs\websitebinan\writable\uploads\ABOUT\1748478676_80af2d5fd9b33d3bd0dc.png
INFO - 2026-05-11 08:30:41 --> Session: Class initialized using 'CodeIgniter\Session\Handlers\FileHandler' driver.
ERROR - 2026-05-11 08:30:41 --> File not found: C:\xampp\htdocs\websitebinan\writable\uploads\ABOUT\1722563794_34aed21fdb77504e305a.png
INFO - 2026-05-11 08:30:41 --> Session: Class initialized using 'CodeIgniter\Session\Handlers\FileHandler' driver.
ERROR - 2026-05-11 08:30:41 --> File not found: C:\xampp\htdocs\websitebinan\writable\uploads\ABOUT\1722563762_58dbf047f10d1d2cfc2c.png
INFO - 2026-05-11 08:30:41 --> Session: Class initialized using 'CodeIgniter\Session\Handlers\FileHandler' driver.
ERROR - 2026-05-11 08:30:41 --> File not found: C:\xampp\htdocs\websitebinan\writable\uploads\ABOUT\1722563728_f91efddb8e7ac4545906.png
INFO - 2026-05-11 08:30:48 --> Session: Class initialized using 'CodeIgniter\Session\Handlers\FileHandler' driver.
INFO - 2026-05-11 08:30:49 --> Session: Class initialized using 'CodeIgniter\Session\Handlers\FileHandler' driver.
INFO - 2026-05-11 08:30:50 --> Session: Class initialized using 'CodeIgniter\Session\Handlers\FileHandler' driver.
INFO - 2026-05-11 08:30:50 --> Session: Class initialized using 'CodeIgniter\Session\Handlers\FileHandler' driver.
INFO - 2026-05-11 08:30:50 --> Session: Class initialized using 'CodeIgniter\Session\Handlers\FileHandler' driver.
ERROR - 2026-05-11 08:30:51 --> File not found: C:\xampp\htdocs\websitebinan\writable\uploads\ABOUT\1722577197_b544c55a9dac11b5c462.png
INFO - 2026-05-11 08:30:51 --> Session: Class initialized using 'CodeIgniter\Session\Handlers\FileHandler' driver.
ERROR - 2026-05-11 08:30:51 --> File not found: C:\xampp\htdocs\websitebinan\writable\uploads\ABOUT\1722563925_54f03ce817d85fa00ca2.jpg
INFO - 2026-05-11 08:30:51 --> Session: Class initialized using 'CodeIgniter\Session\Handlers\FileHandler' driver.
ERROR - 2026-05-11 08:30:51 --> File not found: C:\xampp\htdocs\websitebinan\writable\uploads\ABOUT\1722563887_fbd05bba358d74f19118.jpg
INFO - 2026-05-11 08:30:51 --> Session: Class initialized using 'CodeIgniter\Session\Handlers\FileHandler' driver.
ERROR - 2026-05-11 08:30:51 --> File not found: C:\xampp\htdocs\websitebinan\writable\uploads\ABOUT\1722563907_d67c507b7939d4ce3efd.jpg
INFO - 2026-05-11 08:30:51 --> Session: Class initialized using 'CodeIgniter\Session\Handlers\FileHandler' driver.
ERROR - 2026-05-11 08:30:51 --> File not found: C:\xampp\htdocs\websitebinan\writable\uploads\ABOUT\1722563794_34aed21fdb77504e305a.png
INFO - 2026-05-11 08:30:51 --> Session: Class initialized using 'CodeIgniter\Session\Handlers\FileHandler' driver.
ERROR - 2026-05-11 08:30:51 --> File not found: C:\xampp\htdocs\websitebinan\writable\uploads\ABOUT\1748478676_80af2d5fd9b33d3bd0dc.png
INFO - 2026-05-11 08:30:51 --> Session: Class initialized using 'CodeIgniter\Session\Handlers\FileHandler' driver.
ERROR - 2026-05-11 08:30:51 --> File not found: C:\xampp\htdocs\websitebinan\writable\uploads\ABOUT\1722563762_58dbf047f10d1d2cfc2c.png
INFO - 2026-05-11 08:30:51 --> Session: Class initialized using 'CodeIgniter\Session\Handlers\FileHandler' driver.
ERROR - 2026-05-11 08:30:51 --> File not found: C:\xampp\htdocs\websitebinan\writable\uploads\ABOUT\1722563728_f91efddb8e7ac4545906.png
INFO - 2026-05-11 08:31:19 --> Session: Class initialized using 'CodeIgniter\Session\Handlers\FileHandler' driver.
INFO - 2026-05-11 08:31:20 --> Session: Class initialized using 'CodeIgniter\Session\Handlers\FileHandler' driver.
INFO - 2026-05-11 08:31:20 --> Session: Class initialized using 'CodeIgniter\Session\Handlers\FileHandler' driver.
ERROR - 2026-05-11 08:31:20 --> File not found: C:\xampp\htdocs\websitebinan\writable\uploads\MAYOR\1752560720_0dff09b7b49027edfdc8.png
INFO - 2026-05-11 08:31:20 --> Session: Class initialized using 'CodeIgniter\Session\Handlers\FileHandler' driver.
ERROR - 2026-05-11 08:31:20 --> File not found: C:\xampp\htdocs\websitebinan\writable\uploads\MAYOR\1752736418_1ff67fd278268a7aaae6.png
INFO - 2026-05-11 08:31:20 --> Session: Class initialized using 'CodeIgniter\Session\Handlers\FileHandler' driver.
ERROR - 2026-05-11 08:31:20 --> File not found: C:\xampp\htdocs\websitebinan\writable\uploads\MAYOR\1752539275_cc5d2e194bb2c24a824e.jpg
INFO - 2026-05-11 08:31:20 --> Session: Class initialized using 'CodeIgniter\Session\Handlers\FileHandler' driver.
ERROR - 2026-05-11 08:31:20 --> File not found: C:\xampp\htdocs\websitebinan\writable\uploads\MAYOR\1752539275_ea1d0a840cec5bba9fd2.jpg
INFO - 2026-05-11 08:31:20 --> Session: Class initialized using 'CodeIgniter\Session\Handlers\FileHandler' driver.
ERROR - 2026-05-11 08:31:20 --> File not found: C:\xampp\htdocs\websitebinan\writable\uploads\MAYOR\1752539275_461564b96f4fa7ceb020.jpg
INFO - 2026-05-11 08:31:20 --> Session: Class initialized using 'CodeIgniter\Session\Handlers\FileHandler' driver.
ERROR - 2026-05-11 08:31:20 --> File not found: C:\xampp\htdocs\websitebinan\writable\uploads\MAYOR\1752539275_f7c514e3b71ad925591b.jpg
INFO - 2026-05-11 08:31:20 --> Session: Class initialized using 'CodeIgniter\Session\Handlers\FileHandler' driver.
INFO - 2026-05-11 08:31:20 --> Session: Class initialized using 'CodeIgniter\Session\Handlers\FileHandler' driver.
ERROR - 2026-05-11 08:31:20 --> File not found: C:\xampp\htdocs\websitebinan\writable\uploads\MAYOR\1752539275_fa6c311f39c9c860e58d.jpg
INFO - 2026-05-11 08:31:21 --> Session: Class initialized using 'CodeIgniter\Session\Handlers\FileHandler' driver.
INFO - 2026-05-11 08:31:21 --> Session: Class initialized using 'CodeIgniter\Session\Handlers\FileHandler' driver.
ERROR - 2026-05-11 08:31:21 --> File not found: C:\xampp\htdocs\websitebinan\writable\uploads\POSTCONTENT\1777448876_38d74746b997d39f9516.jpg
INFO - 2026-05-11 08:31:21 --> Session: Class initialized using 'CodeIgniter\Session\Handlers\FileHandler' driver.
ERROR - 2026-05-11 08:31:21 --> File not found: C:\xampp\htdocs\websitebinan\writable\uploads\POSTCONTENT\1752491896_d4d17bc7bae7db6cdfbc.jpg
INFO - 2026-05-11 08:31:21 --> Session: Class initialized using 'CodeIgniter\Session\Handlers\FileHandler' driver.
ERROR - 2026-05-11 08:31:21 --> File not found: C:\xampp\htdocs\websitebinan\writable\uploads\POSTCONTENT\1752491553_1116c5425920ad29a5ef.jpg
INFO - 2026-05-11 08:31:21 --> Session: Class initialized using 'CodeIgniter\Session\Handlers\FileHandler' driver.
ERROR - 2026-05-11 08:31:21 --> File not found: C:\xampp\htdocs\websitebinan\writable\uploads\POSTCONTENT\1752491363_8033f5cc6a160faa4e39.jpg
INFO - 2026-05-11 08:31:21 --> Session: Class initialized using 'CodeIgniter\Session\Handlers\FileHandler' driver.
ERROR - 2026-05-11 08:31:21 --> File not found: C:\xampp\htdocs\websitebinan\writable\uploads\POSTCONTENT\1749458662_5e2738b875dbcdfb152a.jpg
INFO - 2026-05-11 08:31:21 --> Session: Class initialized using 'CodeIgniter\Session\Handlers\FileHandler' driver.
ERROR - 2026-05-11 08:31:21 --> File not found: C:\xampp\htdocs\websitebinan\writable\uploads\POSTCONTENT\1752491708_2ee68cad8c2a4fcee755.jpg
INFO - 2026-05-11 08:31:21 --> Session: Class initialized using 'CodeIgniter\Session\Handlers\FileHandler' driver.
ERROR - 2026-05-11 08:31:21 --> File not found: C:\xampp\htdocs\websitebinan\writable\uploads\POSTCONTENT\1749107815_451ea82bd13fd8daaaf5.jpg
INFO - 2026-05-11 08:31:21 --> Session: Class initialized using 'CodeIgniter\Session\Handlers\FileHandler' driver.
ERROR - 2026-05-11 08:31:21 --> File not found: C:\xampp\htdocs\websitebinan\writable\uploads\POSTCONTENT\1749103302_e4a3d36d571f864f0bbc.jpg
INFO - 2026-05-11 08:31:21 --> Session: Class initialized using 'CodeIgniter\Session\Handlers\FileHandler' driver.
ERROR - 2026-05-11 08:31:21 --> File not found: C:\xampp\htdocs\websitebinan\writable\uploads\POSTCONTENT\1749107636_44d9a126ab1d74a75ec5.jpg
INFO - 2026-05-11 08:31:21 --> Session: Class initialized using 'CodeIgniter\Session\Handlers\FileHandler' driver.
ERROR - 2026-05-11 08:31:21 --> File not found: C:\xampp\htdocs\websitebinan\writable\uploads\POSTCONTENT\1747411497_cea8a53f64afbeefcbae.jpg
INFO - 2026-05-11 08:31:21 --> Session: Class initialized using 'CodeIgniter\Session\Handlers\FileHandler' driver.
ERROR - 2026-05-11 08:31:21 --> File not found: C:\xampp\htdocs\websitebinan\writable\uploads\POSTCONTENT\1722579567_4a3e4ea0c8331bc2fdb6.png
INFO - 2026-05-11 08:31:21 --> Session: Class initialized using 'CodeIgniter\Session\Handlers\FileHandler' driver.
ERROR - 2026-05-11 08:31:21 --> File not found: C:\xampp\htdocs\websitebinan\writable\uploads\POSTCONTENT\1721955128_5d76fdbca58bff6d5dc9.png
INFO - 2026-05-11 08:31:21 --> Session: Class initialized using 'CodeIgniter\Session\Handlers\FileHandler' driver.
ERROR - 2026-05-11 08:31:21 --> File not found: C:\xampp\htdocs\websitebinan\writable\uploads\POSTCONTENT\1721913938_82175b7a5e6b73f925ed.png
INFO - 2026-05-11 08:31:22 --> Session: Class initialized using 'CodeIgniter\Session\Handlers\FileHandler' driver.
ERROR - 2026-05-11 08:31:22 --> File not found: C:\xampp\htdocs\websitebinan\writable\uploads\POSTCONTENT\1720763939_cf51e8ed5c67487d9cf0.jpg
INFO - 2026-05-11 08:31:22 --> Session: Class initialized using 'CodeIgniter\Session\Handlers\FileHandler' driver.
ERROR - 2026-05-11 08:31:22 --> File not found: C:\xampp\htdocs\websitebinan\writable\uploads\POSTCONTENT\1720161861_89876e3080f71f3530d9.jpg
INFO - 2026-05-11 08:31:22 --> Session: Class initialized using 'CodeIgniter\Session\Handlers\FileHandler' driver.
ERROR - 2026-05-11 08:31:22 --> File not found: C:\xampp\htdocs\websitebinan\writable\uploads\POSTCONTENT\1720161770_63f9a885543e83732987.jpg
INFO - 2026-05-11 08:31:22 --> Session: Class initialized using 'CodeIgniter\Session\Handlers\FileHandler' driver.
ERROR - 2026-05-11 08:31:22 --> File not found: C:\xampp\htdocs\websitebinan\writable\uploads\POSTCONTENT\1720087135_ac9f05f68ecc2ca866ac.jpeg
INFO - 2026-05-11 08:31:22 --> Session: Class initialized using 'CodeIgniter\Session\Handlers\FileHandler' driver.
ERROR - 2026-05-11 08:31:22 --> File not found: C:\xampp\htdocs\websitebinan\writable\uploads\POSTCONTENT\1720087062_efe59c8828331f22a116.jpg
INFO - 2026-05-11 08:31:22 --> Session: Class initialized using 'CodeIgniter\Session\Handlers\FileHandler' driver.
ERROR - 2026-05-11 08:31:22 --> File not found: C:\xampp\htdocs\websitebinan\writable\uploads\POSTCONTENT\1720086681_6f24b94f33ed5e27c3c4.jpg
INFO - 2026-05-11 08:31:22 --> Session: Class initialized using 'CodeIgniter\Session\Handlers\FileHandler' driver.
INFO - 2026-05-11 08:31:23 --> Session: Class initialized using 'CodeIgniter\Session\Handlers\FileHandler' driver.
INFO - 2026-05-11 08:31:23 --> Session: Class initialized using 'CodeIgniter\Session\Handlers\FileHandler' driver.
ERROR - 2026-05-11 08:31:23 --> File not found: C:\xampp\htdocs\websitebinan\writable\uploads\MAYOR\1752560720_0dff09b7b49027edfdc8.png
INFO - 2026-05-11 08:31:23 --> Session: Class initialized using 'CodeIgniter\Session\Handlers\FileHandler' driver.
ERROR - 2026-05-11 08:31:23 --> File not found: C:\xampp\htdocs\websitebinan\writable\uploads\MAYOR\1752539275_cc5d2e194bb2c24a824e.jpg
INFO - 2026-05-11 08:31:23 --> Session: Class initialized using 'CodeIgniter\Session\Handlers\FileHandler' driver.
ERROR - 2026-05-11 08:31:23 --> File not found: C:\xampp\htdocs\websitebinan\writable\uploads\MAYOR\1752736418_1ff67fd278268a7aaae6.png
INFO - 2026-05-11 08:31:23 --> Session: Class initialized using 'CodeIgniter\Session\Handlers\FileHandler' driver.
ERROR - 2026-05-11 08:31:23 --> File not found: C:\xampp\htdocs\websitebinan\writable\uploads\MAYOR\1752539275_461564b96f4fa7ceb020.jpg
INFO - 2026-05-11 08:31:23 --> Session: Class initialized using 'CodeIgniter\Session\Handlers\FileHandler' driver.
ERROR - 2026-05-11 08:31:23 --> File not found: C:\xampp\htdocs\websitebinan\writable\uploads\MAYOR\1752539275_ea1d0a840cec5bba9fd2.jpg
INFO - 2026-05-11 08:31:23 --> Session: Class initialized using 'CodeIgniter\Session\Handlers\FileHandler' driver.
ERROR - 2026-05-11 08:31:23 --> File not found: C:\xampp\htdocs\websitebinan\writable\uploads\MAYOR\1752539275_f7c514e3b71ad925591b.jpg
INFO - 2026-05-11 08:31:23 --> Session: Class initialized using 'CodeIgniter\Session\Handlers\FileHandler' driver.
ERROR - 2026-05-11 08:31:23 --> File not found: C:\xampp\htdocs\websitebinan\writable\uploads\MAYOR\1752539275_fa6c311f39c9c860e58d.jpg
INFO - 2026-05-11 08:32:48 --> Session: Class initialized using 'CodeIgniter\Session\Handlers\FileHandler' driver.
INFO - 2026-05-11 08:32:48 --> Session: Class initialized using 'CodeIgniter\Session\Handlers\FileHandler' driver.
INFO - 2026-05-11 08:32:49 --> Session: Class initialized using 'CodeIgniter\Session\Handlers\FileHandler' driver.
ERROR - 2026-05-11 08:32:49 --> File not found: C:\xampp\htdocs\websitebinan\writable\uploads\POSTCONTENT\1777448876_38d74746b997d39f9516.jpg
INFO - 2026-05-11 08:32:49 --> Session: Class initialized using 'CodeIgniter\Session\Handlers\FileHandler' driver.
ERROR - 2026-05-11 08:32:49 --> File not found: C:\xampp\htdocs\websitebinan\writable\uploads\POSTCONTENT\1752491708_2ee68cad8c2a4fcee755.jpg
INFO - 2026-05-11 08:32:49 --> Session: Class initialized using 'CodeIgniter\Session\Handlers\FileHandler' driver.
ERROR - 2026-05-11 08:32:49 --> File not found: C:\xampp\htdocs\websitebinan\writable\uploads\POSTCONTENT\1752491363_8033f5cc6a160faa4e39.jpg
INFO - 2026-05-11 08:32:49 --> Session: Class initialized using 'CodeIgniter\Session\Handlers\FileHandler' driver.
ERROR - 2026-05-11 08:32:49 --> File not found: C:\xampp\htdocs\websitebinan\writable\uploads\POSTCONTENT\1749458662_5e2738b875dbcdfb152a.jpg
INFO - 2026-05-11 08:32:49 --> Session: Class initialized using 'CodeIgniter\Session\Handlers\FileHandler' driver.
ERROR - 2026-05-11 08:32:49 --> File not found: C:\xampp\htdocs\websitebinan\writable\uploads\POSTCONTENT\1752491896_d4d17bc7bae7db6cdfbc.jpg
INFO - 2026-05-11 08:32:49 --> Session: Class initialized using 'CodeIgniter\Session\Handlers\FileHandler' driver.
ERROR - 2026-05-11 08:32:49 --> File not found: C:\xampp\htdocs\websitebinan\writable\uploads\POSTCONTENT\1752491553_1116c5425920ad29a5ef.jpg
INFO - 2026-05-11 08:32:49 --> Session: Class initialized using 'CodeIgniter\Session\Handlers\FileHandler' driver.
ERROR - 2026-05-11 08:32:49 --> File not found: C:\xampp\htdocs\websitebinan\writable\uploads\POSTCONTENT\1749107815_451ea82bd13fd8daaaf5.jpg
INFO - 2026-05-11 08:32:49 --> Session: Class initialized using 'CodeIgniter\Session\Handlers\FileHandler' driver.
ERROR - 2026-05-11 08:32:49 --> File not found: C:\xampp\htdocs\websitebinan\writable\uploads\POSTCONTENT\1749103302_e4a3d36d571f864f0bbc.jpg
INFO - 2026-05-11 08:32:49 --> Session: Class initialized using 'CodeIgniter\Session\Handlers\FileHandler' driver.
ERROR - 2026-05-11 08:32:49 --> File not found: C:\xampp\htdocs\websitebinan\writable\uploads\POSTCONTENT\1749107636_44d9a126ab1d74a75ec5.jpg
INFO - 2026-05-11 08:32:49 --> Session: Class initialized using 'CodeIgniter\Session\Handlers\FileHandler' driver.
ERROR - 2026-05-11 08:32:49 --> File not found: C:\xampp\htdocs\websitebinan\writable\uploads\POSTCONTENT\1747411497_cea8a53f64afbeefcbae.jpg
INFO - 2026-05-11 08:32:49 --> Session: Class initialized using 'CodeIgniter\Session\Handlers\FileHandler' driver.
ERROR - 2026-05-11 08:32:49 --> File not found: C:\xampp\htdocs\websitebinan\writable\uploads\POSTCONTENT\1722579567_4a3e4ea0c8331bc2fdb6.png
INFO - 2026-05-11 08:32:49 --> Session: Class initialized using 'CodeIgniter\Session\Handlers\FileHandler' driver.
ERROR - 2026-05-11 08:32:49 --> File not found: C:\xampp\htdocs\websitebinan\writable\uploads\POSTCONTENT\1721955128_5d76fdbca58bff6d5dc9.png
INFO - 2026-05-11 08:32:49 --> Session: Class initialized using 'CodeIgniter\Session\Handlers\FileHandler' driver.
ERROR - 2026-05-11 08:32:49 --> File not found: C:\xampp\htdocs\websitebinan\writable\uploads\POSTCONTENT\1721913938_82175b7a5e6b73f925ed.png
INFO - 2026-05-11 08:32:49 --> Session: Class initialized using 'CodeIgniter\Session\Handlers\FileHandler' driver.
ERROR - 2026-05-11 08:32:49 --> File not found: C:\xampp\htdocs\websitebinan\writable\uploads\POSTCONTENT\1720763939_cf51e8ed5c67487d9cf0.jpg
INFO - 2026-05-11 08:32:49 --> Session: Class initialized using 'CodeIgniter\Session\Handlers\FileHandler' driver.
ERROR - 2026-05-11 08:32:49 --> File not found: C:\xampp\htdocs\websitebinan\writable\uploads\POSTCONTENT\1720161861_89876e3080f71f3530d9.jpg
INFO - 2026-05-11 08:32:49 --> Session: Class initialized using 'CodeIgniter\Session\Handlers\FileHandler' driver.
ERROR - 2026-05-11 08:32:49 --> File not found: C:\xampp\htdocs\websitebinan\writable\uploads\POSTCONTENT\1720161770_63f9a885543e83732987.jpg
INFO - 2026-05-11 08:32:49 --> Session: Class initialized using 'CodeIgniter\Session\Handlers\FileHandler' driver.
ERROR - 2026-05-11 08:32:49 --> File not found: C:\xampp\htdocs\websitebinan\writable\uploads\POSTCONTENT\1720087135_ac9f05f68ecc2ca866ac.jpeg
INFO - 2026-05-11 08:32:49 --> Session: Class initialized using 'CodeIgniter\Session\Handlers\FileHandler' driver.
ERROR - 2026-05-11 08:32:49 --> File not found: C:\xampp\htdocs\websitebinan\writable\uploads\POSTCONTENT\1720087062_efe59c8828331f22a116.jpg
INFO - 2026-05-11 08:32:49 --> Session: Class initialized using 'CodeIgniter\Session\Handlers\FileHandler' driver.
ERROR - 2026-05-11 08:32:49 --> File not found: C:\xampp\htdocs\websitebinan\writable\uploads\POSTCONTENT\1720086681_6f24b94f33ed5e27c3c4.jpg
INFO - 2026-05-11 08:32:50 --> Session: Class initialized using 'CodeIgniter\Session\Handlers\FileHandler' driver.
INFO - 2026-05-11 08:32:51 --> Session: Class initialized using 'CodeIgniter\Session\Handlers\FileHandler' driver.
INFO - 2026-05-11 08:32:51 --> Session: Class initialized using 'CodeIgniter\Session\Handlers\FileHandler' driver.
ERROR - 2026-05-11 08:32:51 --> File not found: C:\xampp\htdocs\websitebinan\writable\uploads\ABOUT\1722577197_b544c55a9dac11b5c462.png
INFO - 2026-05-11 08:32:51 --> Session: Class initialized using 'CodeIgniter\Session\Handlers\FileHandler' driver.
ERROR - 2026-05-11 08:32:51 --> File not found: C:\xampp\htdocs\websitebinan\writable\uploads\ABOUT\1722563887_fbd05bba358d74f19118.jpg
INFO - 2026-05-11 08:32:51 --> Session: Class initialized using 'CodeIgniter\Session\Handlers\FileHandler' driver.
ERROR - 2026-05-11 08:32:51 --> File not found: C:\xampp\htdocs\websitebinan\writable\uploads\ABOUT\1748478676_80af2d5fd9b33d3bd0dc.png
INFO - 2026-05-11 08:32:51 --> Session: Class initialized using 'CodeIgniter\Session\Handlers\FileHandler' driver.
ERROR - 2026-05-11 08:32:51 --> File not found: C:\xampp\htdocs\websitebinan\writable\uploads\ABOUT\1722563925_54f03ce817d85fa00ca2.jpg
INFO - 2026-05-11 08:32:51 --> Session: Class initialized using 'CodeIgniter\Session\Handlers\FileHandler' driver.
ERROR - 2026-05-11 08:32:51 --> File not found: C:\xampp\htdocs\websitebinan\writable\uploads\ABOUT\1722563907_d67c507b7939d4ce3efd.jpg
INFO - 2026-05-11 08:32:51 --> Session: Class initialized using 'CodeIgniter\Session\Handlers\FileHandler' driver.
ERROR - 2026-05-11 08:32:51 --> File not found: C:\xampp\htdocs\websitebinan\writable\uploads\ABOUT\1722563794_34aed21fdb77504e305a.png
INFO - 2026-05-11 08:32:51 --> Session: Class initialized using 'CodeIgniter\Session\Handlers\FileHandler' driver.
ERROR - 2026-05-11 08:32:51 --> File not found: C:\xampp\htdocs\websitebinan\writable\uploads\ABOUT\1722563762_58dbf047f10d1d2cfc2c.png
INFO - 2026-05-11 08:32:51 --> Session: Class initialized using 'CodeIgniter\Session\Handlers\FileHandler' driver.
ERROR - 2026-05-11 08:32:51 --> File not found: C:\xampp\htdocs\websitebinan\writable\uploads\ABOUT\1722563728_f91efddb8e7ac4545906.png
INFO - 2026-05-11 08:32:52 --> Session: Class initialized using 'CodeIgniter\Session\Handlers\FileHandler' driver.
INFO - 2026-05-11 08:32:52 --> Session: Class initialized using 'CodeIgniter\Session\Handlers\FileHandler' driver.
INFO - 2026-05-11 08:32:55 --> Session: Class initialized using 'CodeIgniter\Session\Handlers\FileHandler' driver.
INFO - 2026-05-11 08:32:56 --> Session: Class initialized using 'CodeIgniter\Session\Handlers\FileHandler' driver.
INFO - 2026-05-11 08:32:56 --> Session: Class initialized using 'CodeIgniter\Session\Handlers\FileHandler' driver.
ERROR - 2026-05-11 08:32:56 --> File not found: C:\xampp\htdocs\websitebinan\writable\uploads\BARANGAY\1752715158_d3acbc5c0caa1c3a086a.jpeg
INFO - 2026-05-11 08:32:56 --> Session: Class initialized using 'CodeIgniter\Session\Handlers\FileHandler' driver.
ERROR - 2026-05-11 08:32:56 --> File not found: C:\xampp\htdocs\websitebinan\writable\uploads\BARANGAY\1752223103_1e89ee650498b71e9ee9.jpeg
INFO - 2026-05-11 08:32:56 --> Session: Class initialized using 'CodeIgniter\Session\Handlers\FileHandler' driver.
ERROR - 2026-05-11 08:32:56 --> File not found: C:\xampp\htdocs\websitebinan\writable\uploads\BARANGAY\1752223064_78c0473132345bddc0a1.jpg
INFO - 2026-05-11 08:32:56 --> Session: Class initialized using 'CodeIgniter\Session\Handlers\FileHandler' driver.
ERROR - 2026-05-11 08:32:56 --> File not found: C:\xampp\htdocs\websitebinan\writable\uploads\BARANGAY\1752223126_16cfb9ea9b9c181f6195.jpg
INFO - 2026-05-11 08:32:56 --> Session: Class initialized using 'CodeIgniter\Session\Handlers\FileHandler' driver.
ERROR - 2026-05-11 08:32:56 --> File not found: C:\xampp\htdocs\websitebinan\writable\uploads\BARANGAY\1752223145_3397df7b7e61205e16c5.jpg
INFO - 2026-05-11 08:32:56 --> Session: Class initialized using 'CodeIgniter\Session\Handlers\FileHandler' driver.
ERROR - 2026-05-11 08:32:56 --> File not found: C:\xampp\htdocs\websitebinan\writable\uploads\BARANGAY\1752223046_38b0b88fae1de4d15b99.jpg
INFO - 2026-05-11 08:32:56 --> Session: Class initialized using 'CodeIgniter\Session\Handlers\FileHandler' driver.
ERROR - 2026-05-11 08:32:56 --> File not found: C:\xampp\htdocs\websitebinan\writable\uploads\BARANGAY\1752223017_2a2ebd0ac84a0cbfa880.png
INFO - 2026-05-11 08:32:56 --> Session: Class initialized using 'CodeIgniter\Session\Handlers\FileHandler' driver.
ERROR - 2026-05-11 08:32:56 --> File not found: C:\xampp\htdocs\websitebinan\writable\uploads\BARANGAY\1752222830_39ee9f67f7cee022c4e2.jpeg
INFO - 2026-05-11 08:32:56 --> Session: Class initialized using 'CodeIgniter\Session\Handlers\FileHandler' driver.
ERROR - 2026-05-11 08:32:56 --> File not found: C:\xampp\htdocs\websitebinan\writable\uploads\BARANGAY\1752222889_4d2eb9569886b386328e.jpeg
INFO - 2026-05-11 08:32:56 --> Session: Class initialized using 'CodeIgniter\Session\Handlers\FileHandler' driver.
ERROR - 2026-05-11 08:32:56 --> File not found: C:\xampp\htdocs\websitebinan\writable\uploads\BARANGAY\1752222805_37f27b6aa7ddce3854d5.jpeg
INFO - 2026-05-11 08:32:56 --> Session: Class initialized using 'CodeIgniter\Session\Handlers\FileHandler' driver.
ERROR - 2026-05-11 08:32:56 --> File not found: C:\xampp\htdocs\websitebinan\writable\uploads\BARANGAY\1752222785_dbfc4ddc47d31175d1be.jpeg
INFO - 2026-05-11 08:32:56 --> Session: Class initialized using 'CodeIgniter\Session\Handlers\FileHandler' driver.
ERROR - 2026-05-11 08:32:56 --> File not found: C:\xampp\htdocs\websitebinan\writable\uploads\BARANGAY\1752222763_ec27317e84727ca1817a.jpg
INFO - 2026-05-11 08:32:56 --> Session: Class initialized using 'CodeIgniter\Session\Handlers\FileHandler' driver.
ERROR - 2026-05-11 08:32:56 --> File not found: C:\xampp\htdocs\websitebinan\writable\uploads\BARANGAY\1752222741_949dbaeb7e01bde0c876.jpg
INFO - 2026-05-11 08:32:56 --> Session: Class initialized using 'CodeIgniter\Session\Handlers\FileHandler' driver.
ERROR - 2026-05-11 08:32:56 --> File not found: C:\xampp\htdocs\websitebinan\writable\uploads\BARANGAY\1752222724_1de09bf0b16394779b40.jpg
INFO - 2026-05-11 08:32:56 --> Session: Class initialized using 'CodeIgniter\Session\Handlers\FileHandler' driver.
ERROR - 2026-05-11 08:32:56 --> File not found: C:\xampp\htdocs\websitebinan\writable\uploads\BARANGAY\1752222707_0ba2dd7952c15f68a186.jpeg
INFO - 2026-05-11 08:32:56 --> Session: Class initialized using 'CodeIgniter\Session\Handlers\FileHandler' driver.
ERROR - 2026-05-11 08:32:56 --> File not found: C:\xampp\htdocs\websitebinan\writable\uploads\BARANGAY\1752222572_6b2fb2c1854403bc8511.jpg
INFO - 2026-05-11 08:32:56 --> Session: Class initialized using 'CodeIgniter\Session\Handlers\FileHandler' driver.
ERROR - 2026-05-11 08:32:56 --> File not found: C:\xampp\htdocs\websitebinan\writable\uploads\BARANGAY\1752222550_5bbc0c4fb3e3c86205ea.png
INFO - 2026-05-11 08:32:56 --> Session: Class initialized using 'CodeIgniter\Session\Handlers\FileHandler' driver.
ERROR - 2026-05-11 08:32:57 --> File not found: C:\xampp\htdocs\websitebinan\writable\uploads\BARANGAY\1752222533_05e23132359013c80a38.jpg
INFO - 2026-05-11 08:32:57 --> Session: Class initialized using 'CodeIgniter\Session\Handlers\FileHandler' driver.
ERROR - 2026-05-11 08:32:57 --> File not found: C:\xampp\htdocs\websitebinan\writable\uploads\BARANGAY\1752222512_75c6eaff053bd3cb859c.jpg
INFO - 2026-05-11 08:32:57 --> Session: Class initialized using 'CodeIgniter\Session\Handlers\FileHandler' driver.
ERROR - 2026-05-11 08:32:57 --> File not found: C:\xampp\htdocs\websitebinan\writable\uploads\BARANGAY\1752567430_49fa22e46ef0c6e2cb58.jpg
INFO - 2026-05-11 08:32:57 --> Session: Class initialized using 'CodeIgniter\Session\Handlers\FileHandler' driver.
ERROR - 2026-05-11 08:32:57 --> File not found: C:\xampp\htdocs\websitebinan\writable\uploads\BARANGAY\1752222417_0ca49565ccf27d5e3e81.jpg
INFO - 2026-05-11 08:32:57 --> Session: Class initialized using 'CodeIgniter\Session\Handlers\FileHandler' driver.
ERROR - 2026-05-11 08:32:57 --> File not found: C:\xampp\htdocs\websitebinan\writable\uploads\BARANGAY\1752222397_f551624cadfcf3db9549.jpeg
INFO - 2026-05-11 08:32:57 --> Session: Class initialized using 'CodeIgniter\Session\Handlers\FileHandler' driver.
ERROR - 2026-05-11 08:32:57 --> File not found: C:\xampp\htdocs\websitebinan\writable\uploads\BARANGAY\1752222373_b93b1511959937b56fb2.jpg
INFO - 2026-05-11 08:32:57 --> Session: Class initialized using 'CodeIgniter\Session\Handlers\FileHandler' driver.
ERROR - 2026-05-11 08:32:57 --> File not found: C:\xampp\htdocs\websitebinan\writable\uploads\BARANGAY\1753930518_891b3cb1e88fd902c6be.png
INFO - 2026-05-11 08:32:59 --> Session: Class initialized using 'CodeIgniter\Session\Handlers\FileHandler' driver.
INFO - 2026-05-11 08:32:59 --> Session: Class initialized using 'CodeIgniter\Session\Handlers\FileHandler' driver.
INFO - 2026-05-11 08:32:59 --> Session: Class initialized using 'CodeIgniter\Session\Handlers\FileHandler' driver.
INFO - 2026-05-11 08:32:59 --> Session: Class initialized using 'CodeIgniter\Session\Handlers\FileHandler' driver.
ERROR - 2026-05-11 08:32:59 --> File not found: C:\xampp\htdocs\websitebinan\writable\uploads\ABOUT\1722577197_b544c55a9dac11b5c462.png
INFO - 2026-05-11 08:32:59 --> Session: Class initialized using 'CodeIgniter\Session\Handlers\FileHandler' driver.
ERROR - 2026-05-11 08:32:59 --> File not found: C:\xampp\htdocs\websitebinan\writable\uploads\ABOUT\1748478676_80af2d5fd9b33d3bd0dc.png
INFO - 2026-05-11 08:32:59 --> Session: Class initialized using 'CodeIgniter\Session\Handlers\FileHandler' driver.
ERROR - 2026-05-11 08:33:00 --> File not found: C:\xampp\htdocs\websitebinan\writable\uploads\ABOUT\1722563907_d67c507b7939d4ce3efd.jpg
INFO - 2026-05-11 08:33:00 --> Session: Class initialized using 'CodeIgniter\Session\Handlers\FileHandler' driver.
ERROR - 2026-05-11 08:33:00 --> File not found: C:\xampp\htdocs\websitebinan\writable\uploads\ABOUT\1722563887_fbd05bba358d74f19118.jpg
INFO - 2026-05-11 08:33:00 --> Session: Class initialized using 'CodeIgniter\Session\Handlers\FileHandler' driver.
ERROR - 2026-05-11 08:33:00 --> File not found: C:\xampp\htdocs\websitebinan\writable\uploads\ABOUT\1722563925_54f03ce817d85fa00ca2.jpg
INFO - 2026-05-11 08:33:00 --> Session: Class initialized using 'CodeIgniter\Session\Handlers\FileHandler' driver.
ERROR - 2026-05-11 08:33:00 --> File not found: C:\xampp\htdocs\websitebinan\writable\uploads\ABOUT\1722563794_34aed21fdb77504e305a.png
INFO - 2026-05-11 08:33:00 --> Session: Class initialized using 'CodeIgniter\Session\Handlers\FileHandler' driver.
INFO - 2026-05-11 08:33:00 --> Session: Class initialized using 'CodeIgniter\Session\Handlers\FileHandler' driver.
ERROR - 2026-05-11 08:33:00 --> File not found: C:\xampp\htdocs\websitebinan\writable\uploads\MAYOR\1752560720_0dff09b7b49027edfdc8.png
INFO - 2026-05-11 08:33:00 --> Session: Class initialized using 'CodeIgniter\Session\Handlers\FileHandler' driver.
ERROR - 2026-05-11 08:33:00 --> File not found: C:\xampp\htdocs\websitebinan\writable\uploads\MAYOR\1752736418_1ff67fd278268a7aaae6.png
INFO - 2026-05-11 08:33:00 --> Session: Class initialized using 'CodeIgniter\Session\Handlers\FileHandler' driver.
ERROR - 2026-05-11 08:33:00 --> File not found: C:\xampp\htdocs\websitebinan\writable\uploads\MAYOR\1752539275_ea1d0a840cec5bba9fd2.jpg
INFO - 2026-05-11 08:33:00 --> Session: Class initialized using 'CodeIgniter\Session\Handlers\FileHandler' driver.
ERROR - 2026-05-11 08:33:00 --> File not found: C:\xampp\htdocs\websitebinan\writable\uploads\MAYOR\1752539275_cc5d2e194bb2c24a824e.jpg
INFO - 2026-05-11 08:33:00 --> Session: Class initialized using 'CodeIgniter\Session\Handlers\FileHandler' driver.
ERROR - 2026-05-11 08:33:00 --> File not found: C:\xampp\htdocs\websitebinan\writable\uploads\MAYOR\1752539275_461564b96f4fa7ceb020.jpg
INFO - 2026-05-11 08:33:00 --> Session: Class initialized using 'CodeIgniter\Session\Handlers\FileHandler' driver.
ERROR - 2026-05-11 08:33:00 --> File not found: C:\xampp\htdocs\websitebinan\writable\uploads\MAYOR\1752539275_f7c514e3b71ad925591b.jpg
INFO - 2026-05-11 08:33:00 --> Session: Class initialized using 'CodeIgniter\Session\Handlers\FileHandler' driver.
ERROR - 2026-05-11 08:33:00 --> File not found: C:\xampp\htdocs\websitebinan\writable\uploads\MAYOR\1752539275_fa6c311f39c9c860e58d.jpg
INFO - 2026-05-11 08:34:53 --> Session: Class initialized using 'CodeIgniter\Session\Handlers\FileHandler' driver.
INFO - 2026-05-11 08:34:54 --> Session: Class initialized using 'CodeIgniter\Session\Handlers\FileHandler' driver.
INFO - 2026-05-11 08:34:56 --> Session: Class initialized using 'CodeIgniter\Session\Handlers\FileHandler' driver.
INFO - 2026-05-11 08:34:57 --> Session: Class initialized using 'CodeIgniter\Session\Handlers\FileHandler' driver.
INFO - 2026-05-11 08:34:57 --> Session: Class initialized using 'CodeIgniter\Session\Handlers\FileHandler' driver.
ERROR - 2026-05-11 08:34:57 --> File not found: C:\xampp\htdocs\websitebinan\writable\uploads\POSTCONTENT\1777448876_38d74746b997d39f9516.jpg
INFO - 2026-05-11 08:34:57 --> Session: Class initialized using 'CodeIgniter\Session\Handlers\FileHandler' driver.
ERROR - 2026-05-11 08:34:57 --> File not found: C:\xampp\htdocs\websitebinan\writable\uploads\POSTCONTENT\1752491896_d4d17bc7bae7db6cdfbc.jpg
INFO - 2026-05-11 08:34:57 --> Session: Class initialized using 'CodeIgniter\Session\Handlers\FileHandler' driver.
ERROR - 2026-05-11 08:34:57 --> File not found: C:\xampp\htdocs\websitebinan\writable\uploads\POSTCONTENT\1752491708_2ee68cad8c2a4fcee755.jpg
INFO - 2026-05-11 08:34:57 --> Session: Class initialized using 'CodeIgniter\Session\Handlers\FileHandler' driver.
ERROR - 2026-05-11 08:34:57 --> File not found: C:\xampp\htdocs\websitebinan\writable\uploads\POSTCONTENT\1752491363_8033f5cc6a160faa4e39.jpg
INFO - 2026-05-11 08:34:57 --> Session: Class initialized using 'CodeIgniter\Session\Handlers\FileHandler' driver.
ERROR - 2026-05-11 08:34:57 --> File not found: C:\xampp\htdocs\websitebinan\writable\uploads\POSTCONTENT\1752491553_1116c5425920ad29a5ef.jpg
INFO - 2026-05-11 08:34:57 --> Session: Class initialized using 'CodeIgniter\Session\Handlers\FileHandler' driver.
ERROR - 2026-05-11 08:34:57 --> File not found: C:\xampp\htdocs\websitebinan\writable\uploads\POSTCONTENT\1749458662_5e2738b875dbcdfb152a.jpg
INFO - 2026-05-11 08:34:57 --> Session: Class initialized using 'CodeIgniter\Session\Handlers\FileHandler' driver.
ERROR - 2026-05-11 08:34:57 --> File not found: C:\xampp\htdocs\websitebinan\writable\uploads\POSTCONTENT\1749107815_451ea82bd13fd8daaaf5.jpg
INFO - 2026-05-11 08:34:57 --> Session: Class initialized using 'CodeIgniter\Session\Handlers\FileHandler' driver.
ERROR - 2026-05-11 08:34:57 --> File not found: C:\xampp\htdocs\websitebinan\writable\uploads\POSTCONTENT\1749107636_44d9a126ab1d74a75ec5.jpg
INFO - 2026-05-11 08:34:57 --> Session: Class initialized using 'CodeIgniter\Session\Handlers\FileHandler' driver.
ERROR - 2026-05-11 08:34:57 --> File not found: C:\xampp\htdocs\websitebinan\writable\uploads\POSTCONTENT\1749103302_e4a3d36d571f864f0bbc.jpg
INFO - 2026-05-11 08:34:57 --> Session: Class initialized using 'CodeIgniter\Session\Handlers\FileHandler' driver.
ERROR - 2026-05-11 08:34:57 --> File not found: C:\xampp\htdocs\websitebinan\writable\uploads\POSTCONTENT\1747411497_cea8a53f64afbeefcbae.jpg
INFO - 2026-05-11 08:34:57 --> Session: Class initialized using 'CodeIgniter\Session\Handlers\FileHandler' driver.
ERROR - 2026-05-11 08:34:57 --> File not found: C:\xampp\htdocs\websitebinan\writable\uploads\POSTCONTENT\1722579567_4a3e4ea0c8331bc2fdb6.png
INFO - 2026-05-11 08:34:57 --> Session: Class initialized using 'CodeIgniter\Session\Handlers\FileHandler' driver.
ERROR - 2026-05-11 08:34:57 --> File not found: C:\xampp\htdocs\websitebinan\writable\uploads\POSTCONTENT\1721955128_5d76fdbca58bff6d5dc9.png
INFO - 2026-05-11 08:34:57 --> Session: Class initialized using 'CodeIgniter\Session\Handlers\FileHandler' driver.
ERROR - 2026-05-11 08:34:57 --> File not found: C:\xampp\htdocs\websitebinan\writable\uploads\POSTCONTENT\1721913938_82175b7a5e6b73f925ed.png
INFO - 2026-05-11 08:34:57 --> Session: Class initialized using 'CodeIgniter\Session\Handlers\FileHandler' driver.
ERROR - 2026-05-11 08:34:57 --> File not found: C:\xampp\htdocs\websitebinan\writable\uploads\POSTCONTENT\1720763939_cf51e8ed5c67487d9cf0.jpg
INFO - 2026-05-11 08:34:57 --> Session: Class initialized using 'CodeIgniter\Session\Handlers\FileHandler' driver.
ERROR - 2026-05-11 08:34:57 --> File not found: C:\xampp\htdocs\websitebinan\writable\uploads\POSTCONTENT\1720161861_89876e3080f71f3530d9.jpg
INFO - 2026-05-11 08:34:57 --> Session: Class initialized using 'CodeIgniter\Session\Handlers\FileHandler' driver.
ERROR - 2026-05-11 08:34:57 --> File not found: C:\xampp\htdocs\websitebinan\writable\uploads\POSTCONTENT\1720161770_63f9a885543e83732987.jpg
INFO - 2026-05-11 08:34:57 --> Session: Class initialized using 'CodeIgniter\Session\Handlers\FileHandler' driver.
ERROR - 2026-05-11 08:34:57 --> File not found: C:\xampp\htdocs\websitebinan\writable\uploads\POSTCONTENT\1720087135_ac9f05f68ecc2ca866ac.jpeg
INFO - 2026-05-11 08:34:57 --> Session: Class initialized using 'CodeIgniter\Session\Handlers\FileHandler' driver.
ERROR - 2026-05-11 08:34:57 --> File not found: C:\xampp\htdocs\websitebinan\writable\uploads\POSTCONTENT\1720087062_efe59c8828331f22a116.jpg
INFO - 2026-05-11 08:34:57 --> Session: Class initialized using 'CodeIgniter\Session\Handlers\FileHandler' driver.
ERROR - 2026-05-11 08:34:57 --> File not found: C:\xampp\htdocs\websitebinan\writable\uploads\POSTCONTENT\1720086681_6f24b94f33ed5e27c3c4.jpg
INFO - 2026-05-11 08:35:01 --> Session: Class initialized using 'CodeIgniter\Session\Handlers\FileHandler' driver.
INFO - 2026-05-11 08:35:01 --> Session: Class initialized using 'CodeIgniter\Session\Handlers\FileHandler' driver.
INFO - 2026-05-11 08:35:02 --> Session: Class initialized using 'CodeIgniter\Session\Handlers\FileHandler' driver.
ERROR - 2026-05-11 08:35:02 --> File not found: C:\xampp\htdocs\websitebinan\writable\uploads\MAYOR\1752560720_0dff09b7b49027edfdc8.png
INFO - 2026-05-11 08:35:02 --> Session: Class initialized using 'CodeIgniter\Session\Handlers\FileHandler' driver.
ERROR - 2026-05-11 08:35:02 --> File not found: C:\xampp\htdocs\websitebinan\writable\uploads\MAYOR\1752736418_1ff67fd278268a7aaae6.png
INFO - 2026-05-11 08:35:02 --> Session: Class initialized using 'CodeIgniter\Session\Handlers\FileHandler' driver.
ERROR - 2026-05-11 08:35:02 --> File not found: C:\xampp\htdocs\websitebinan\writable\uploads\MAYOR\1752539275_f7c514e3b71ad925591b.jpg
INFO - 2026-05-11 08:35:02 --> Session: Class initialized using 'CodeIgniter\Session\Handlers\FileHandler' driver.
ERROR - 2026-05-11 08:35:02 --> File not found: C:\xampp\htdocs\websitebinan\writable\uploads\MAYOR\1752539275_ea1d0a840cec5bba9fd2.jpg
INFO - 2026-05-11 08:35:02 --> Session: Class initialized using 'CodeIgniter\Session\Handlers\FileHandler' driver.
ERROR - 2026-05-11 08:35:02 --> File not found: C:\xampp\htdocs\websitebinan\writable\uploads\MAYOR\1752539275_461564b96f4fa7ceb020.jpg
INFO - 2026-05-11 08:35:02 --> Session: Class initialized using 'CodeIgniter\Session\Handlers\FileHandler' driver.
ERROR - 2026-05-11 08:35:02 --> File not found: C:\xampp\htdocs\websitebinan\writable\uploads\MAYOR\1752539275_cc5d2e194bb2c24a824e.jpg
INFO - 2026-05-11 08:35:02 --> Session: Class initialized using 'CodeIgniter\Session\Handlers\FileHandler' driver.
ERROR - 2026-05-11 08:35:02 --> File not found: C:\xampp\htdocs\websitebinan\writable\uploads\MAYOR\1752539275_fa6c311f39c9c860e58d.jpg
INFO - 2026-05-11 08:35:04 --> Session: Class initialized using 'CodeIgniter\Session\Handlers\FileHandler' driver.
INFO - 2026-05-11 08:35:05 --> Session: Class initialized using 'CodeIgniter\Session\Handlers\FileHandler' driver.
INFO - 2026-05-11 08:35:05 --> Session: Class initialized using 'CodeIgniter\Session\Handlers\FileHandler' driver.
ERROR - 2026-05-11 08:35:05 --> File not found: C:\xampp\htdocs\websitebinan\writable\uploads\ABOUT\1722577197_b544c55a9dac11b5c462.png
INFO - 2026-05-11 08:35:05 --> Session: Class initialized using 'CodeIgniter\Session\Handlers\FileHandler' driver.
ERROR - 2026-05-11 08:35:05 --> File not found: C:\xampp\htdocs\websitebinan\writable\uploads\ABOUT\1748478676_80af2d5fd9b33d3bd0dc.png
INFO - 2026-05-11 08:35:05 --> Session: Class initialized using 'CodeIgniter\Session\Handlers\FileHandler' driver.
ERROR - 2026-05-11 08:35:05 --> File not found: C:\xampp\htdocs\websitebinan\writable\uploads\ABOUT\1722563925_54f03ce817d85fa00ca2.jpg
INFO - 2026-05-11 08:35:05 --> Session: Class initialized using 'CodeIgniter\Session\Handlers\FileHandler' driver.
ERROR - 2026-05-11 08:35:05 --> File not found: C:\xampp\htdocs\websitebinan\writable\uploads\ABOUT\1722563794_34aed21fdb77504e305a.png
INFO - 2026-05-11 08:35:05 --> Session: Class initialized using 'CodeIgniter\Session\Handlers\FileHandler' driver.
ERROR - 2026-05-11 08:35:05 --> File not found: C:\xampp\htdocs\websitebinan\writable\uploads\ABOUT\1722563907_d67c507b7939d4ce3efd.jpg
INFO - 2026-05-11 08:35:05 --> Session: Class initialized using 'CodeIgniter\Session\Handlers\FileHandler' driver.
ERROR - 2026-05-11 08:35:06 --> File not found: C:\xampp\htdocs\websitebinan\writable\uploads\ABOUT\1722563887_fbd05bba358d74f19118.jpg
INFO - 2026-05-11 08:35:06 --> Session: Class initialized using 'CodeIgniter\Session\Handlers\FileHandler' driver.
ERROR - 2026-05-11 08:35:06 --> File not found: C:\xampp\htdocs\websitebinan\writable\uploads\ABOUT\1722563762_58dbf047f10d1d2cfc2c.png
INFO - 2026-05-11 08:35:06 --> Session: Class initialized using 'CodeIgniter\Session\Handlers\FileHandler' driver.
ERROR - 2026-05-11 08:35:06 --> File not found: C:\xampp\htdocs\websitebinan\writable\uploads\ABOUT\1722563728_f91efddb8e7ac4545906.png
INFO - 2026-05-11 08:35:12 --> Session: Class initialized using 'CodeIgniter\Session\Handlers\FileHandler' driver.
INFO - 2026-05-11 08:35:12 --> Session: Class initialized using 'CodeIgniter\Session\Handlers\FileHandler' driver.
INFO - 2026-05-11 08:37:39 --> Session: Class initialized using 'CodeIgniter\Session\Handlers\FileHandler' driver.
INFO - 2026-05-11 08:37:39 --> Session: Class initialized using 'CodeIgniter\Session\Handlers\FileHandler' driver.
INFO - 2026-05-11 08:41:07 --> Session: Class initialized using 'CodeIgniter\Session\Handlers\FileHandler' driver.
INFO - 2026-05-11 08:41:08 --> Session: Class initialized using 'CodeIgniter\Session\Handlers\FileHandler' driver.
INFO - 2026-05-11 08:41:08 --> Session: Class initialized using 'CodeIgniter\Session\Handlers\FileHandler' driver.
WARNING - 2026-05-11 08:41:08 --> [DEPRECATED] error_log(): Passing null to parameter #1 ($message) of type string is deprecated in APPPATH\Controllers\Admin.php on line 198.
 1 APPPATH\Controllers\Admin.php(198): error_log(null)
 2 SYSTEMPATH\CodeIgniter.php(934): App\Controllers\Admin->getRecentAnns()
 3 SYSTEMPATH\CodeIgniter.php(499): CodeIgniter\CodeIgniter->runController(Object(App\Controllers\Admin))
 4 SYSTEMPATH\CodeIgniter.php(368): CodeIgniter\CodeIgniter->handleRequest(null, Object(Config\Cache), false)
 5 FCPATH\index.php(67): CodeIgniter\CodeIgniter->run()
INFO - 2026-05-11 08:41:08 --> Session: Class initialized using 'CodeIgniter\Session\Handlers\FileHandler' driver.
WARNING - 2026-05-11 08:41:08 --> [DEPRECATED] error_log(): Passing null to parameter #1 ($message) of type string is deprecated in APPPATH\Controllers\Admin.php on line 165.
 1 APPPATH\Controllers\Admin.php(165): error_log(null)
 2 SYSTEMPATH\CodeIgniter.php(934): App\Controllers\Admin->getRecentNews()
 3 SYSTEMPATH\CodeIgniter.php(499): CodeIgniter\CodeIgniter->runController(Object(App\Controllers\Admin))
 4 SYSTEMPATH\CodeIgniter.php(368): CodeIgniter\CodeIgniter->handleRequest(null, Object(Config\Cache), false)
 5 FCPATH\index.php(67): CodeIgniter\CodeIgniter->run()
INFO - 2026-05-11 08:41:10 --> Session: Class initialized using 'CodeIgniter\Session\Handlers\FileHandler' driver.
INFO - 2026-05-11 08:41:10 --> Session: Class initialized using 'CodeIgniter\Session\Handlers\FileHandler' driver.
INFO - 2026-05-11 08:41:11 --> Session: Class initialized using 'CodeIgniter\Session\Handlers\FileHandler' driver.
ERROR - 2026-05-11 08:41:11 --> File not found: C:\xampp\htdocs\websitebinan\writable\uploads\MAYOR\1752560720_0dff09b7b49027edfdc8.png
INFO - 2026-05-11 08:41:11 --> Session: Class initialized using 'CodeIgniter\Session\Handlers\FileHandler' driver.
ERROR - 2026-05-11 08:41:11 --> File not found: C:\xampp\htdocs\websitebinan\writable\uploads\MAYOR\1752736418_1ff67fd278268a7aaae6.png
INFO - 2026-05-11 08:41:11 --> Session: Class initialized using 'CodeIgniter\Session\Handlers\FileHandler' driver.
ERROR - 2026-05-11 08:41:11 --> File not found: C:\xampp\htdocs\websitebinan\writable\uploads\MAYOR\1752539275_cc5d2e194bb2c24a824e.jpg
INFO - 2026-05-11 08:41:11 --> Session: Class initialized using 'CodeIgniter\Session\Handlers\FileHandler' driver.
ERROR - 2026-05-11 08:41:11 --> File not found: C:\xampp\htdocs\websitebinan\writable\uploads\MAYOR\1752539275_f7c514e3b71ad925591b.jpg
INFO - 2026-05-11 08:41:11 --> Session: Class initialized using 'CodeIgniter\Session\Handlers\FileHandler' driver.
ERROR - 2026-05-11 08:41:11 --> File not found: C:\xampp\htdocs\websitebinan\writable\uploads\MAYOR\1752539275_ea1d0a840cec5bba9fd2.jpg
INFO - 2026-05-11 08:41:11 --> Session: Class initialized using 'CodeIgniter\Session\Handlers\FileHandler' driver.
ERROR - 2026-05-11 08:41:11 --> File not found: C:\xampp\htdocs\websitebinan\writable\uploads\MAYOR\1752539275_461564b96f4fa7ceb020.jpg
INFO - 2026-05-11 08:41:11 --> Session: Class initialized using 'CodeIgniter\Session\Handlers\FileHandler' driver.
ERROR - 2026-05-11 08:41:11 --> File not found: C:\xampp\htdocs\websitebinan\writable\uploads\MAYOR\1752539275_fa6c311f39c9c860e58d.jpg
INFO - 2026-05-11 08:41:29 --> Session: Class initialized using 'CodeIgniter\Session\Handlers\FileHandler' driver.
INFO - 2026-05-11 08:41:35 --> Session: Class initialized using 'CodeIgniter\Session\Handlers\FileHandler' driver.
INFO - 2026-05-11 08:41:35 --> Session: Class initialized using 'CodeIgniter\Session\Handlers\FileHandler' driver.
INFO - 2026-05-11 08:41:39 --> Session: Class initialized using 'CodeIgniter\Session\Handlers\FileHandler' driver.
INFO - 2026-05-11 08:41:40 --> Session: Class initialized using 'CodeIgniter\Session\Handlers\FileHandler' driver.
INFO - 2026-05-11 08:41:41 --> Session: Class initialized using 'CodeIgniter\Session\Handlers\FileHandler' driver.
WARNING - 2026-05-11 08:41:41 --> [DEPRECATED] error_log(): Passing null to parameter #1 ($message) of type string is deprecated in APPPATH\Controllers\Admin.php on line 198.
 1 APPPATH\Controllers\Admin.php(198): error_log(null)
 2 SYSTEMPATH\CodeIgniter.php(934): App\Controllers\Admin->getRecentAnns()
 3 SYSTEMPATH\CodeIgniter.php(499): CodeIgniter\CodeIgniter->runController(Object(App\Controllers\Admin))
 4 SYSTEMPATH\CodeIgniter.php(368): CodeIgniter\CodeIgniter->handleRequest(null, Object(Config\Cache), false)
 5 FCPATH\index.php(67): CodeIgniter\CodeIgniter->run()
INFO - 2026-05-11 08:41:41 --> Session: Class initialized using 'CodeIgniter\Session\Handlers\FileHandler' driver.
WARNING - 2026-05-11 08:41:41 --> [DEPRECATED] error_log(): Passing null to parameter #1 ($message) of type string is deprecated in APPPATH\Controllers\Admin.php on line 165.
 1 APPPATH\Controllers\Admin.php(165): error_log(null)
 2 SYSTEMPATH\CodeIgniter.php(934): App\Controllers\Admin->getRecentNews()
 3 SYSTEMPATH\CodeIgniter.php(499): CodeIgniter\CodeIgniter->runController(Object(App\Controllers\Admin))
 4 SYSTEMPATH\CodeIgniter.php(368): CodeIgniter\CodeIgniter->handleRequest(null, Object(Config\Cache), false)
 5 FCPATH\index.php(67): CodeIgniter\CodeIgniter->run()
INFO - 2026-05-11 08:41:45 --> Session: Class initialized using 'CodeIgniter\Session\Handlers\FileHandler' driver.
INFO - 2026-05-11 08:41:45 --> Session: Class initialized using 'CodeIgniter\Session\Handlers\FileHandler' driver.
INFO - 2026-05-11 08:41:47 --> Session: Class initialized using 'CodeIgniter\Session\Handlers\FileHandler' driver.
INFO - 2026-05-11 08:43:37 --> Session: Class initialized using 'CodeIgniter\Session\Handlers\FileHandler' driver.
INFO - 2026-05-11 09:00:50 --> Session: Class initialized using 'CodeIgniter\Session\Handlers\FileHandler' driver.
INFO - 2026-05-11 09:00:50 --> Session: Class initialized using 'CodeIgniter\Session\Handlers\FileHandler' driver.
INFO - 2026-05-11 09:09:59 --> Session: Class initialized using 'CodeIgniter\Session\Handlers\FileHandler' driver.
INFO - 2026-05-11 09:10:00 --> Session: Class initialized using 'CodeIgniter\Session\Handlers\FileHandler' driver.
INFO - 2026-05-11 09:11:37 --> Session: Class initialized using 'CodeIgniter\Session\Handlers\FileHandler' driver.
ERROR - 2026-05-11 09:11:37 --> File not found: C:\xampp\htdocs\websitebinan\writable\uploads\MAYOR\1752560720_0dff09b7b49027edfdc8.png
INFO - 2026-05-11 09:11:37 --> Session: Class initialized using 'CodeIgniter\Session\Handlers\FileHandler' driver.
ERROR - 2026-05-11 09:11:37 --> File not found: C:\xampp\htdocs\websitebinan\writable\uploads\POSTCONTENT\1752491896_d4d17bc7bae7db6cdfbc.jpg
INFO - 2026-05-11 09:11:37 --> Session: Class initialized using 'CodeIgniter\Session\Handlers\FileHandler' driver.
ERROR - 2026-05-11 09:11:37 --> File not found: C:\xampp\htdocs\websitebinan\writable\uploads\POSTCONTENT\1752491708_2ee68cad8c2a4fcee755.jpg
INFO - 2026-05-11 09:11:37 --> Session: Class initialized using 'CodeIgniter\Session\Handlers\FileHandler' driver.
ERROR - 2026-05-11 09:11:37 --> File not found: C:\xampp\htdocs\websitebinan\writable\uploads\POSTCONTENT\1752491553_1116c5425920ad29a5ef.jpg
INFO - 2026-05-11 09:11:37 --> Session: Class initialized using 'CodeIgniter\Session\Handlers\FileHandler' driver.
ERROR - 2026-05-11 09:11:37 --> File not found: C:\xampp\htdocs\websitebinan\writable\uploads\POSTCONTENT\1777448876_38d74746b997d39f9516.jpg
INFO - 2026-05-11 09:11:37 --> Session: Class initialized using 'CodeIgniter\Session\Handlers\FileHandler' driver.
ERROR - 2026-05-11 09:11:37 --> File not found: C:\xampp\htdocs\websitebinan\writable\uploads\POSTCONTENT\1721913938_82175b7a5e6b73f925ed.png
INFO - 2026-05-11 09:11:37 --> Session: Class initialized using 'CodeIgniter\Session\Handlers\FileHandler' driver.
ERROR - 2026-05-11 09:11:37 --> File not found: C:\xampp\htdocs\websitebinan\writable\uploads\POSTCONTENT\1721955128_5d76fdbca58bff6d5dc9.png
INFO - 2026-05-11 09:15:09 --> Session: Class initialized using 'CodeIgniter\Session\Handlers\FileHandler' driver.
INFO - 2026-05-11 09:15:09 --> Session: Class initialized using 'CodeIgniter\Session\Handlers\FileHandler' driver.
INFO - 2026-05-11 09:15:10 --> Session: Class initialized using 'CodeIgniter\Session\Handlers\FileHandler' driver.
WARNING - 2026-05-11 09:15:10 --> [DEPRECATED] error_log(): Passing null to parameter #1 ($message) of type string is deprecated in APPPATH\Controllers\Admin.php on line 198.
 1 APPPATH\Controllers\Admin.php(198): error_log(null)
 2 SYSTEMPATH\CodeIgniter.php(934): App\Controllers\Admin->getRecentAnns()
 3 SYSTEMPATH\CodeIgniter.php(499): CodeIgniter\CodeIgniter->runController(Object(App\Controllers\Admin))
 4 SYSTEMPATH\CodeIgniter.php(368): CodeIgniter\CodeIgniter->handleRequest(null, Object(Config\Cache), false)
 5 FCPATH\index.php(67): CodeIgniter\CodeIgniter->run()
INFO - 2026-05-11 09:15:10 --> Session: Class initialized using 'CodeIgniter\Session\Handlers\FileHandler' driver.
WARNING - 2026-05-11 09:15:10 --> [DEPRECATED] error_log(): Passing null to parameter #1 ($message) of type string is deprecated in APPPATH\Controllers\Admin.php on line 165.
 1 APPPATH\Controllers\Admin.php(165): error_log(null)
 2 SYSTEMPATH\CodeIgniter.php(934): App\Controllers\Admin->getRecentNews()
 3 SYSTEMPATH\CodeIgniter.php(499): CodeIgniter\CodeIgniter->runController(Object(App\Controllers\Admin))
 4 SYSTEMPATH\CodeIgniter.php(368): CodeIgniter\CodeIgniter->handleRequest(null, Object(Config\Cache), false)
 5 FCPATH\index.php(67): CodeIgniter\CodeIgniter->run()
INFO - 2026-05-11 09:15:13 --> Session: Class initialized using 'CodeIgniter\Session\Handlers\FileHandler' driver.
INFO - 2026-05-11 09:15:13 --> Session: Class initialized using 'CodeIgniter\Session\Handlers\FileHandler' driver.
INFO - 2026-05-11 09:15:14 --> Session: Class initialized using 'CodeIgniter\Session\Handlers\FileHandler' driver.
INFO - 2026-05-11 09:15:14 --> Session: Class initialized using 'CodeIgniter\Session\Handlers\FileHandler' driver.
INFO - 2026-05-11 09:15:15 --> Session: Class initialized using 'CodeIgniter\Session\Handlers\FileHandler' driver.
INFO - 2026-05-11 09:15:16 --> Session: Class initialized using 'CodeIgniter\Session\Handlers\FileHandler' driver.
INFO - 2026-05-11 09:15:17 --> Session: Class initialized using 'CodeIgniter\Session\Handlers\FileHandler' driver.
INFO - 2026-05-11 09:20:42 --> Session: Class initialized using 'CodeIgniter\Session\Handlers\FileHandler' driver.
INFO - 2026-05-11 09:20:43 --> Session: Class initialized using 'CodeIgniter\Session\Handlers\FileHandler' driver.
INFO - 2026-05-11 09:20:44 --> Session: Class initialized using 'CodeIgniter\Session\Handlers\FileHandler' driver.
INFO - 2026-05-11 09:21:55 --> Session: Class initialized using 'CodeIgniter\Session\Handlers\FileHandler' driver.
INFO - 2026-05-11 09:21:56 --> Session: Class initialized using 'CodeIgniter\Session\Handlers\FileHandler' driver.
INFO - 2026-05-11 09:21:58 --> Session: Class initialized using 'CodeIgniter\Session\Handlers\FileHandler' driver.
INFO - 2026-05-11 09:26:51 --> Session: Class initialized using 'CodeIgniter\Session\Handlers\FileHandler' driver.
INFO - 2026-05-11 09:26:52 --> Session: Class initialized using 'CodeIgniter\Session\Handlers\FileHandler' driver.
INFO - 2026-05-11 09:27:00 --> Session: Class initialized using 'CodeIgniter\Session\Handlers\FileHandler' driver.
INFO - 2026-05-11 09:27:00 --> Session: Class initialized using 'CodeIgniter\Session\Handlers\FileHandler' driver.
INFO - 2026-05-11 09:27:04 --> Session: Class initialized using 'CodeIgniter\Session\Handlers\FileHandler' driver.
INFO - 2026-05-11 09:27:04 --> Session: Class initialized using 'CodeIgniter\Session\Handlers\FileHandler' driver.
INFO - 2026-05-11 09:27:05 --> Session: Class initialized using 'CodeIgniter\Session\Handlers\FileHandler' driver.
WARNING - 2026-05-11 09:27:05 --> [DEPRECATED] error_log(): Passing null to parameter #1 ($message) of type string is deprecated in APPPATH\Controllers\Admin.php on line 198.
 1 APPPATH\Controllers\Admin.php(198): error_log(null)
 2 SYSTEMPATH\CodeIgniter.php(934): App\Controllers\Admin->getRecentAnns()
 3 SYSTEMPATH\CodeIgniter.php(499): CodeIgniter\CodeIgniter->runController(Object(App\Controllers\Admin))
 4 SYSTEMPATH\CodeIgniter.php(368): CodeIgniter\CodeIgniter->handleRequest(null, Object(Config\Cache), false)
 5 FCPATH\index.php(67): CodeIgniter\CodeIgniter->run()
INFO - 2026-05-11 09:27:05 --> Session: Class initialized using 'CodeIgniter\Session\Handlers\FileHandler' driver.
WARNING - 2026-05-11 09:27:05 --> [DEPRECATED] error_log(): Passing null to parameter #1 ($message) of type string is deprecated in APPPATH\Controllers\Admin.php on line 165.
 1 APPPATH\Controllers\Admin.php(165): error_log(null)
 2 SYSTEMPATH\CodeIgniter.php(934): App\Controllers\Admin->getRecentNews()
 3 SYSTEMPATH\CodeIgniter.php(499): CodeIgniter\CodeIgniter->runController(Object(App\Controllers\Admin))
 4 SYSTEMPATH\CodeIgniter.php(368): CodeIgniter\CodeIgniter->handleRequest(null, Object(Config\Cache), false)
 5 FCPATH\index.php(67): CodeIgniter\CodeIgniter->run()
INFO - 2026-05-11 09:27:08 --> Session: Class initialized using 'CodeIgniter\Session\Handlers\FileHandler' driver.
INFO - 2026-05-11 09:27:08 --> Session: Class initialized using 'CodeIgniter\Session\Handlers\FileHandler' driver.
INFO - 2026-05-11 09:35:36 --> Session: Class initialized using 'CodeIgniter\Session\Handlers\FileHandler' driver.
INFO - 2026-05-11 09:35:36 --> Session: Class initialized using 'CodeIgniter\Session\Handlers\FileHandler' driver.
INFO - 2026-05-11 09:35:37 --> Session: Class initialized using 'CodeIgniter\Session\Handlers\FileHandler' driver.
WARNING - 2026-05-11 09:35:37 --> [DEPRECATED] error_log(): Passing null to parameter #1 ($message) of type string is deprecated in APPPATH\Controllers\Admin.php on line 203.
 1 APPPATH\Controllers\Admin.php(203): error_log(null)
 2 SYSTEMPATH\CodeIgniter.php(934): App\Controllers\Admin->getRecentAnns()
 3 SYSTEMPATH\CodeIgniter.php(499): CodeIgniter\CodeIgniter->runController(Object(App\Controllers\Admin))
 4 SYSTEMPATH\CodeIgniter.php(368): CodeIgniter\CodeIgniter->handleRequest(null, Object(Config\Cache), false)
 5 FCPATH\index.php(67): CodeIgniter\CodeIgniter->run()
INFO - 2026-05-11 09:35:37 --> Session: Class initialized using 'CodeIgniter\Session\Handlers\FileHandler' driver.
WARNING - 2026-05-11 09:35:37 --> [DEPRECATED] error_log(): Passing null to parameter #1 ($message) of type string is deprecated in APPPATH\Controllers\Admin.php on line 170.
 1 APPPATH\Controllers\Admin.php(170): error_log(null)
 2 SYSTEMPATH\CodeIgniter.php(934): App\Controllers\Admin->getRecentNews()
 3 SYSTEMPATH\CodeIgniter.php(499): CodeIgniter\CodeIgniter->runController(Object(App\Controllers\Admin))
 4 SYSTEMPATH\CodeIgniter.php(368): CodeIgniter\CodeIgniter->handleRequest(null, Object(Config\Cache), false)
 5 FCPATH\index.php(67): CodeIgniter\CodeIgniter->run()
INFO - 2026-05-11 09:36:16 --> Session: Class initialized using 'CodeIgniter\Session\Handlers\FileHandler' driver.
INFO - 2026-05-11 09:36:16 --> Session: Class initialized using 'CodeIgniter\Session\Handlers\FileHandler' driver.
INFO - 2026-05-11 09:36:19 --> Session: Class initialized using 'CodeIgniter\Session\Handlers\FileHandler' driver.
INFO - 2026-05-11 09:36:20 --> Session: Class initialized using 'CodeIgniter\Session\Handlers\FileHandler' driver.
INFO - 2026-05-11 09:36:20 --> Session: Class initialized using 'CodeIgniter\Session\Handlers\FileHandler' driver.
WARNING - 2026-05-11 09:36:20 --> [DEPRECATED] error_log(): Passing null to parameter #1 ($message) of type string is deprecated in APPPATH\Controllers\Admin.php on line 203.
 1 APPPATH\Controllers\Admin.php(203): error_log(null)
 2 SYSTEMPATH\CodeIgniter.php(934): App\Controllers\Admin->getRecentAnns()
 3 SYSTEMPATH\CodeIgniter.php(499): CodeIgniter\CodeIgniter->runController(Object(App\Controllers\Admin))
 4 SYSTEMPATH\CodeIgniter.php(368): CodeIgniter\CodeIgniter->handleRequest(null, Object(Config\Cache), false)
 5 FCPATH\index.php(67): CodeIgniter\CodeIgniter->run()
INFO - 2026-05-11 09:36:21 --> Session: Class initialized using 'CodeIgniter\Session\Handlers\FileHandler' driver.
WARNING - 2026-05-11 09:36:21 --> [DEPRECATED] error_log(): Passing null to parameter #1 ($message) of type string is deprecated in APPPATH\Controllers\Admin.php on line 170.
 1 APPPATH\Controllers\Admin.php(170): error_log(null)
 2 SYSTEMPATH\CodeIgniter.php(934): App\Controllers\Admin->getRecentNews()
 3 SYSTEMPATH\CodeIgniter.php(499): CodeIgniter\CodeIgniter->runController(Object(App\Controllers\Admin))
 4 SYSTEMPATH\CodeIgniter.php(368): CodeIgniter\CodeIgniter->handleRequest(null, Object(Config\Cache), false)
 5 FCPATH\index.php(67): CodeIgniter\CodeIgniter->run()
INFO - 2026-05-11 09:36:29 --> Session: Class initialized using 'CodeIgniter\Session\Handlers\FileHandler' driver.
INFO - 2026-05-11 09:36:29 --> Session: Class initialized using 'CodeIgniter\Session\Handlers\FileHandler' driver.
INFO - 2026-05-11 09:36:37 --> Session: Class initialized using 'CodeIgniter\Session\Handlers\FileHandler' driver.
INFO - 2026-05-11 09:36:37 --> Session: Class initialized using 'CodeIgniter\Session\Handlers\FileHandler' driver.
INFO - 2026-05-11 09:36:38 --> Session: Class initialized using 'CodeIgniter\Session\Handlers\FileHandler' driver.
WARNING - 2026-05-11 09:36:38 --> [DEPRECATED] error_log(): Passing null to parameter #1 ($message) of type string is deprecated in APPPATH\Controllers\Admin.php on line 203.
 1 APPPATH\Controllers\Admin.php(203): error_log(null)
 2 SYSTEMPATH\CodeIgniter.php(934): App\Controllers\Admin->getRecentAnns()
 3 SYSTEMPATH\CodeIgniter.php(499): CodeIgniter\CodeIgniter->runController(Object(App\Controllers\Admin))
 4 SYSTEMPATH\CodeIgniter.php(368): CodeIgniter\CodeIgniter->handleRequest(null, Object(Config\Cache), false)
 5 FCPATH\index.php(67): CodeIgniter\CodeIgniter->run()
INFO - 2026-05-11 09:36:38 --> Session: Class initialized using 'CodeIgniter\Session\Handlers\FileHandler' driver.
WARNING - 2026-05-11 09:36:38 --> [DEPRECATED] error_log(): Passing null to parameter #1 ($message) of type string is deprecated in APPPATH\Controllers\Admin.php on line 170.
 1 APPPATH\Controllers\Admin.php(170): error_log(null)
 2 SYSTEMPATH\CodeIgniter.php(934): App\Controllers\Admin->getRecentNews()
 3 SYSTEMPATH\CodeIgniter.php(499): CodeIgniter\CodeIgniter->runController(Object(App\Controllers\Admin))
 4 SYSTEMPATH\CodeIgniter.php(368): CodeIgniter\CodeIgniter->handleRequest(null, Object(Config\Cache), false)
 5 FCPATH\index.php(67): CodeIgniter\CodeIgniter->run()
INFO - 2026-05-11 09:36:47 --> Session: Class initialized using 'CodeIgniter\Session\Handlers\FileHandler' driver.
INFO - 2026-05-11 09:36:47 --> Session: Class initialized using 'CodeIgniter\Session\Handlers\FileHandler' driver.
INFO - 2026-05-11 09:36:52 --> Session: Class initialized using 'CodeIgniter\Session\Handlers\FileHandler' driver.
INFO - 2026-05-11 09:36:52 --> Session: Class initialized using 'CodeIgniter\Session\Handlers\FileHandler' driver.
INFO - 2026-05-11 09:36:53 --> Session: Class initialized using 'CodeIgniter\Session\Handlers\FileHandler' driver.
WARNING - 2026-05-11 09:36:53 --> [DEPRECATED] error_log(): Passing null to parameter #1 ($message) of type string is deprecated in APPPATH\Controllers\Admin.php on line 203.
 1 APPPATH\Controllers\Admin.php(203): error_log(null)
 2 SYSTEMPATH\CodeIgniter.php(934): App\Controllers\Admin->getRecentAnns()
 3 SYSTEMPATH\CodeIgniter.php(499): CodeIgniter\CodeIgniter->runController(Object(App\Controllers\Admin))
 4 SYSTEMPATH\CodeIgniter.php(368): CodeIgniter\CodeIgniter->handleRequest(null, Object(Config\Cache), false)
 5 FCPATH\index.php(67): CodeIgniter\CodeIgniter->run()
INFO - 2026-05-11 09:36:53 --> Session: Class initialized using 'CodeIgniter\Session\Handlers\FileHandler' driver.
WARNING - 2026-05-11 09:36:53 --> [DEPRECATED] error_log(): Passing null to parameter #1 ($message) of type string is deprecated in APPPATH\Controllers\Admin.php on line 170.
 1 APPPATH\Controllers\Admin.php(170): error_log(null)
 2 SYSTEMPATH\CodeIgniter.php(934): App\Controllers\Admin->getRecentNews()
 3 SYSTEMPATH\CodeIgniter.php(499): CodeIgniter\CodeIgniter->runController(Object(App\Controllers\Admin))
 4 SYSTEMPATH\CodeIgniter.php(368): CodeIgniter\CodeIgniter->handleRequest(null, Object(Config\Cache), false)
 5 FCPATH\index.php(67): CodeIgniter\CodeIgniter->run()
INFO - 2026-05-11 09:37:13 --> Session: Class initialized using 'CodeIgniter\Session\Handlers\FileHandler' driver.
INFO - 2026-05-11 09:37:13 --> Session: Class initialized using 'CodeIgniter\Session\Handlers\FileHandler' driver.
INFO - 2026-05-11 09:37:18 --> Session: Class initialized using 'CodeIgniter\Session\Handlers\FileHandler' driver.
INFO - 2026-05-11 09:37:19 --> Session: Class initialized using 'CodeIgniter\Session\Handlers\FileHandler' driver.
INFO - 2026-05-11 09:37:19 --> Session: Class initialized using 'CodeIgniter\Session\Handlers\FileHandler' driver.
WARNING - 2026-05-11 09:37:19 --> [DEPRECATED] error_log(): Passing null to parameter #1 ($message) of type string is deprecated in APPPATH\Controllers\Admin.php on line 203.
 1 APPPATH\Controllers\Admin.php(203): error_log(null)
 2 SYSTEMPATH\CodeIgniter.php(934): App\Controllers\Admin->getRecentAnns()
 3 SYSTEMPATH\CodeIgniter.php(499): CodeIgniter\CodeIgniter->runController(Object(App\Controllers\Admin))
 4 SYSTEMPATH\CodeIgniter.php(368): CodeIgniter\CodeIgniter->handleRequest(null, Object(Config\Cache), false)
 5 FCPATH\index.php(67): CodeIgniter\CodeIgniter->run()
INFO - 2026-05-11 09:37:20 --> Session: Class initialized using 'CodeIgniter\Session\Handlers\FileHandler' driver.
WARNING - 2026-05-11 09:37:20 --> [DEPRECATED] error_log(): Passing null to parameter #1 ($message) of type string is deprecated in APPPATH\Controllers\Admin.php on line 170.
 1 APPPATH\Controllers\Admin.php(170): error_log(null)
 2 SYSTEMPATH\CodeIgniter.php(934): App\Controllers\Admin->getRecentNews()
 3 SYSTEMPATH\CodeIgniter.php(499): CodeIgniter\CodeIgniter->runController(Object(App\Controllers\Admin))
 4 SYSTEMPATH\CodeIgniter.php(368): CodeIgniter\CodeIgniter->handleRequest(null, Object(Config\Cache), false)
 5 FCPATH\index.php(67): CodeIgniter\CodeIgniter->run()
INFO - 2026-05-11 09:37:22 --> Session: Class initialized using 'CodeIgniter\Session\Handlers\FileHandler' driver.
INFO - 2026-05-11 09:37:23 --> Session: Class initialized using 'CodeIgniter\Session\Handlers\FileHandler' driver.
INFO - 2026-05-11 09:37:26 --> Session: Class initialized using 'CodeIgniter\Session\Handlers\FileHandler' driver.
INFO - 2026-05-11 09:37:26 --> Session: Class initialized using 'CodeIgniter\Session\Handlers\FileHandler' driver.
INFO - 2026-05-11 09:37:29 --> Session: Class initialized using 'CodeIgniter\Session\Handlers\FileHandler' driver.
INFO - 2026-05-11 09:37:29 --> Session: Class initialized using 'CodeIgniter\Session\Handlers\FileHandler' driver.
INFO - 2026-05-11 09:37:30 --> Session: Class initialized using 'CodeIgniter\Session\Handlers\FileHandler' driver.
WARNING - 2026-05-11 09:37:30 --> [DEPRECATED] error_log(): Passing null to parameter #1 ($message) of type string is deprecated in APPPATH\Controllers\Admin.php on line 203.
 1 APPPATH\Controllers\Admin.php(203): error_log(null)
 2 SYSTEMPATH\CodeIgniter.php(934): App\Controllers\Admin->getRecentAnns()
 3 SYSTEMPATH\CodeIgniter.php(499): CodeIgniter\CodeIgniter->runController(Object(App\Controllers\Admin))
 4 SYSTEMPATH\CodeIgniter.php(368): CodeIgniter\CodeIgniter->handleRequest(null, Object(Config\Cache), false)
 5 FCPATH\index.php(67): CodeIgniter\CodeIgniter->run()
INFO - 2026-05-11 09:37:30 --> Session: Class initialized using 'CodeIgniter\Session\Handlers\FileHandler' driver.
WARNING - 2026-05-11 09:37:30 --> [DEPRECATED] error_log(): Passing null to parameter #1 ($message) of type string is deprecated in APPPATH\Controllers\Admin.php on line 170.
 1 APPPATH\Controllers\Admin.php(170): error_log(null)
 2 SYSTEMPATH\CodeIgniter.php(934): App\Controllers\Admin->getRecentNews()
 3 SYSTEMPATH\CodeIgniter.php(499): CodeIgniter\CodeIgniter->runController(Object(App\Controllers\Admin))
 4 SYSTEMPATH\CodeIgniter.php(368): CodeIgniter\CodeIgniter->handleRequest(null, Object(Config\Cache), false)
 5 FCPATH\index.php(67): CodeIgniter\CodeIgniter->run()
INFO - 2026-05-11 09:37:32 --> Session: Class initialized using 'CodeIgniter\Session\Handlers\FileHandler' driver.
INFO - 2026-05-11 09:37:32 --> Session: Class initialized using 'CodeIgniter\Session\Handlers\FileHandler' driver.
INFO - 2026-05-11 09:37:33 --> Session: Class initialized using 'CodeIgniter\Session\Handlers\FileHandler' driver.
WARNING - 2026-05-11 09:37:33 --> [DEPRECATED] error_log(): Passing null to parameter #1 ($message) of type string is deprecated in APPPATH\Controllers\Admin.php on line 203.
 1 APPPATH\Controllers\Admin.php(203): error_log(null)
 2 SYSTEMPATH\CodeIgniter.php(934): App\Controllers\Admin->getRecentAnns()
 3 SYSTEMPATH\CodeIgniter.php(499): CodeIgniter\CodeIgniter->runController(Object(App\Controllers\Admin))
 4 SYSTEMPATH\CodeIgniter.php(368): CodeIgniter\CodeIgniter->handleRequest(null, Object(Config\Cache), false)
 5 FCPATH\index.php(67): CodeIgniter\CodeIgniter->run()
INFO - 2026-05-11 09:37:33 --> Session: Class initialized using 'CodeIgniter\Session\Handlers\FileHandler' driver.
WARNING - 2026-05-11 09:37:33 --> [DEPRECATED] error_log(): Passing null to parameter #1 ($message) of type string is deprecated in APPPATH\Controllers\Admin.php on line 170.
 1 APPPATH\Controllers\Admin.php(170): error_log(null)
 2 SYSTEMPATH\CodeIgniter.php(934): App\Controllers\Admin->getRecentNews()
 3 SYSTEMPATH\CodeIgniter.php(499): CodeIgniter\CodeIgniter->runController(Object(App\Controllers\Admin))
 4 SYSTEMPATH\CodeIgniter.php(368): CodeIgniter\CodeIgniter->handleRequest(null, Object(Config\Cache), false)
 5 FCPATH\index.php(67): CodeIgniter\CodeIgniter->run()
INFO - 2026-05-11 09:40:19 --> Session: Class initialized using 'CodeIgniter\Session\Handlers\FileHandler' driver.
INFO - 2026-05-11 09:40:20 --> Session: Class initialized using 'CodeIgniter\Session\Handlers\FileHandler' driver.
WARNING - 2026-05-11 09:40:20 --> [DEPRECATED] error_log(): Passing null to parameter #1 ($message) of type string is deprecated in APPPATH\Controllers\Admin.php on line 203.
 1 APPPATH\Controllers\Admin.php(203): error_log(null)
 2 SYSTEMPATH\CodeIgniter.php(934): App\Controllers\Admin->getRecentAnns()
 3 SYSTEMPATH\CodeIgniter.php(499): CodeIgniter\CodeIgniter->runController(Object(App\Controllers\Admin))
 4 SYSTEMPATH\CodeIgniter.php(368): CodeIgniter\CodeIgniter->handleRequest(null, Object(Config\Cache), false)
 5 FCPATH\index.php(67): CodeIgniter\CodeIgniter->run()
INFO - 2026-05-11 09:40:20 --> Session: Class initialized using 'CodeIgniter\Session\Handlers\FileHandler' driver.
WARNING - 2026-05-11 09:40:20 --> [DEPRECATED] error_log(): Passing null to parameter #1 ($message) of type string is deprecated in APPPATH\Controllers\Admin.php on line 170.
 1 APPPATH\Controllers\Admin.php(170): error_log(null)
 2 SYSTEMPATH\CodeIgniter.php(934): App\Controllers\Admin->getRecentNews()
 3 SYSTEMPATH\CodeIgniter.php(499): CodeIgniter\CodeIgniter->runController(Object(App\Controllers\Admin))
 4 SYSTEMPATH\CodeIgniter.php(368): CodeIgniter\CodeIgniter->handleRequest(null, Object(Config\Cache), false)
 5 FCPATH\index.php(67): CodeIgniter\CodeIgniter->run()
INFO - 2026-05-11 09:41:39 --> Session: Class initialized using 'CodeIgniter\Session\Handlers\FileHandler' driver.
INFO - 2026-05-11 09:41:39 --> Session: Class initialized using 'CodeIgniter\Session\Handlers\FileHandler' driver.
INFO - 2026-05-11 09:41:43 --> Session: Class initialized using 'CodeIgniter\Session\Handlers\FileHandler' driver.
INFO - 2026-05-11 09:41:43 --> Session: Class initialized using 'CodeIgniter\Session\Handlers\FileHandler' driver.
INFO - 2026-05-11 09:41:44 --> Session: Class initialized using 'CodeIgniter\Session\Handlers\FileHandler' driver.
WARNING - 2026-05-11 09:41:44 --> [DEPRECATED] error_log(): Passing null to parameter #1 ($message) of type string is deprecated in APPPATH\Controllers\Admin.php on line 203.
 1 APPPATH\Controllers\Admin.php(203): error_log(null)
 2 SYSTEMPATH\CodeIgniter.php(934): App\Controllers\Admin->getRecentAnns()
 3 SYSTEMPATH\CodeIgniter.php(499): CodeIgniter\CodeIgniter->runController(Object(App\Controllers\Admin))
 4 SYSTEMPATH\CodeIgniter.php(368): CodeIgniter\CodeIgniter->handleRequest(null, Object(Config\Cache), false)
 5 FCPATH\index.php(67): CodeIgniter\CodeIgniter->run()
INFO - 2026-05-11 09:41:44 --> Session: Class initialized using 'CodeIgniter\Session\Handlers\FileHandler' driver.
WARNING - 2026-05-11 09:41:44 --> [DEPRECATED] error_log(): Passing null to parameter #1 ($message) of type string is deprecated in APPPATH\Controllers\Admin.php on line 170.
 1 APPPATH\Controllers\Admin.php(170): error_log(null)
 2 SYSTEMPATH\CodeIgniter.php(934): App\Controllers\Admin->getRecentNews()
 3 SYSTEMPATH\CodeIgniter.php(499): CodeIgniter\CodeIgniter->runController(Object(App\Controllers\Admin))
 4 SYSTEMPATH\CodeIgniter.php(368): CodeIgniter\CodeIgniter->handleRequest(null, Object(Config\Cache), false)
 5 FCPATH\index.php(67): CodeIgniter\CodeIgniter->run()
INFO - 2026-05-11 09:41:53 --> Session: Class initialized using 'CodeIgniter\Session\Handlers\FileHandler' driver.
INFO - 2026-05-11 09:41:54 --> Session: Class initialized using 'CodeIgniter\Session\Handlers\FileHandler' driver.
INFO - 2026-05-11 09:47:13 --> Session: Class initialized using 'CodeIgniter\Session\Handlers\FileHandler' driver.
INFO - 2026-05-11 09:47:14 --> Session: Class initialized using 'CodeIgniter\Session\Handlers\FileHandler' driver.
INFO - 2026-05-11 09:47:15 --> Session: Class initialized using 'CodeIgniter\Session\Handlers\FileHandler' driver.
WARNING - 2026-05-11 09:47:15 --> [DEPRECATED] error_log(): Passing null to parameter #1 ($message) of type string is deprecated in APPPATH\Controllers\Admin.php on line 203.
 1 APPPATH\Controllers\Admin.php(203): error_log(null)
 2 SYSTEMPATH\CodeIgniter.php(934): App\Controllers\Admin->getRecentAnns()
 3 SYSTEMPATH\CodeIgniter.php(499): CodeIgniter\CodeIgniter->runController(Object(App\Controllers\Admin))
 4 SYSTEMPATH\CodeIgniter.php(368): CodeIgniter\CodeIgniter->handleRequest(null, Object(Config\Cache), false)
 5 FCPATH\index.php(67): CodeIgniter\CodeIgniter->run()
INFO - 2026-05-11 09:47:15 --> Session: Class initialized using 'CodeIgniter\Session\Handlers\FileHandler' driver.
WARNING - 2026-05-11 09:47:15 --> [DEPRECATED] error_log(): Passing null to parameter #1 ($message) of type string is deprecated in APPPATH\Controllers\Admin.php on line 170.
 1 APPPATH\Controllers\Admin.php(170): error_log(null)
 2 SYSTEMPATH\CodeIgniter.php(934): App\Controllers\Admin->getRecentNews()
 3 SYSTEMPATH\CodeIgniter.php(499): CodeIgniter\CodeIgniter->runController(Object(App\Controllers\Admin))
 4 SYSTEMPATH\CodeIgniter.php(368): CodeIgniter\CodeIgniter->handleRequest(null, Object(Config\Cache), false)
 5 FCPATH\index.php(67): CodeIgniter\CodeIgniter->run()
INFO - 2026-05-11 09:47:18 --> Session: Class initialized using 'CodeIgniter\Session\Handlers\FileHandler' driver.
INFO - 2026-05-11 09:47:19 --> Session: Class initialized using 'CodeIgniter\Session\Handlers\FileHandler' driver.
INFO - 2026-05-11 09:49:39 --> Session: Class initialized using 'CodeIgniter\Session\Handlers\FileHandler' driver.
INFO - 2026-05-11 09:49:40 --> Session: Class initialized using 'CodeIgniter\Session\Handlers\FileHandler' driver.
INFO - 2026-05-11 09:49:44 --> Session: Class initialized using 'CodeIgniter\Session\Handlers\FileHandler' driver.
INFO - 2026-05-11 09:49:45 --> Session: Class initialized using 'CodeIgniter\Session\Handlers\FileHandler' driver.
INFO - 2026-05-11 09:49:46 --> Session: Class initialized using 'CodeIgniter\Session\Handlers\FileHandler' driver.
WARNING - 2026-05-11 09:49:46 --> [DEPRECATED] error_log(): Passing null to parameter #1 ($message) of type string is deprecated in APPPATH\Controllers\Admin.php on line 203.
 1 APPPATH\Controllers\Admin.php(203): error_log(null)
 2 SYSTEMPATH\CodeIgniter.php(934): App\Controllers\Admin->getRecentAnns()
 3 SYSTEMPATH\CodeIgniter.php(499): CodeIgniter\CodeIgniter->runController(Object(App\Controllers\Admin))
 4 SYSTEMPATH\CodeIgniter.php(368): CodeIgniter\CodeIgniter->handleRequest(null, Object(Config\Cache), false)
 5 FCPATH\index.php(67): CodeIgniter\CodeIgniter->run()
INFO - 2026-05-11 09:49:46 --> Session: Class initialized using 'CodeIgniter\Session\Handlers\FileHandler' driver.
WARNING - 2026-05-11 09:49:46 --> [DEPRECATED] error_log(): Passing null to parameter #1 ($message) of type string is deprecated in APPPATH\Controllers\Admin.php on line 170.
 1 APPPATH\Controllers\Admin.php(170): error_log(null)
 2 SYSTEMPATH\CodeIgniter.php(934): App\Controllers\Admin->getRecentNews()
 3 SYSTEMPATH\CodeIgniter.php(499): CodeIgniter\CodeIgniter->runController(Object(App\Controllers\Admin))
 4 SYSTEMPATH\CodeIgniter.php(368): CodeIgniter\CodeIgniter->handleRequest(null, Object(Config\Cache), false)
 5 FCPATH\index.php(67): CodeIgniter\CodeIgniter->run()
INFO - 2026-05-11 09:52:01 --> Session: Class initialized using 'CodeIgniter\Session\Handlers\FileHandler' driver.
INFO - 2026-05-11 09:52:02 --> Session: Class initialized using 'CodeIgniter\Session\Handlers\FileHandler' driver.
INFO - 2026-05-11 09:52:06 --> Session: Class initialized using 'CodeIgniter\Session\Handlers\FileHandler' driver.
INFO - 2026-05-11 09:52:06 --> Session: Class initialized using 'CodeIgniter\Session\Handlers\FileHandler' driver.
INFO - 2026-05-11 09:52:07 --> Session: Class initialized using 'CodeIgniter\Session\Handlers\FileHandler' driver.
WARNING - 2026-05-11 09:52:07 --> [DEPRECATED] error_log(): Passing null to parameter #1 ($message) of type string is deprecated in APPPATH\Controllers\Admin.php on line 203.
 1 APPPATH\Controllers\Admin.php(203): error_log(null)
 2 SYSTEMPATH\CodeIgniter.php(934): App\Controllers\Admin->getRecentAnns()
 3 SYSTEMPATH\CodeIgniter.php(499): CodeIgniter\CodeIgniter->runController(Object(App\Controllers\Admin))
 4 SYSTEMPATH\CodeIgniter.php(368): CodeIgniter\CodeIgniter->handleRequest(null, Object(Config\Cache), false)
 5 FCPATH\index.php(67): CodeIgniter\CodeIgniter->run()
INFO - 2026-05-11 09:52:07 --> Session: Class initialized using 'CodeIgniter\Session\Handlers\FileHandler' driver.
WARNING - 2026-05-11 09:52:07 --> [DEPRECATED] error_log(): Passing null to parameter #1 ($message) of type string is deprecated in APPPATH\Controllers\Admin.php on line 170.
 1 APPPATH\Controllers\Admin.php(170): error_log(null)
 2 SYSTEMPATH\CodeIgniter.php(934): App\Controllers\Admin->getRecentNews()
 3 SYSTEMPATH\CodeIgniter.php(499): CodeIgniter\CodeIgniter->runController(Object(App\Controllers\Admin))
 4 SYSTEMPATH\CodeIgniter.php(368): CodeIgniter\CodeIgniter->handleRequest(null, Object(Config\Cache), false)
 5 FCPATH\index.php(67): CodeIgniter\CodeIgniter->run()
INFO - 2026-05-11 09:52:19 --> Session: Class initialized using 'CodeIgniter\Session\Handlers\FileHandler' driver.
INFO - 2026-05-11 09:52:20 --> Session: Class initialized using 'CodeIgniter\Session\Handlers\FileHandler' driver.
INFO - 2026-05-11 09:52:20 --> Session: Class initialized using 'CodeIgniter\Session\Handlers\FileHandler' driver.
ERROR - 2026-05-11 09:52:20 --> File not found: C:\xampp\htdocs\websitebinan\writable\uploads\BARANGAY\1752715158_d3acbc5c0caa1c3a086a.jpeg
INFO - 2026-05-11 09:52:20 --> Session: Class initialized using 'CodeIgniter\Session\Handlers\FileHandler' driver.
ERROR - 2026-05-11 09:52:20 --> File not found: C:\xampp\htdocs\websitebinan\writable\uploads\BARANGAY\1752223145_3397df7b7e61205e16c5.jpg
INFO - 2026-05-11 09:52:20 --> Session: Class initialized using 'CodeIgniter\Session\Handlers\FileHandler' driver.
ERROR - 2026-05-11 09:52:20 --> File not found: C:\xampp\htdocs\websitebinan\writable\uploads\BARANGAY\1752223126_16cfb9ea9b9c181f6195.jpg
INFO - 2026-05-11 09:52:20 --> Session: Class initialized using 'CodeIgniter\Session\Handlers\FileHandler' driver.
ERROR - 2026-05-11 09:52:20 --> File not found: C:\xampp\htdocs\websitebinan\writable\uploads\BARANGAY\1752223103_1e89ee650498b71e9ee9.jpeg
INFO - 2026-05-11 09:52:20 --> Session: Class initialized using 'CodeIgniter\Session\Handlers\FileHandler' driver.
ERROR - 2026-05-11 09:52:20 --> File not found: C:\xampp\htdocs\websitebinan\writable\uploads\BARANGAY\1752223064_78c0473132345bddc0a1.jpg
INFO - 2026-05-11 09:52:20 --> Session: Class initialized using 'CodeIgniter\Session\Handlers\FileHandler' driver.
ERROR - 2026-05-11 09:52:20 --> File not found: C:\xampp\htdocs\websitebinan\writable\uploads\BARANGAY\1752223046_38b0b88fae1de4d15b99.jpg
INFO - 2026-05-11 09:52:20 --> Session: Class initialized using 'CodeIgniter\Session\Handlers\FileHandler' driver.
ERROR - 2026-05-11 09:52:20 --> File not found: C:\xampp\htdocs\websitebinan\writable\uploads\BARANGAY\1752222830_39ee9f67f7cee022c4e2.jpeg
INFO - 2026-05-11 09:52:20 --> Session: Class initialized using 'CodeIgniter\Session\Handlers\FileHandler' driver.
ERROR - 2026-05-11 09:52:21 --> File not found: C:\xampp\htdocs\websitebinan\writable\uploads\BARANGAY\1752222889_4d2eb9569886b386328e.jpeg
INFO - 2026-05-11 09:52:21 --> Session: Class initialized using 'CodeIgniter\Session\Handlers\FileHandler' driver.
ERROR - 2026-05-11 09:52:21 --> File not found: C:\xampp\htdocs\websitebinan\writable\uploads\BARANGAY\1752222805_37f27b6aa7ddce3854d5.jpeg
INFO - 2026-05-11 09:52:21 --> Session: Class initialized using 'CodeIgniter\Session\Handlers\FileHandler' driver.
ERROR - 2026-05-11 09:52:21 --> File not found: C:\xampp\htdocs\websitebinan\writable\uploads\BARANGAY\1752223017_2a2ebd0ac84a0cbfa880.png
INFO - 2026-05-11 09:52:21 --> Session: Class initialized using 'CodeIgniter\Session\Handlers\FileHandler' driver.
ERROR - 2026-05-11 09:52:21 --> File not found: C:\xampp\htdocs\websitebinan\writable\uploads\BARANGAY\1752222785_dbfc4ddc47d31175d1be.jpeg
INFO - 2026-05-11 09:52:21 --> Session: Class initialized using 'CodeIgniter\Session\Handlers\FileHandler' driver.
ERROR - 2026-05-11 09:52:21 --> File not found: C:\xampp\htdocs\websitebinan\writable\uploads\BARANGAY\1752222763_ec27317e84727ca1817a.jpg
INFO - 2026-05-11 09:52:21 --> Session: Class initialized using 'CodeIgniter\Session\Handlers\FileHandler' driver.
ERROR - 2026-05-11 09:52:21 --> File not found: C:\xampp\htdocs\websitebinan\writable\uploads\BARANGAY\1752222741_949dbaeb7e01bde0c876.jpg
INFO - 2026-05-11 09:52:21 --> Session: Class initialized using 'CodeIgniter\Session\Handlers\FileHandler' driver.
ERROR - 2026-05-11 09:52:21 --> File not found: C:\xampp\htdocs\websitebinan\writable\uploads\BARANGAY\1752222724_1de09bf0b16394779b40.jpg
INFO - 2026-05-11 09:52:21 --> Session: Class initialized using 'CodeIgniter\Session\Handlers\FileHandler' driver.
ERROR - 2026-05-11 09:52:21 --> File not found: C:\xampp\htdocs\websitebinan\writable\uploads\BARANGAY\1752222707_0ba2dd7952c15f68a186.jpeg
INFO - 2026-05-11 09:52:21 --> Session: Class initialized using 'CodeIgniter\Session\Handlers\FileHandler' driver.
ERROR - 2026-05-11 09:52:21 --> File not found: C:\xampp\htdocs\websitebinan\writable\uploads\BARANGAY\1752222572_6b2fb2c1854403bc8511.jpg
INFO - 2026-05-11 09:52:21 --> Session: Class initialized using 'CodeIgniter\Session\Handlers\FileHandler' driver.
ERROR - 2026-05-11 09:52:21 --> File not found: C:\xampp\htdocs\websitebinan\writable\uploads\BARANGAY\1752222550_5bbc0c4fb3e3c86205ea.png
INFO - 2026-05-11 09:52:21 --> Session: Class initialized using 'CodeIgniter\Session\Handlers\FileHandler' driver.
ERROR - 2026-05-11 09:52:21 --> File not found: C:\xampp\htdocs\websitebinan\writable\uploads\BARANGAY\1752222533_05e23132359013c80a38.jpg
INFO - 2026-05-11 09:52:21 --> Session: Class initialized using 'CodeIgniter\Session\Handlers\FileHandler' driver.
ERROR - 2026-05-11 09:52:21 --> File not found: C:\xampp\htdocs\websitebinan\writable\uploads\BARANGAY\1752222512_75c6eaff053bd3cb859c.jpg
INFO - 2026-05-11 09:52:21 --> Session: Class initialized using 'CodeIgniter\Session\Handlers\FileHandler' driver.
ERROR - 2026-05-11 09:52:21 --> File not found: C:\xampp\htdocs\websitebinan\writable\uploads\BARANGAY\1752567430_49fa22e46ef0c6e2cb58.jpg
INFO - 2026-05-11 09:52:21 --> Session: Class initialized using 'CodeIgniter\Session\Handlers\FileHandler' driver.
ERROR - 2026-05-11 09:52:21 --> File not found: C:\xampp\htdocs\websitebinan\writable\uploads\BARANGAY\1752222417_0ca49565ccf27d5e3e81.jpg
INFO - 2026-05-11 09:52:21 --> Session: Class initialized using 'CodeIgniter\Session\Handlers\FileHandler' driver.
ERROR - 2026-05-11 09:52:21 --> File not found: C:\xampp\htdocs\websitebinan\writable\uploads\BARANGAY\1752222397_f551624cadfcf3db9549.jpeg
INFO - 2026-05-11 09:52:21 --> Session: Class initialized using 'CodeIgniter\Session\Handlers\FileHandler' driver.
ERROR - 2026-05-11 09:52:21 --> File not found: C:\xampp\htdocs\websitebinan\writable\uploads\BARANGAY\1752222373_b93b1511959937b56fb2.jpg
INFO - 2026-05-11 09:52:21 --> Session: Class initialized using 'CodeIgniter\Session\Handlers\FileHandler' driver.
ERROR - 2026-05-11 09:52:21 --> File not found: C:\xampp\htdocs\websitebinan\writable\uploads\BARANGAY\1753930518_891b3cb1e88fd902c6be.png
INFO - 2026-05-11 09:52:28 --> Session: Class initialized using 'CodeIgniter\Session\Handlers\FileHandler' driver.
INFO - 2026-05-11 09:52:28 --> Session: Class initialized using 'CodeIgniter\Session\Handlers\FileHandler' driver.
INFO - 2026-05-11 09:52:30 --> Session: Class initialized using 'CodeIgniter\Session\Handlers\FileHandler' driver.
INFO - 2026-05-11 09:52:31 --> Session: Class initialized using 'CodeIgniter\Session\Handlers\FileHandler' driver.
INFO - 2026-05-11 09:52:31 --> Session: Class initialized using 'CodeIgniter\Session\Handlers\FileHandler' driver.
ERROR - 2026-05-11 09:52:31 --> File not found: C:\xampp\htdocs\websitebinan\writable\uploads\ABOUT\1722577197_b544c55a9dac11b5c462.png
INFO - 2026-05-11 09:52:31 --> Session: Class initialized using 'CodeIgniter\Session\Handlers\FileHandler' driver.
ERROR - 2026-05-11 09:52:31 --> File not found: C:\xampp\htdocs\websitebinan\writable\uploads\ABOUT\1748478676_80af2d5fd9b33d3bd0dc.png
INFO - 2026-05-11 09:52:31 --> Session: Class initialized using 'CodeIgniter\Session\Handlers\FileHandler' driver.
ERROR - 2026-05-11 09:52:31 --> File not found: C:\xampp\htdocs\websitebinan\writable\uploads\ABOUT\1722563887_fbd05bba358d74f19118.jpg
INFO - 2026-05-11 09:52:31 --> Session: Class initialized using 'CodeIgniter\Session\Handlers\FileHandler' driver.
ERROR - 2026-05-11 09:52:31 --> File not found: C:\xampp\htdocs\websitebinan\writable\uploads\ABOUT\1722563794_34aed21fdb77504e305a.png
INFO - 2026-05-11 09:52:31 --> Session: Class initialized using 'CodeIgniter\Session\Handlers\FileHandler' driver.
ERROR - 2026-05-11 09:52:31 --> File not found: C:\xampp\htdocs\websitebinan\writable\uploads\ABOUT\1722563907_d67c507b7939d4ce3efd.jpg
INFO - 2026-05-11 09:52:31 --> Session: Class initialized using 'CodeIgniter\Session\Handlers\FileHandler' driver.
ERROR - 2026-05-11 09:52:31 --> File not found: C:\xampp\htdocs\websitebinan\writable\uploads\ABOUT\1722563925_54f03ce817d85fa00ca2.jpg
INFO - 2026-05-11 09:52:31 --> Session: Class initialized using 'CodeIgniter\Session\Handlers\FileHandler' driver.
ERROR - 2026-05-11 09:52:31 --> File not found: C:\xampp\htdocs\websitebinan\writable\uploads\ABOUT\1722563762_58dbf047f10d1d2cfc2c.png
INFO - 2026-05-11 09:52:31 --> Session: Class initialized using 'CodeIgniter\Session\Handlers\FileHandler' driver.
ERROR - 2026-05-11 09:52:31 --> File not found: C:\xampp\htdocs\websitebinan\writable\uploads\ABOUT\1722563728_f91efddb8e7ac4545906.png
INFO - 2026-05-11 09:52:32 --> Session: Class initialized using 'CodeIgniter\Session\Handlers\FileHandler' driver.
INFO - 2026-05-11 09:52:33 --> Session: Class initialized using 'CodeIgniter\Session\Handlers\FileHandler' driver.
INFO - 2026-05-11 09:52:33 --> Session: Class initialized using 'CodeIgniter\Session\Handlers\FileHandler' driver.
ERROR - 2026-05-11 09:52:33 --> File not found: C:\xampp\htdocs\websitebinan\writable\uploads\MAYOR\1752560720_0dff09b7b49027edfdc8.png
INFO - 2026-05-11 09:52:33 --> Session: Class initialized using 'CodeIgniter\Session\Handlers\FileHandler' driver.
ERROR - 2026-05-11 09:52:33 --> File not found: C:\xampp\htdocs\websitebinan\writable\uploads\MAYOR\1752539275_cc5d2e194bb2c24a824e.jpg
INFO - 2026-05-11 09:52:33 --> Session: Class initialized using 'CodeIgniter\Session\Handlers\FileHandler' driver.
ERROR - 2026-05-11 09:52:33 --> File not found: C:\xampp\htdocs\websitebinan\writable\uploads\MAYOR\1752539275_461564b96f4fa7ceb020.jpg
INFO - 2026-05-11 09:52:33 --> Session: Class initialized using 'CodeIgniter\Session\Handlers\FileHandler' driver.
ERROR - 2026-05-11 09:52:33 --> File not found: C:\xampp\htdocs\websitebinan\writable\uploads\MAYOR\1752736418_1ff67fd278268a7aaae6.png
INFO - 2026-05-11 09:52:33 --> Session: Class initialized using 'CodeIgniter\Session\Handlers\FileHandler' driver.
ERROR - 2026-05-11 09:52:33 --> File not found: C:\xampp\htdocs\websitebinan\writable\uploads\MAYOR\1752539275_f7c514e3b71ad925591b.jpg
INFO - 2026-05-11 09:52:33 --> Session: Class initialized using 'CodeIgniter\Session\Handlers\FileHandler' driver.
ERROR - 2026-05-11 09:52:33 --> File not found: C:\xampp\htdocs\websitebinan\writable\uploads\MAYOR\1752539275_ea1d0a840cec5bba9fd2.jpg
INFO - 2026-05-11 09:52:33 --> Session: Class initialized using 'CodeIgniter\Session\Handlers\FileHandler' driver.
ERROR - 2026-05-11 09:52:33 --> File not found: C:\xampp\htdocs\websitebinan\writable\uploads\MAYOR\1752539275_fa6c311f39c9c860e58d.jpg
INFO - 2026-05-11 09:52:35 --> Session: Class initialized using 'CodeIgniter\Session\Handlers\FileHandler' driver.
INFO - 2026-05-11 09:52:35 --> Session: Class initialized using 'CodeIgniter\Session\Handlers\FileHandler' driver.
INFO - 2026-05-11 09:52:36 --> Session: Class initialized using 'CodeIgniter\Session\Handlers\FileHandler' driver.
ERROR - 2026-05-11 09:52:36 --> File not found: C:\xampp\htdocs\websitebinan\writable\uploads\POSTCONTENT\1777448876_38d74746b997d39f9516.jpg
INFO - 2026-05-11 09:52:36 --> Session: Class initialized using 'CodeIgniter\Session\Handlers\FileHandler' driver.
ERROR - 2026-05-11 09:52:36 --> File not found: C:\xampp\htdocs\websitebinan\writable\uploads\POSTCONTENT\1752491708_2ee68cad8c2a4fcee755.jpg
INFO - 2026-05-11 09:52:36 --> Session: Class initialized using 'CodeIgniter\Session\Handlers\FileHandler' driver.
ERROR - 2026-05-11 09:52:36 --> File not found: C:\xampp\htdocs\websitebinan\writable\uploads\POSTCONTENT\1752491896_d4d17bc7bae7db6cdfbc.jpg
INFO - 2026-05-11 09:52:36 --> Session: Class initialized using 'CodeIgniter\Session\Handlers\FileHandler' driver.
ERROR - 2026-05-11 09:52:36 --> File not found: C:\xampp\htdocs\websitebinan\writable\uploads\POSTCONTENT\1752491553_1116c5425920ad29a5ef.jpg
INFO - 2026-05-11 09:52:36 --> Session: Class initialized using 'CodeIgniter\Session\Handlers\FileHandler' driver.
ERROR - 2026-05-11 09:52:36 --> File not found: C:\xampp\htdocs\websitebinan\writable\uploads\POSTCONTENT\1752491363_8033f5cc6a160faa4e39.jpg
INFO - 2026-05-11 09:52:36 --> Session: Class initialized using 'CodeIgniter\Session\Handlers\FileHandler' driver.
ERROR - 2026-05-11 09:52:36 --> File not found: C:\xampp\htdocs\websitebinan\writable\uploads\POSTCONTENT\1749458662_5e2738b875dbcdfb152a.jpg
INFO - 2026-05-11 09:52:36 --> Session: Class initialized using 'CodeIgniter\Session\Handlers\FileHandler' driver.
ERROR - 2026-05-11 09:52:36 --> File not found: C:\xampp\htdocs\websitebinan\writable\uploads\POSTCONTENT\1749103302_e4a3d36d571f864f0bbc.jpg
INFO - 2026-05-11 09:52:36 --> Session: Class initialized using 'CodeIgniter\Session\Handlers\FileHandler' driver.
ERROR - 2026-05-11 09:52:36 --> File not found: C:\xampp\htdocs\websitebinan\writable\uploads\POSTCONTENT\1749107636_44d9a126ab1d74a75ec5.jpg
INFO - 2026-05-11 09:52:36 --> Session: Class initialized using 'CodeIgniter\Session\Handlers\FileHandler' driver.
ERROR - 2026-05-11 09:52:36 --> File not found: C:\xampp\htdocs\websitebinan\writable\uploads\POSTCONTENT\1749107815_451ea82bd13fd8daaaf5.jpg
INFO - 2026-05-11 09:52:36 --> Session: Class initialized using 'CodeIgniter\Session\Handlers\FileHandler' driver.
ERROR - 2026-05-11 09:52:36 --> File not found: C:\xampp\htdocs\websitebinan\writable\uploads\POSTCONTENT\1747411497_cea8a53f64afbeefcbae.jpg
INFO - 2026-05-11 09:52:36 --> Session: Class initialized using 'CodeIgniter\Session\Handlers\FileHandler' driver.
ERROR - 2026-05-11 09:52:36 --> File not found: C:\xampp\htdocs\websitebinan\writable\uploads\POSTCONTENT\1722579567_4a3e4ea0c8331bc2fdb6.png
INFO - 2026-05-11 09:52:36 --> Session: Class initialized using 'CodeIgniter\Session\Handlers\FileHandler' driver.
ERROR - 2026-05-11 09:52:36 --> File not found: C:\xampp\htdocs\websitebinan\writable\uploads\POSTCONTENT\1721955128_5d76fdbca58bff6d5dc9.png
INFO - 2026-05-11 09:52:36 --> Session: Class initialized using 'CodeIgniter\Session\Handlers\FileHandler' driver.
ERROR - 2026-05-11 09:52:36 --> File not found: C:\xampp\htdocs\websitebinan\writable\uploads\POSTCONTENT\1721913938_82175b7a5e6b73f925ed.png
INFO - 2026-05-11 09:52:36 --> Session: Class initialized using 'CodeIgniter\Session\Handlers\FileHandler' driver.
ERROR - 2026-05-11 09:52:36 --> File not found: C:\xampp\htdocs\websitebinan\writable\uploads\POSTCONTENT\1720763939_cf51e8ed5c67487d9cf0.jpg
INFO - 2026-05-11 09:52:36 --> Session: Class initialized using 'CodeIgniter\Session\Handlers\FileHandler' driver.
ERROR - 2026-05-11 09:52:36 --> File not found: C:\xampp\htdocs\websitebinan\writable\uploads\POSTCONTENT\1720161861_89876e3080f71f3530d9.jpg
INFO - 2026-05-11 09:52:36 --> Session: Class initialized using 'CodeIgniter\Session\Handlers\FileHandler' driver.
ERROR - 2026-05-11 09:52:36 --> File not found: C:\xampp\htdocs\websitebinan\writable\uploads\POSTCONTENT\1720161770_63f9a885543e83732987.jpg
INFO - 2026-05-11 09:52:36 --> Session: Class initialized using 'CodeIgniter\Session\Handlers\FileHandler' driver.
ERROR - 2026-05-11 09:52:36 --> File not found: C:\xampp\htdocs\websitebinan\writable\uploads\POSTCONTENT\1720087135_ac9f05f68ecc2ca866ac.jpeg
INFO - 2026-05-11 09:52:36 --> Session: Class initialized using 'CodeIgniter\Session\Handlers\FileHandler' driver.
ERROR - 2026-05-11 09:52:36 --> File not found: C:\xampp\htdocs\websitebinan\writable\uploads\POSTCONTENT\1720087062_efe59c8828331f22a116.jpg
INFO - 2026-05-11 09:52:36 --> Session: Class initialized using 'CodeIgniter\Session\Handlers\FileHandler' driver.
ERROR - 2026-05-11 09:52:36 --> File not found: C:\xampp\htdocs\websitebinan\writable\uploads\POSTCONTENT\1720086681_6f24b94f33ed5e27c3c4.jpg
INFO - 2026-05-11 09:52:46 --> Session: Class initialized using 'CodeIgniter\Session\Handlers\FileHandler' driver.
INFO - 2026-05-11 09:52:46 --> Session: Class initialized using 'CodeIgniter\Session\Handlers\FileHandler' driver.
INFO - 2026-05-11 09:52:49 --> Session: Class initialized using 'CodeIgniter\Session\Handlers\FileHandler' driver.
INFO - 2026-05-11 09:52:49 --> Session: Class initialized using 'CodeIgniter\Session\Handlers\FileHandler' driver.
INFO - 2026-05-11 09:52:52 --> Session: Class initialized using 'CodeIgniter\Session\Handlers\FileHandler' driver.
INFO - 2026-05-11 09:52:53 --> Session: Class initialized using 'CodeIgniter\Session\Handlers\FileHandler' driver.
INFO - 2026-05-11 09:54:55 --> Session: Class initialized using 'CodeIgniter\Session\Handlers\FileHandler' driver.
INFO - 2026-05-11 09:54:59 --> Session: Class initialized using 'CodeIgniter\Session\Handlers\FileHandler' driver.
INFO - 2026-05-11 09:55:18 --> Session: Class initialized using 'CodeIgniter\Session\Handlers\FileHandler' driver.
INFO - 2026-05-11 09:55:19 --> Session: Class initialized using 'CodeIgniter\Session\Handlers\FileHandler' driver.
INFO - 2026-05-11 09:55:20 --> Session: Class initialized using 'CodeIgniter\Session\Handlers\FileHandler' driver.
INFO - 2026-05-11 09:55:21 --> Session: Class initialized using 'CodeIgniter\Session\Handlers\FileHandler' driver.
INFO - 2026-05-11 09:55:22 --> Session: Class initialized using 'CodeIgniter\Session\Handlers\FileHandler' driver.
INFO - 2026-05-11 09:55:23 --> Session: Class initialized using 'CodeIgniter\Session\Handlers\FileHandler' driver.
INFO - 2026-05-11 09:55:26 --> Session: Class initialized using 'CodeIgniter\Session\Handlers\FileHandler' driver.
INFO - 2026-05-11 09:55:26 --> Session: Class initialized using 'CodeIgniter\Session\Handlers\FileHandler' driver.
INFO - 2026-05-11 09:59:12 --> Session: Class initialized using 'CodeIgniter\Session\Handlers\FileHandler' driver.
INFO - 2026-05-11 09:59:13 --> Session: Class initialized using 'CodeIgniter\Session\Handlers\FileHandler' driver.
INFO - 2026-05-11 10:00:27 --> Session: Class initialized using 'CodeIgniter\Session\Handlers\FileHandler' driver.
INFO - 2026-05-11 10:00:28 --> Session: Class initialized using 'CodeIgniter\Session\Handlers\FileHandler' driver.
INFO - 2026-05-11 10:00:29 --> Session: Class initialized using 'CodeIgniter\Session\Handlers\FileHandler' driver.
INFO - 2026-05-11 10:00:30 --> Session: Class initialized using 'CodeIgniter\Session\Handlers\FileHandler' driver.
INFO - 2026-05-11 10:04:41 --> Session: Class initialized using 'CodeIgniter\Session\Handlers\FileHandler' driver.
INFO - 2026-05-11 10:04:42 --> Session: Class initialized using 'CodeIgniter\Session\Handlers\FileHandler' driver.
INFO - 2026-05-11 10:04:43 --> Session: Class initialized using 'CodeIgniter\Session\Handlers\FileHandler' driver.
INFO - 2026-05-11 10:04:43 --> Session: Class initialized using 'CodeIgniter\Session\Handlers\FileHandler' driver.
INFO - 2026-05-11 10:04:44 --> Session: Class initialized using 'CodeIgniter\Session\Handlers\FileHandler' driver.
INFO - 2026-05-11 10:04:44 --> Session: Class initialized using 'CodeIgniter\Session\Handlers\FileHandler' driver.
INFO - 2026-05-11 10:04:47 --> Session: Class initialized using 'CodeIgniter\Session\Handlers\FileHandler' driver.
INFO - 2026-05-11 10:04:48 --> Session: Class initialized using 'CodeIgniter\Session\Handlers\FileHandler' driver.
INFO - 2026-05-11 10:04:49 --> Session: Class initialized using 'CodeIgniter\Session\Handlers\FileHandler' driver.
INFO - 2026-05-11 10:04:49 --> Session: Class initialized using 'CodeIgniter\Session\Handlers\FileHandler' driver.
INFO - 2026-05-11 10:04:52 --> Session: Class initialized using 'CodeIgniter\Session\Handlers\FileHandler' driver.
INFO - 2026-05-11 10:04:53 --> Session: Class initialized using 'CodeIgniter\Session\Handlers\FileHandler' driver.
INFO - 2026-05-11 10:04:53 --> Session: Class initialized using 'CodeIgniter\Session\Handlers\FileHandler' driver.
INFO - 2026-05-11 10:04:54 --> Session: Class initialized using 'CodeIgniter\Session\Handlers\FileHandler' driver.
INFO - 2026-05-11 10:04:56 --> Session: Class initialized using 'CodeIgniter\Session\Handlers\FileHandler' driver.
INFO - 2026-05-11 10:04:57 --> Session: Class initialized using 'CodeIgniter\Session\Handlers\FileHandler' driver.
INFO - 2026-05-11 10:04:58 --> Session: Class initialized using 'CodeIgniter\Session\Handlers\FileHandler' driver.
INFO - 2026-05-11 10:04:58 --> Session: Class initialized using 'CodeIgniter\Session\Handlers\FileHandler' driver.
INFO - 2026-05-11 10:04:59 --> Session: Class initialized using 'CodeIgniter\Session\Handlers\FileHandler' driver.
INFO - 2026-05-11 10:04:59 --> Session: Class initialized using 'CodeIgniter\Session\Handlers\FileHandler' driver.
ERROR - 2026-05-11 10:04:59 --> File not found: C:\xampp\htdocs\websitebinan\writable\uploads\DEPT\1752493797_a17591d9450b08847544.jpg
INFO - 2026-05-11 10:04:59 --> Session: Class initialized using 'CodeIgniter\Session\Handlers\FileHandler' driver.
ERROR - 2026-05-11 10:04:59 --> File not found: C:\xampp\htdocs\websitebinan\writable\uploads\DEPT\1752493763_b4739bc9be0e7364cbb4.png
INFO - 2026-05-11 10:04:59 --> Session: Class initialized using 'CodeIgniter\Session\Handlers\FileHandler' driver.
ERROR - 2026-05-11 10:04:59 --> File not found: C:\xampp\htdocs\websitebinan\writable\uploads\DEPT\1752493664_521483aab78778549f9b.png
INFO - 2026-05-11 10:04:59 --> Session: Class initialized using 'CodeIgniter\Session\Handlers\FileHandler' driver.
ERROR - 2026-05-11 10:04:59 --> File not found: C:\xampp\htdocs\websitebinan\writable\uploads\DEPT\1752493697_2216f8246d7bc3cb6ed7.jpg
INFO - 2026-05-11 10:04:59 --> Session: Class initialized using 'CodeIgniter\Session\Handlers\FileHandler' driver.
ERROR - 2026-05-11 10:04:59 --> File not found: C:\xampp\htdocs\websitebinan\writable\uploads\DEPT\1752493628_80de4c38a77700df1c98.jpg
INFO - 2026-05-11 10:04:59 --> Session: Class initialized using 'CodeIgniter\Session\Handlers\FileHandler' driver.
ERROR - 2026-05-11 10:04:59 --> File not found: C:\xampp\htdocs\websitebinan\writable\uploads\DEPT\1752493596_f80b80acd47a60526ea1.jpg
INFO - 2026-05-11 10:04:59 --> Session: Class initialized using 'CodeIgniter\Session\Handlers\FileHandler' driver.
ERROR - 2026-05-11 10:04:59 --> File not found: C:\xampp\htdocs\websitebinan\writable\uploads\DEPT\1752493565_192d11daee811eb306d0.png
INFO - 2026-05-11 10:04:59 --> Session: Class initialized using 'CodeIgniter\Session\Handlers\FileHandler' driver.
ERROR - 2026-05-11 10:04:59 --> File not found: C:\xampp\htdocs\websitebinan\writable\uploads\DEPT\1752493485_d021d3661891ca43fa84.png
INFO - 2026-05-11 10:04:59 --> Session: Class initialized using 'CodeIgniter\Session\Handlers\FileHandler' driver.
ERROR - 2026-05-11 10:04:59 --> File not found: C:\xampp\htdocs\websitebinan\writable\uploads\DEPT\1752493454_03a1554c7ac16dddb3b3.jpg
INFO - 2026-05-11 10:04:59 --> Session: Class initialized using 'CodeIgniter\Session\Handlers\FileHandler' driver.
INFO - 2026-05-11 10:05:00 --> Session: Class initialized using 'CodeIgniter\Session\Handlers\FileHandler' driver.
ERROR - 2026-05-11 10:05:00 --> File not found: C:\xampp\htdocs\websitebinan\writable\uploads\BARANGAY\1752715158_d3acbc5c0caa1c3a086a.jpeg
INFO - 2026-05-11 10:05:00 --> Session: Class initialized using 'CodeIgniter\Session\Handlers\FileHandler' driver.
ERROR - 2026-05-11 10:05:00 --> File not found: C:\xampp\htdocs\websitebinan\writable\uploads\BARANGAY\1752223103_1e89ee650498b71e9ee9.jpeg
INFO - 2026-05-11 10:05:00 --> Session: Class initialized using 'CodeIgniter\Session\Handlers\FileHandler' driver.
ERROR - 2026-05-11 10:05:00 --> File not found: C:\xampp\htdocs\websitebinan\writable\uploads\BARANGAY\1752223126_16cfb9ea9b9c181f6195.jpg
INFO - 2026-05-11 10:05:00 --> Session: Class initialized using 'CodeIgniter\Session\Handlers\FileHandler' driver.
ERROR - 2026-05-11 10:05:00 --> File not found: C:\xampp\htdocs\websitebinan\writable\uploads\BARANGAY\1752223046_38b0b88fae1de4d15b99.jpg
INFO - 2026-05-11 10:05:00 --> Session: Class initialized using 'CodeIgniter\Session\Handlers\FileHandler' driver.
ERROR - 2026-05-11 10:05:00 --> File not found: C:\xampp\htdocs\websitebinan\writable\uploads\BARANGAY\1752223064_78c0473132345bddc0a1.jpg
INFO - 2026-05-11 10:05:00 --> Session: Class initialized using 'CodeIgniter\Session\Handlers\FileHandler' driver.
ERROR - 2026-05-11 10:05:00 --> File not found: C:\xampp\htdocs\websitebinan\writable\uploads\BARANGAY\1752223145_3397df7b7e61205e16c5.jpg
INFO - 2026-05-11 10:05:00 --> Session: Class initialized using 'CodeIgniter\Session\Handlers\FileHandler' driver.
ERROR - 2026-05-11 10:05:00 --> File not found: C:\xampp\htdocs\websitebinan\writable\uploads\BARANGAY\1752223017_2a2ebd0ac84a0cbfa880.png
INFO - 2026-05-11 10:05:00 --> Session: Class initialized using 'CodeIgniter\Session\Handlers\FileHandler' driver.
INFO - 2026-05-11 10:05:00 --> Session: Class initialized using 'CodeIgniter\Session\Handlers\FileHandler' driver.
ERROR - 2026-05-11 10:05:00 --> File not found: C:\xampp\htdocs\websitebinan\writable\uploads\BARANGAY\1752222889_4d2eb9569886b386328e.jpeg
INFO - 2026-05-11 10:05:00 --> Session: Class initialized using 'CodeIgniter\Session\Handlers\FileHandler' driver.
ERROR - 2026-05-11 10:05:00 --> File not found: C:\xampp\htdocs\websitebinan\writable\uploads\BARANGAY\1752222830_39ee9f67f7cee022c4e2.jpeg
INFO - 2026-05-11 10:05:00 --> Session: Class initialized using 'CodeIgniter\Session\Handlers\FileHandler' driver.
ERROR - 2026-05-11 10:05:00 --> File not found: C:\xampp\htdocs\websitebinan\writable\uploads\BARANGAY\1752222805_37f27b6aa7ddce3854d5.jpeg
INFO - 2026-05-11 10:05:00 --> Session: Class initialized using 'CodeIgniter\Session\Handlers\FileHandler' driver.
ERROR - 2026-05-11 10:05:00 --> File not found: C:\xampp\htdocs\websitebinan\writable\uploads\BARANGAY\1752222785_dbfc4ddc47d31175d1be.jpeg
INFO - 2026-05-11 10:05:00 --> Session: Class initialized using 'CodeIgniter\Session\Handlers\FileHandler' driver.
ERROR - 2026-05-11 10:05:00 --> File not found: C:\xampp\htdocs\websitebinan\writable\uploads\BARANGAY\1752222763_ec27317e84727ca1817a.jpg
INFO - 2026-05-11 10:05:00 --> Session: Class initialized using 'CodeIgniter\Session\Handlers\FileHandler' driver.
ERROR - 2026-05-11 10:05:00 --> File not found: C:\xampp\htdocs\websitebinan\writable\uploads\BARANGAY\1752222741_949dbaeb7e01bde0c876.jpg
INFO - 2026-05-11 10:05:01 --> Session: Class initialized using 'CodeIgniter\Session\Handlers\FileHandler' driver.
INFO - 2026-05-11 10:05:03 --> Session: Class initialized using 'CodeIgniter\Session\Handlers\FileHandler' driver.
INFO - 2026-05-11 10:05:04 --> Session: Class initialized using 'CodeIgniter\Session\Handlers\FileHandler' driver.
INFO - 2026-05-11 10:05:04 --> Session: Class initialized using 'CodeIgniter\Session\Handlers\FileHandler' driver.
ERROR - 2026-05-11 10:05:04 --> File not found: C:\xampp\htdocs\websitebinan\writable\uploads\ABOUT\1722577197_b544c55a9dac11b5c462.png
INFO - 2026-05-11 10:05:04 --> Session: Class initialized using 'CodeIgniter\Session\Handlers\FileHandler' driver.
ERROR - 2026-05-11 10:05:04 --> File not found: C:\xampp\htdocs\websitebinan\writable\uploads\ABOUT\1722563907_d67c507b7939d4ce3efd.jpg
INFO - 2026-05-11 10:05:04 --> Session: Class initialized using 'CodeIgniter\Session\Handlers\FileHandler' driver.
ERROR - 2026-05-11 10:05:04 --> File not found: C:\xampp\htdocs\websitebinan\writable\uploads\ABOUT\1722563794_34aed21fdb77504e305a.png
INFO - 2026-05-11 10:05:04 --> Session: Class initialized using 'CodeIgniter\Session\Handlers\FileHandler' driver.
ERROR - 2026-05-11 10:05:04 --> File not found: C:\xampp\htdocs\websitebinan\writable\uploads\ABOUT\1722563925_54f03ce817d85fa00ca2.jpg
INFO - 2026-05-11 10:05:04 --> Session: Class initialized using 'CodeIgniter\Session\Handlers\FileHandler' driver.
ERROR - 2026-05-11 10:05:04 --> File not found: C:\xampp\htdocs\websitebinan\writable\uploads\ABOUT\1722563887_fbd05bba358d74f19118.jpg
INFO - 2026-05-11 10:05:04 --> Session: Class initialized using 'CodeIgniter\Session\Handlers\FileHandler' driver.
ERROR - 2026-05-11 10:05:04 --> File not found: C:\xampp\htdocs\websitebinan\writable\uploads\ABOUT\1748478676_80af2d5fd9b33d3bd0dc.png
INFO - 2026-05-11 10:05:04 --> Session: Class initialized using 'CodeIgniter\Session\Handlers\FileHandler' driver.
ERROR - 2026-05-11 10:05:04 --> File not found: C:\xampp\htdocs\websitebinan\writable\uploads\ABOUT\1722563762_58dbf047f10d1d2cfc2c.png
INFO - 2026-05-11 10:05:04 --> Session: Class initialized using 'CodeIgniter\Session\Handlers\FileHandler' driver.
ERROR - 2026-05-11 10:05:04 --> File not found: C:\xampp\htdocs\websitebinan\writable\uploads\ABOUT\1722563728_f91efddb8e7ac4545906.png
INFO - 2026-05-11 10:05:47 --> Session: Class initialized using 'CodeIgniter\Session\Handlers\FileHandler' driver.
INFO - 2026-05-11 10:05:48 --> Session: Class initialized using 'CodeIgniter\Session\Handlers\FileHandler' driver.
INFO - 2026-05-11 10:05:48 --> Session: Class initialized using 'CodeIgniter\Session\Handlers\FileHandler' driver.
ERROR - 2026-05-11 10:05:48 --> File not found: C:\xampp\htdocs\websitebinan\writable\uploads\MAYOR\1752560720_0dff09b7b49027edfdc8.png
INFO - 2026-05-11 10:05:48 --> Session: Class initialized using 'CodeIgniter\Session\Handlers\FileHandler' driver.
ERROR - 2026-05-11 10:05:48 --> File not found: C:\xampp\htdocs\websitebinan\writable\uploads\MAYOR\1752539275_f7c514e3b71ad925591b.jpg
INFO - 2026-05-11 10:05:48 --> Session: Class initialized using 'CodeIgniter\Session\Handlers\FileHandler' driver.
ERROR - 2026-05-11 10:05:48 --> File not found: C:\xampp\htdocs\websitebinan\writable\uploads\MAYOR\1752539275_cc5d2e194bb2c24a824e.jpg
INFO - 2026-05-11 10:05:48 --> Session: Class initialized using 'CodeIgniter\Session\Handlers\FileHandler' driver.
ERROR - 2026-05-11 10:05:48 --> File not found: C:\xampp\htdocs\websitebinan\writable\uploads\MAYOR\1752539275_ea1d0a840cec5bba9fd2.jpg
INFO - 2026-05-11 10:05:48 --> Session: Class initialized using 'CodeIgniter\Session\Handlers\FileHandler' driver.
ERROR - 2026-05-11 10:05:49 --> File not found: C:\xampp\htdocs\websitebinan\writable\uploads\MAYOR\1752539275_461564b96f4fa7ceb020.jpg
INFO - 2026-05-11 10:05:49 --> Session: Class initialized using 'CodeIgniter\Session\Handlers\FileHandler' driver.
ERROR - 2026-05-11 10:05:49 --> File not found: C:\xampp\htdocs\websitebinan\writable\uploads\MAYOR\1752736418_1ff67fd278268a7aaae6.png
INFO - 2026-05-11 10:05:49 --> Session: Class initialized using 'CodeIgniter\Session\Handlers\FileHandler' driver.
ERROR - 2026-05-11 10:05:49 --> File not found: C:\xampp\htdocs\websitebinan\writable\uploads\MAYOR\1752539275_fa6c311f39c9c860e58d.jpg
INFO - 2026-05-11 10:05:49 --> Session: Class initialized using 'CodeIgniter\Session\Handlers\FileHandler' driver.
INFO - 2026-05-11 10:05:49 --> Session: Class initialized using 'CodeIgniter\Session\Handlers\FileHandler' driver.
INFO - 2026-05-11 10:05:50 --> Session: Class initialized using 'CodeIgniter\Session\Handlers\FileHandler' driver.
ERROR - 2026-05-11 10:05:50 --> File not found: C:\xampp\htdocs\websitebinan\writable\uploads\POSTCONTENT\1777448876_38d74746b997d39f9516.jpg
INFO - 2026-05-11 10:05:50 --> Session: Class initialized using 'CodeIgniter\Session\Handlers\FileHandler' driver.
ERROR - 2026-05-11 10:05:50 --> File not found: C:\xampp\htdocs\websitebinan\writable\uploads\POSTCONTENT\1752491896_d4d17bc7bae7db6cdfbc.jpg
INFO - 2026-05-11 10:05:50 --> Session: Class initialized using 'CodeIgniter\Session\Handlers\FileHandler' driver.
ERROR - 2026-05-11 10:05:50 --> File not found: C:\xampp\htdocs\websitebinan\writable\uploads\POSTCONTENT\1752491553_1116c5425920ad29a5ef.jpg
INFO - 2026-05-11 10:05:50 --> Session: Class initialized using 'CodeIgniter\Session\Handlers\FileHandler' driver.
ERROR - 2026-05-11 10:05:50 --> File not found: C:\xampp\htdocs\websitebinan\writable\uploads\POSTCONTENT\1752491708_2ee68cad8c2a4fcee755.jpg
INFO - 2026-05-11 10:05:50 --> Session: Class initialized using 'CodeIgniter\Session\Handlers\FileHandler' driver.
ERROR - 2026-05-11 10:05:50 --> File not found: C:\xampp\htdocs\websitebinan\writable\uploads\POSTCONTENT\1752491363_8033f5cc6a160faa4e39.jpg
INFO - 2026-05-11 10:05:50 --> Session: Class initialized using 'CodeIgniter\Session\Handlers\FileHandler' driver.
ERROR - 2026-05-11 10:05:50 --> File not found: C:\xampp\htdocs\websitebinan\writable\uploads\POSTCONTENT\1749458662_5e2738b875dbcdfb152a.jpg
INFO - 2026-05-11 10:05:50 --> Session: Class initialized using 'CodeIgniter\Session\Handlers\FileHandler' driver.
ERROR - 2026-05-11 10:05:50 --> File not found: C:\xampp\htdocs\websitebinan\writable\uploads\POSTCONTENT\1749103302_e4a3d36d571f864f0bbc.jpg
INFO - 2026-05-11 10:05:50 --> Session: Class initialized using 'CodeIgniter\Session\Handlers\FileHandler' driver.
ERROR - 2026-05-11 10:05:50 --> File not found: C:\xampp\htdocs\websitebinan\writable\uploads\POSTCONTENT\1749107815_451ea82bd13fd8daaaf5.jpg
INFO - 2026-05-11 10:05:50 --> Session: Class initialized using 'CodeIgniter\Session\Handlers\FileHandler' driver.
ERROR - 2026-05-11 10:05:50 --> File not found: C:\xampp\htdocs\websitebinan\writable\uploads\POSTCONTENT\1749107636_44d9a126ab1d74a75ec5.jpg
INFO - 2026-05-11 10:05:50 --> Session: Class initialized using 'CodeIgniter\Session\Handlers\FileHandler' driver.
ERROR - 2026-05-11 10:05:50 --> File not found: C:\xampp\htdocs\websitebinan\writable\uploads\POSTCONTENT\1747411497_cea8a53f64afbeefcbae.jpg
INFO - 2026-05-11 10:05:50 --> Session: Class initialized using 'CodeIgniter\Session\Handlers\FileHandler' driver.
ERROR - 2026-05-11 10:05:50 --> File not found: C:\xampp\htdocs\websitebinan\writable\uploads\POSTCONTENT\1722579567_4a3e4ea0c8331bc2fdb6.png
INFO - 2026-05-11 10:05:50 --> Session: Class initialized using 'CodeIgniter\Session\Handlers\FileHandler' driver.
ERROR - 2026-05-11 10:05:50 --> File not found: C:\xampp\htdocs\websitebinan\writable\uploads\POSTCONTENT\1721955128_5d76fdbca58bff6d5dc9.png
INFO - 2026-05-11 10:05:50 --> Session: Class initialized using 'CodeIgniter\Session\Handlers\FileHandler' driver.
ERROR - 2026-05-11 10:05:50 --> File not found: C:\xampp\htdocs\websitebinan\writable\uploads\POSTCONTENT\1721913938_82175b7a5e6b73f925ed.png
INFO - 2026-05-11 10:05:50 --> Session: Class initialized using 'CodeIgniter\Session\Handlers\FileHandler' driver.
ERROR - 2026-05-11 10:05:50 --> File not found: C:\xampp\htdocs\websitebinan\writable\uploads\POSTCONTENT\1720763939_cf51e8ed5c67487d9cf0.jpg
INFO - 2026-05-11 10:05:50 --> Session: Class initialized using 'CodeIgniter\Session\Handlers\FileHandler' driver.
ERROR - 2026-05-11 10:05:50 --> File not found: C:\xampp\htdocs\websitebinan\writable\uploads\POSTCONTENT\1720161861_89876e3080f71f3530d9.jpg
INFO - 2026-05-11 10:05:50 --> Session: Class initialized using 'CodeIgniter\Session\Handlers\FileHandler' driver.
ERROR - 2026-05-11 10:05:50 --> File not found: C:\xampp\htdocs\websitebinan\writable\uploads\POSTCONTENT\1720161770_63f9a885543e83732987.jpg
INFO - 2026-05-11 10:05:50 --> Session: Class initialized using 'CodeIgniter\Session\Handlers\FileHandler' driver.
ERROR - 2026-05-11 10:05:50 --> File not found: C:\xampp\htdocs\websitebinan\writable\uploads\POSTCONTENT\1720087135_ac9f05f68ecc2ca866ac.jpeg
INFO - 2026-05-11 10:05:50 --> Session: Class initialized using 'CodeIgniter\Session\Handlers\FileHandler' driver.
ERROR - 2026-05-11 10:05:50 --> File not found: C:\xampp\htdocs\websitebinan\writable\uploads\POSTCONTENT\1720087062_efe59c8828331f22a116.jpg
INFO - 2026-05-11 10:05:50 --> Session: Class initialized using 'CodeIgniter\Session\Handlers\FileHandler' driver.
ERROR - 2026-05-11 10:05:50 --> File not found: C:\xampp\htdocs\websitebinan\writable\uploads\POSTCONTENT\1720086681_6f24b94f33ed5e27c3c4.jpg
INFO - 2026-05-11 10:05:51 --> Session: Class initialized using 'CodeIgniter\Session\Handlers\FileHandler' driver.
INFO - 2026-05-11 10:05:51 --> Session: Class initialized using 'CodeIgniter\Session\Handlers\FileHandler' driver.
INFO - 2026-05-11 10:05:52 --> Session: Class initialized using 'CodeIgniter\Session\Handlers\FileHandler' driver.
INFO - 2026-05-11 10:05:52 --> Session: Class initialized using 'CodeIgniter\Session\Handlers\FileHandler' driver.
INFO - 2026-05-11 10:05:53 --> Session: Class initialized using 'CodeIgniter\Session\Handlers\FileHandler' driver.
INFO - 2026-05-11 10:05:53 --> Session: Class initialized using 'CodeIgniter\Session\Handlers\FileHandler' driver.
ERROR - 2026-05-11 10:05:53 --> File not found: C:\xampp\htdocs\websitebinan\writable\uploads\BARANGAY\1752715158_d3acbc5c0caa1c3a086a.jpeg
INFO - 2026-05-11 10:05:53 --> Session: Class initialized using 'CodeIgniter\Session\Handlers\FileHandler' driver.
ERROR - 2026-05-11 10:05:53 --> File not found: C:\xampp\htdocs\websitebinan\writable\uploads\BARANGAY\1752223126_16cfb9ea9b9c181f6195.jpg
INFO - 2026-05-11 10:05:53 --> Session: Class initialized using 'CodeIgniter\Session\Handlers\FileHandler' driver.
ERROR - 2026-05-11 10:05:53 --> File not found: C:\xampp\htdocs\websitebinan\writable\uploads\BARANGAY\1752223145_3397df7b7e61205e16c5.jpg
INFO - 2026-05-11 10:05:53 --> Session: Class initialized using 'CodeIgniter\Session\Handlers\FileHandler' driver.
ERROR - 2026-05-11 10:05:53 --> File not found: C:\xampp\htdocs\websitebinan\writable\uploads\BARANGAY\1752223103_1e89ee650498b71e9ee9.jpeg
INFO - 2026-05-11 10:05:53 --> Session: Class initialized using 'CodeIgniter\Session\Handlers\FileHandler' driver.
ERROR - 2026-05-11 10:05:53 --> File not found: C:\xampp\htdocs\websitebinan\writable\uploads\BARANGAY\1752223064_78c0473132345bddc0a1.jpg
INFO - 2026-05-11 10:05:53 --> Session: Class initialized using 'CodeIgniter\Session\Handlers\FileHandler' driver.
ERROR - 2026-05-11 10:05:53 --> File not found: C:\xampp\htdocs\websitebinan\writable\uploads\BARANGAY\1752223046_38b0b88fae1de4d15b99.jpg
INFO - 2026-05-11 10:05:53 --> Session: Class initialized using 'CodeIgniter\Session\Handlers\FileHandler' driver.
ERROR - 2026-05-11 10:05:53 --> File not found: C:\xampp\htdocs\websitebinan\writable\uploads\BARANGAY\1752223017_2a2ebd0ac84a0cbfa880.png
INFO - 2026-05-11 10:05:53 --> Session: Class initialized using 'CodeIgniter\Session\Handlers\FileHandler' driver.
ERROR - 2026-05-11 10:05:53 --> File not found: C:\xampp\htdocs\websitebinan\writable\uploads\BARANGAY\1752222889_4d2eb9569886b386328e.jpeg
INFO - 2026-05-11 10:05:53 --> Session: Class initialized using 'CodeIgniter\Session\Handlers\FileHandler' driver.
ERROR - 2026-05-11 10:05:53 --> File not found: C:\xampp\htdocs\websitebinan\writable\uploads\BARANGAY\1752222830_39ee9f67f7cee022c4e2.jpeg
INFO - 2026-05-11 10:05:53 --> Session: Class initialized using 'CodeIgniter\Session\Handlers\FileHandler' driver.
ERROR - 2026-05-11 10:05:53 --> File not found: C:\xampp\htdocs\websitebinan\writable\uploads\BARANGAY\1752222805_37f27b6aa7ddce3854d5.jpeg
INFO - 2026-05-11 10:05:53 --> Session: Class initialized using 'CodeIgniter\Session\Handlers\FileHandler' driver.
ERROR - 2026-05-11 10:05:54 --> File not found: C:\xampp\htdocs\websitebinan\writable\uploads\BARANGAY\1752222785_dbfc4ddc47d31175d1be.jpeg
INFO - 2026-05-11 10:05:54 --> Session: Class initialized using 'CodeIgniter\Session\Handlers\FileHandler' driver.
ERROR - 2026-05-11 10:05:54 --> File not found: C:\xampp\htdocs\websitebinan\writable\uploads\BARANGAY\1752222763_ec27317e84727ca1817a.jpg
INFO - 2026-05-11 10:05:54 --> Session: Class initialized using 'CodeIgniter\Session\Handlers\FileHandler' driver.
ERROR - 2026-05-11 10:05:54 --> File not found: C:\xampp\htdocs\websitebinan\writable\uploads\BARANGAY\1752222741_949dbaeb7e01bde0c876.jpg
INFO - 2026-05-11 10:05:54 --> Session: Class initialized using 'CodeIgniter\Session\Handlers\FileHandler' driver.
ERROR - 2026-05-11 10:05:54 --> File not found: C:\xampp\htdocs\websitebinan\writable\uploads\BARANGAY\1752222724_1de09bf0b16394779b40.jpg
INFO - 2026-05-11 10:05:54 --> Session: Class initialized using 'CodeIgniter\Session\Handlers\FileHandler' driver.
ERROR - 2026-05-11 10:05:54 --> File not found: C:\xampp\htdocs\websitebinan\writable\uploads\BARANGAY\1752222707_0ba2dd7952c15f68a186.jpeg
INFO - 2026-05-11 10:05:54 --> Session: Class initialized using 'CodeIgniter\Session\Handlers\FileHandler' driver.
INFO - 2026-05-11 10:05:54 --> Session: Class initialized using 'CodeIgniter\Session\Handlers\FileHandler' driver.
ERROR - 2026-05-11 10:05:54 --> File not found: C:\xampp\htdocs\websitebinan\writable\uploads\BARANGAY\1752222572_6b2fb2c1854403bc8511.jpg
INFO - 2026-05-11 10:05:54 --> Session: Class initialized using 'CodeIgniter\Session\Handlers\FileHandler' driver.
ERROR - 2026-05-11 10:05:54 --> File not found: C:\xampp\htdocs\websitebinan\writable\uploads\BARANGAY\1752222550_5bbc0c4fb3e3c86205ea.png
INFO - 2026-05-11 10:05:54 --> Session: Class initialized using 'CodeIgniter\Session\Handlers\FileHandler' driver.
ERROR - 2026-05-11 10:05:54 --> File not found: C:\xampp\htdocs\websitebinan\writable\uploads\BARANGAY\1752222533_05e23132359013c80a38.jpg
INFO - 2026-05-11 10:05:54 --> Session: Class initialized using 'CodeIgniter\Session\Handlers\FileHandler' driver.
ERROR - 2026-05-11 10:05:54 --> File not found: C:\xampp\htdocs\websitebinan\writable\uploads\BARANGAY\1752222512_75c6eaff053bd3cb859c.jpg
INFO - 2026-05-11 10:05:54 --> Session: Class initialized using 'CodeIgniter\Session\Handlers\FileHandler' driver.
ERROR - 2026-05-11 10:05:54 --> File not found: C:\xampp\htdocs\websitebinan\writable\uploads\BARANGAY\1752567430_49fa22e46ef0c6e2cb58.jpg
INFO - 2026-05-11 10:05:54 --> Session: Class initialized using 'CodeIgniter\Session\Handlers\FileHandler' driver.
ERROR - 2026-05-11 10:05:54 --> File not found: C:\xampp\htdocs\websitebinan\writable\uploads\BARANGAY\1752222417_0ca49565ccf27d5e3e81.jpg
INFO - 2026-05-11 10:05:54 --> Session: Class initialized using 'CodeIgniter\Session\Handlers\FileHandler' driver.
INFO - 2026-05-11 10:05:55 --> Session: Class initialized using 'CodeIgniter\Session\Handlers\FileHandler' driver.
ERROR - 2026-05-11 10:05:55 --> File not found: C:\xampp\htdocs\websitebinan\writable\uploads\DEPT\1752493797_a17591d9450b08847544.jpg
INFO - 2026-05-11 10:05:55 --> Session: Class initialized using 'CodeIgniter\Session\Handlers\FileHandler' driver.
ERROR - 2026-05-11 10:05:55 --> File not found: C:\xampp\htdocs\websitebinan\writable\uploads\DEPT\1752493664_521483aab78778549f9b.png
INFO - 2026-05-11 10:05:55 --> Session: Class initialized using 'CodeIgniter\Session\Handlers\FileHandler' driver.
ERROR - 2026-05-11 10:05:55 --> File not found: C:\xampp\htdocs\websitebinan\writable\uploads\DEPT\1752493763_b4739bc9be0e7364cbb4.png
INFO - 2026-05-11 10:05:55 --> Session: Class initialized using 'CodeIgniter\Session\Handlers\FileHandler' driver.
ERROR - 2026-05-11 10:05:55 --> File not found: C:\xampp\htdocs\websitebinan\writable\uploads\DEPT\1752493697_2216f8246d7bc3cb6ed7.jpg
INFO - 2026-05-11 10:05:55 --> Session: Class initialized using 'CodeIgniter\Session\Handlers\FileHandler' driver.
ERROR - 2026-05-11 10:05:55 --> File not found: C:\xampp\htdocs\websitebinan\writable\uploads\DEPT\1752493628_80de4c38a77700df1c98.jpg
INFO - 2026-05-11 10:05:55 --> Session: Class initialized using 'CodeIgniter\Session\Handlers\FileHandler' driver.
ERROR - 2026-05-11 10:05:55 --> File not found: C:\xampp\htdocs\websitebinan\writable\uploads\DEPT\1752493596_f80b80acd47a60526ea1.jpg
INFO - 2026-05-11 10:05:55 --> Session: Class initialized using 'CodeIgniter\Session\Handlers\FileHandler' driver.
ERROR - 2026-05-11 10:05:55 --> File not found: C:\xampp\htdocs\websitebinan\writable\uploads\DEPT\1752493565_192d11daee811eb306d0.png
INFO - 2026-05-11 10:05:55 --> Session: Class initialized using 'CodeIgniter\Session\Handlers\FileHandler' driver.
ERROR - 2026-05-11 10:05:55 --> File not found: C:\xampp\htdocs\websitebinan\writable\uploads\DEPT\1746694580_df3c9e2021446c1996d7.png
INFO - 2026-05-11 10:05:55 --> Session: Class initialized using 'CodeIgniter\Session\Handlers\FileHandler' driver.
ERROR - 2026-05-11 10:05:55 --> File not found: C:\xampp\htdocs\websitebinan\writable\uploads\DEPT\1752493485_d021d3661891ca43fa84.png
INFO - 2026-05-11 10:05:55 --> Session: Class initialized using 'CodeIgniter\Session\Handlers\FileHandler' driver.
ERROR - 2026-05-11 10:05:55 --> File not found: C:\xampp\htdocs\websitebinan\writable\uploads\DEPT\1752493454_03a1554c7ac16dddb3b3.jpg
INFO - 2026-05-11 10:05:55 --> Session: Class initialized using 'CodeIgniter\Session\Handlers\FileHandler' driver.
ERROR - 2026-05-11 10:05:55 --> File not found: C:\xampp\htdocs\websitebinan\writable\uploads\DEPT\1752493414_0ab99f8fb99cc2f07b32.jpg
INFO - 2026-05-11 10:05:55 --> Session: Class initialized using 'CodeIgniter\Session\Handlers\FileHandler' driver.
ERROR - 2026-05-11 10:05:55 --> File not found: C:\xampp\htdocs\websitebinan\writable\uploads\DEPT\1746694473_074eb3d7f000b3f9aec2.png
INFO - 2026-05-11 10:05:55 --> Session: Class initialized using 'CodeIgniter\Session\Handlers\FileHandler' driver.
INFO - 2026-05-11 10:05:55 --> Session: Class initialized using 'CodeIgniter\Session\Handlers\FileHandler' driver.
ERROR - 2026-05-11 10:05:55 --> File not found: C:\xampp\htdocs\websitebinan\writable\uploads\DEPT\1746694453_441d660a1ecc67941dd2.png
INFO - 2026-05-11 10:05:55 --> Session: Class initialized using 'CodeIgniter\Session\Handlers\FileHandler' driver.
ERROR - 2026-05-11 10:05:55 --> File not found: C:\xampp\htdocs\websitebinan\writable\uploads\DEPT\1752493328_5e9892869eb5e34b7cd4.jpg
INFO - 2026-05-11 10:05:55 --> Session: Class initialized using 'CodeIgniter\Session\Handlers\FileHandler' driver.
ERROR - 2026-05-11 10:05:55 --> File not found: C:\xampp\htdocs\websitebinan\writable\uploads\DEPT\1746694371_50dc21d5d8efb1979322.png
INFO - 2026-05-11 10:05:55 --> Session: Class initialized using 'CodeIgniter\Session\Handlers\FileHandler' driver.
ERROR - 2026-05-11 10:05:55 --> File not found: C:\xampp\htdocs\websitebinan\writable\uploads\DEPT\1746751862_221f8b213cd14210fc29.png
INFO - 2026-05-11 10:05:55 --> Session: Class initialized using 'CodeIgniter\Session\Handlers\FileHandler' driver.
ERROR - 2026-05-11 10:05:55 --> File not found: C:\xampp\htdocs\websitebinan\writable\uploads\DEPT\1746694308_f19713915d3d95fb3bd8.png
INFO - 2026-05-11 10:05:55 --> Session: Class initialized using 'CodeIgniter\Session\Handlers\FileHandler' driver.
ERROR - 2026-05-11 10:05:56 --> File not found: C:\xampp\htdocs\websitebinan\writable\uploads\DEPT\1752493234_5b776d067998c3b32df7.jpg
INFO - 2026-05-11 10:05:56 --> Session: Class initialized using 'CodeIgniter\Session\Handlers\FileHandler' driver.
ERROR - 2026-05-11 10:05:56 --> File not found: C:\xampp\htdocs\websitebinan\writable\uploads\DEPT\1752493184_d6ef7e644e8bd0947fc8.jpg
INFO - 2026-05-11 10:05:56 --> Session: Class initialized using 'CodeIgniter\Session\Handlers\FileHandler' driver.
INFO - 2026-05-11 10:05:56 --> Session: Class initialized using 'CodeIgniter\Session\Handlers\FileHandler' driver.
ERROR - 2026-05-11 10:05:56 --> File not found: C:\xampp\htdocs\websitebinan\writable\uploads\CITYOFFICIAL\1753922986_227ce8d1fc7ea674144d.jpg
INFO - 2026-05-11 10:05:56 --> Session: Class initialized using 'CodeIgniter\Session\Handlers\FileHandler' driver.
ERROR - 2026-05-11 10:05:56 --> File not found: C:\xampp\htdocs\websitebinan\writable\uploads\CITYOFFICIAL\1753083853_93342f658f89fef63002.jpg
INFO - 2026-05-11 10:05:56 --> Session: Class initialized using 'CodeIgniter\Session\Handlers\FileHandler' driver.
ERROR - 2026-05-11 10:05:56 --> File not found: C:\xampp\htdocs\websitebinan\writable\uploads\CITYOFFICIAL\1753083832_24114289cdde9c5b51b5.jpg
INFO - 2026-05-11 10:05:56 --> Session: Class initialized using 'CodeIgniter\Session\Handlers\FileHandler' driver.
ERROR - 2026-05-11 10:05:56 --> File not found: C:\xampp\htdocs\websitebinan\writable\uploads\CITYOFFICIAL\1753084663_e3bcd5569e63bcd451b2.jpg
INFO - 2026-05-11 10:05:56 --> Session: Class initialized using 'CodeIgniter\Session\Handlers\FileHandler' driver.
ERROR - 2026-05-11 10:05:56 --> File not found: C:\xampp\htdocs\websitebinan\writable\uploads\CITYOFFICIAL\1753921912_9e57c1101fbbccab6d7f.jpg
INFO - 2026-05-11 10:05:56 --> Session: Class initialized using 'CodeIgniter\Session\Handlers\FileHandler' driver.
ERROR - 2026-05-11 10:05:56 --> File not found: C:\xampp\htdocs\websitebinan\writable\uploads\CITYOFFICIAL\1753083396_fbe1c39b9f3ce1c4ec9d.jpg
INFO - 2026-05-11 10:05:56 --> Session: Class initialized using 'CodeIgniter\Session\Handlers\FileHandler' driver.
INFO - 2026-05-11 10:05:57 --> Session: Class initialized using 'CodeIgniter\Session\Handlers\FileHandler' driver.
ERROR - 2026-05-11 10:05:57 --> File not found: C:\xampp\htdocs\websitebinan\writable\uploads\CITYOFFICIAL\1753083427_5a98d81117130135ac4c.jpg
INFO - 2026-05-11 10:05:57 --> Session: Class initialized using 'CodeIgniter\Session\Handlers\FileHandler' driver.
ERROR - 2026-05-11 10:05:57 --> File not found: C:\xampp\htdocs\websitebinan\writable\uploads\CITYOFFICIAL\1753084385_62ff234d1d2cc3c05801.jpg
INFO - 2026-05-11 10:05:57 --> Session: Class initialized using 'CodeIgniter\Session\Handlers\FileHandler' driver.
ERROR - 2026-05-11 10:05:57 --> File not found: C:\xampp\htdocs\websitebinan\writable\uploads\CITYOFFICIAL\1753084422_665d5e3c85baeb3cc9f1.jpg
INFO - 2026-05-11 10:05:57 --> Session: Class initialized using 'CodeIgniter\Session\Handlers\FileHandler' driver.
ERROR - 2026-05-11 10:05:57 --> File not found: C:\xampp\htdocs\websitebinan\writable\uploads\CITYOFFICIAL\1753084776_3d821a873245fc3d81b5.jpg
INFO - 2026-05-11 10:05:57 --> Session: Class initialized using 'CodeIgniter\Session\Handlers\FileHandler' driver.
ERROR - 2026-05-11 10:05:57 --> File not found: C:\xampp\htdocs\websitebinan\writable\uploads\CITYOFFICIAL\1753084869_cc840c6063e319ab309b.jpg
INFO - 2026-05-11 10:05:57 --> Session: Class initialized using 'CodeIgniter\Session\Handlers\FileHandler' driver.
ERROR - 2026-05-11 10:05:57 --> File not found: C:\xampp\htdocs\websitebinan\writable\uploads\CITYOFFICIAL\1753250487_b24d55b36693b3d8f404.jpg
INFO - 2026-05-11 10:05:57 --> Session: Class initialized using 'CodeIgniter\Session\Handlers\FileHandler' driver.
INFO - 2026-05-11 10:05:58 --> Session: Class initialized using 'CodeIgniter\Session\Handlers\FileHandler' driver.
INFO - 2026-05-11 10:05:59 --> Session: Class initialized using 'CodeIgniter\Session\Handlers\FileHandler' driver.
INFO - 2026-05-11 10:06:01 --> Session: Class initialized using 'CodeIgniter\Session\Handlers\FileHandler' driver.
INFO - 2026-05-11 10:06:02 --> Session: Class initialized using 'CodeIgniter\Session\Handlers\FileHandler' driver.
INFO - 2026-05-11 10:06:08 --> Session: Class initialized using 'CodeIgniter\Session\Handlers\FileHandler' driver.
INFO - 2026-05-11 10:06:09 --> Session: Class initialized using 'CodeIgniter\Session\Handlers\FileHandler' driver.
INFO - 2026-05-11 10:07:36 --> Session: Class initialized using 'CodeIgniter\Session\Handlers\FileHandler' driver.
INFO - 2026-05-11 10:07:36 --> Session: Class initialized using 'CodeIgniter\Session\Handlers\FileHandler' driver.
INFO - 2026-05-11 10:07:41 --> Session: Class initialized using 'CodeIgniter\Session\Handlers\FileHandler' driver.
INFO - 2026-05-11 10:07:45 --> Session: Class initialized using 'CodeIgniter\Session\Handlers\FileHandler' driver.
INFO - 2026-05-11 10:07:45 --> Session: Class initialized using 'CodeIgniter\Session\Handlers\FileHandler' driver.
INFO - 2026-05-11 10:07:46 --> Session: Class initialized using 'CodeIgniter\Session\Handlers\FileHandler' driver.
INFO - 2026-05-11 10:07:46 --> Session: Class initialized using 'CodeIgniter\Session\Handlers\FileHandler' driver.
INFO - 2026-05-11 10:11:06 --> Session: Class initialized using 'CodeIgniter\Session\Handlers\FileHandler' driver.
INFO - 2026-05-11 10:11:07 --> Session: Class initialized using 'CodeIgniter\Session\Handlers\FileHandler' driver.
INFO - 2026-05-11 10:11:08 --> Session: Class initialized using 'CodeIgniter\Session\Handlers\FileHandler' driver.
INFO - 2026-05-11 10:11:09 --> Session: Class initialized using 'CodeIgniter\Session\Handlers\FileHandler' driver.
INFO - 2026-05-11 10:11:11 --> Session: Class initialized using 'CodeIgniter\Session\Handlers\FileHandler' driver.
INFO - 2026-05-11 10:11:11 --> Session: Class initialized using 'CodeIgniter\Session\Handlers\FileHandler' driver.
INFO - 2026-05-11 10:11:15 --> Session: Class initialized using 'CodeIgniter\Session\Handlers\FileHandler' driver.
INFO - 2026-05-11 10:11:16 --> Session: Class initialized using 'CodeIgniter\Session\Handlers\FileHandler' driver.
INFO - 2026-05-11 10:11:18 --> Session: Class initialized using 'CodeIgniter\Session\Handlers\FileHandler' driver.
INFO - 2026-05-11 10:11:18 --> Session: Class initialized using 'CodeIgniter\Session\Handlers\FileHandler' driver.
INFO - 2026-05-11 10:11:20 --> Session: Class initialized using 'CodeIgniter\Session\Handlers\FileHandler' driver.
INFO - 2026-05-11 10:11:21 --> Session: Class initialized using 'CodeIgniter\Session\Handlers\FileHandler' driver.
INFO - 2026-05-11 10:11:21 --> Session: Class initialized using 'CodeIgniter\Session\Handlers\FileHandler' driver.
ERROR - 2026-05-11 10:11:21 --> File not found: C:\xampp\htdocs\websitebinan\writable\uploads\CITYOFFICIAL\1753922986_227ce8d1fc7ea674144d.jpg
INFO - 2026-05-11 10:11:21 --> Session: Class initialized using 'CodeIgniter\Session\Handlers\FileHandler' driver.
ERROR - 2026-05-11 10:11:21 --> File not found: C:\xampp\htdocs\websitebinan\writable\uploads\CITYOFFICIAL\1753083396_fbe1c39b9f3ce1c4ec9d.jpg
INFO - 2026-05-11 10:11:21 --> Session: Class initialized using 'CodeIgniter\Session\Handlers\FileHandler' driver.
ERROR - 2026-05-11 10:11:21 --> File not found: C:\xampp\htdocs\websitebinan\writable\uploads\CITYOFFICIAL\1753921912_9e57c1101fbbccab6d7f.jpg
INFO - 2026-05-11 10:11:21 --> Session: Class initialized using 'CodeIgniter\Session\Handlers\FileHandler' driver.
ERROR - 2026-05-11 10:11:21 --> File not found: C:\xampp\htdocs\websitebinan\writable\uploads\CITYOFFICIAL\1753084663_e3bcd5569e63bcd451b2.jpg
INFO - 2026-05-11 10:11:21 --> Session: Class initialized using 'CodeIgniter\Session\Handlers\FileHandler' driver.
ERROR - 2026-05-11 10:11:21 --> File not found: C:\xampp\htdocs\websitebinan\writable\uploads\CITYOFFICIAL\1753083832_24114289cdde9c5b51b5.jpg
INFO - 2026-05-11 10:11:21 --> Session: Class initialized using 'CodeIgniter\Session\Handlers\FileHandler' driver.
ERROR - 2026-05-11 10:11:21 --> File not found: C:\xampp\htdocs\websitebinan\writable\uploads\CITYOFFICIAL\1753083853_93342f658f89fef63002.jpg
INFO - 2026-05-11 10:11:22 --> Session: Class initialized using 'CodeIgniter\Session\Handlers\FileHandler' driver.
ERROR - 2026-05-11 10:11:22 --> File not found: C:\xampp\htdocs\websitebinan\writable\uploads\CITYOFFICIAL\1753083427_5a98d81117130135ac4c.jpg
INFO - 2026-05-11 10:11:22 --> Session: Class initialized using 'CodeIgniter\Session\Handlers\FileHandler' driver.
ERROR - 2026-05-11 10:11:22 --> File not found: C:\xampp\htdocs\websitebinan\writable\uploads\CITYOFFICIAL\1753084385_62ff234d1d2cc3c05801.jpg
INFO - 2026-05-11 10:11:22 --> Session: Class initialized using 'CodeIgniter\Session\Handlers\FileHandler' driver.
ERROR - 2026-05-11 10:11:22 --> File not found: C:\xampp\htdocs\websitebinan\writable\uploads\CITYOFFICIAL\1753084422_665d5e3c85baeb3cc9f1.jpg
INFO - 2026-05-11 10:11:22 --> Session: Class initialized using 'CodeIgniter\Session\Handlers\FileHandler' driver.
ERROR - 2026-05-11 10:11:22 --> File not found: C:\xampp\htdocs\websitebinan\writable\uploads\CITYOFFICIAL\1753084776_3d821a873245fc3d81b5.jpg
INFO - 2026-05-11 10:11:22 --> Session: Class initialized using 'CodeIgniter\Session\Handlers\FileHandler' driver.
ERROR - 2026-05-11 10:11:22 --> File not found: C:\xampp\htdocs\websitebinan\writable\uploads\CITYOFFICIAL\1753084869_cc840c6063e319ab309b.jpg
INFO - 2026-05-11 10:11:22 --> Session: Class initialized using 'CodeIgniter\Session\Handlers\FileHandler' driver.
ERROR - 2026-05-11 10:11:22 --> File not found: C:\xampp\htdocs\websitebinan\writable\uploads\CITYOFFICIAL\1753250487_b24d55b36693b3d8f404.jpg
INFO - 2026-05-11 10:11:22 --> Session: Class initialized using 'CodeIgniter\Session\Handlers\FileHandler' driver.
ERROR - 2026-05-11 10:11:22 --> File not found: C:\xampp\htdocs\websitebinan\writable\uploads\CITYOFFICIAL\1753084959_0c206bfa3a652b57150f.jpg
INFO - 2026-05-11 10:11:22 --> Session: Class initialized using 'CodeIgniter\Session\Handlers\FileHandler' driver.
ERROR - 2026-05-11 10:11:22 --> File not found: C:\xampp\htdocs\websitebinan\writable\uploads\CITYOFFICIAL\1753085061_072a45447b58c46f586b.jpg
INFO - 2026-05-11 10:11:22 --> Session: Class initialized using 'CodeIgniter\Session\Handlers\FileHandler' driver.
ERROR - 2026-05-11 10:11:22 --> File not found: C:\xampp\htdocs\websitebinan\writable\uploads\CITYOFFICIAL\1753085167_697f94732f91231b879c.jpg
INFO - 2026-05-11 10:11:22 --> Session: Class initialized using 'CodeIgniter\Session\Handlers\FileHandler' driver.
INFO - 2026-05-11 10:11:22 --> Session: Class initialized using 'CodeIgniter\Session\Handlers\FileHandler' driver.
ERROR - 2026-05-11 10:11:22 --> File not found: C:\xampp\htdocs\websitebinan\writable\uploads\CITYOFFICIAL\1753085240_c5990f3ad94929fed814.jpg
INFO - 2026-05-11 10:11:22 --> Session: Class initialized using 'CodeIgniter\Session\Handlers\FileHandler' driver.
ERROR - 2026-05-11 10:11:22 --> File not found: C:\xampp\htdocs\websitebinan\writable\uploads\CITYOFFICIAL\1770878916_b1e08558c720ec018823.jpg
INFO - 2026-05-11 10:11:22 --> Session: Class initialized using 'CodeIgniter\Session\Handlers\FileHandler' driver.
INFO - 2026-05-11 10:11:23 --> Session: Class initialized using 'CodeIgniter\Session\Handlers\FileHandler' driver.
ERROR - 2026-05-11 10:11:23 --> File not found: C:\xampp\htdocs\websitebinan\writable\uploads\DEPT\1752493797_a17591d9450b08847544.jpg
INFO - 2026-05-11 10:11:23 --> Session: Class initialized using 'CodeIgniter\Session\Handlers\FileHandler' driver.
ERROR - 2026-05-11 10:11:23 --> File not found: C:\xampp\htdocs\websitebinan\writable\uploads\DEPT\1752493628_80de4c38a77700df1c98.jpg
INFO - 2026-05-11 10:11:23 --> Session: Class initialized using 'CodeIgniter\Session\Handlers\FileHandler' driver.
ERROR - 2026-05-11 10:11:23 --> File not found: C:\xampp\htdocs\websitebinan\writable\uploads\DEPT\1752493596_f80b80acd47a60526ea1.jpg
INFO - 2026-05-11 10:11:23 --> Session: Class initialized using 'CodeIgniter\Session\Handlers\FileHandler' driver.
ERROR - 2026-05-11 10:11:23 --> File not found: C:\xampp\htdocs\websitebinan\writable\uploads\DEPT\1752493763_b4739bc9be0e7364cbb4.png
INFO - 2026-05-11 10:11:23 --> Session: Class initialized using 'CodeIgniter\Session\Handlers\FileHandler' driver.
ERROR - 2026-05-11 10:11:23 --> File not found: C:\xampp\htdocs\websitebinan\writable\uploads\DEPT\1752493697_2216f8246d7bc3cb6ed7.jpg
INFO - 2026-05-11 10:11:23 --> Session: Class initialized using 'CodeIgniter\Session\Handlers\FileHandler' driver.
ERROR - 2026-05-11 10:11:23 --> File not found: C:\xampp\htdocs\websitebinan\writable\uploads\DEPT\1752493664_521483aab78778549f9b.png
INFO - 2026-05-11 10:11:23 --> Session: Class initialized using 'CodeIgniter\Session\Handlers\FileHandler' driver.
ERROR - 2026-05-11 10:11:23 --> File not found: C:\xampp\htdocs\websitebinan\writable\uploads\DEPT\1746694580_df3c9e2021446c1996d7.png
INFO - 2026-05-11 10:11:23 --> Session: Class initialized using 'CodeIgniter\Session\Handlers\FileHandler' driver.
ERROR - 2026-05-11 10:11:23 --> File not found: C:\xampp\htdocs\websitebinan\writable\uploads\DEPT\1752493454_03a1554c7ac16dddb3b3.jpg
INFO - 2026-05-11 10:11:23 --> Session: Class initialized using 'CodeIgniter\Session\Handlers\FileHandler' driver.
ERROR - 2026-05-11 10:11:23 --> File not found: C:\xampp\htdocs\websitebinan\writable\uploads\DEPT\1752493485_d021d3661891ca43fa84.png
INFO - 2026-05-11 10:11:23 --> Session: Class initialized using 'CodeIgniter\Session\Handlers\FileHandler' driver.
ERROR - 2026-05-11 10:11:23 --> File not found: C:\xampp\htdocs\websitebinan\writable\uploads\DEPT\1752493565_192d11daee811eb306d0.png
INFO - 2026-05-11 10:11:23 --> Session: Class initialized using 'CodeIgniter\Session\Handlers\FileHandler' driver.
ERROR - 2026-05-11 10:11:23 --> File not found: C:\xampp\htdocs\websitebinan\writable\uploads\DEPT\1752493414_0ab99f8fb99cc2f07b32.jpg
INFO - 2026-05-11 10:11:23 --> Session: Class initialized using 'CodeIgniter\Session\Handlers\FileHandler' driver.
ERROR - 2026-05-11 10:11:23 --> File not found: C:\xampp\htdocs\websitebinan\writable\uploads\DEPT\1746694473_074eb3d7f000b3f9aec2.png
INFO - 2026-05-11 10:11:23 --> Session: Class initialized using 'CodeIgniter\Session\Handlers\FileHandler' driver.
ERROR - 2026-05-11 10:11:23 --> File not found: C:\xampp\htdocs\websitebinan\writable\uploads\DEPT\1746694453_441d660a1ecc67941dd2.png
INFO - 2026-05-11 10:11:23 --> Session: Class initialized using 'CodeIgniter\Session\Handlers\FileHandler' driver.
ERROR - 2026-05-11 10:11:23 --> File not found: C:\xampp\htdocs\websitebinan\writable\uploads\DEPT\1752493328_5e9892869eb5e34b7cd4.jpg
INFO - 2026-05-11 10:11:23 --> Session: Class initialized using 'CodeIgniter\Session\Handlers\FileHandler' driver.
ERROR - 2026-05-11 10:11:23 --> File not found: C:\xampp\htdocs\websitebinan\writable\uploads\DEPT\1746694371_50dc21d5d8efb1979322.png
INFO - 2026-05-11 10:11:23 --> Session: Class initialized using 'CodeIgniter\Session\Handlers\FileHandler' driver.
ERROR - 2026-05-11 10:11:23 --> File not found: C:\xampp\htdocs\websitebinan\writable\uploads\DEPT\1746751862_221f8b213cd14210fc29.png
INFO - 2026-05-11 10:11:23 --> Session: Class initialized using 'CodeIgniter\Session\Handlers\FileHandler' driver.
ERROR - 2026-05-11 10:11:23 --> File not found: C:\xampp\htdocs\websitebinan\writable\uploads\DEPT\1746694308_f19713915d3d95fb3bd8.png
INFO - 2026-05-11 10:11:23 --> Session: Class initialized using 'CodeIgniter\Session\Handlers\FileHandler' driver.
ERROR - 2026-05-11 10:11:23 --> File not found: C:\xampp\htdocs\websitebinan\writable\uploads\DEPT\1752493234_5b776d067998c3b32df7.jpg
INFO - 2026-05-11 10:11:23 --> Session: Class initialized using 'CodeIgniter\Session\Handlers\FileHandler' driver.
ERROR - 2026-05-11 10:11:23 --> File not found: C:\xampp\htdocs\websitebinan\writable\uploads\DEPT\1752493184_d6ef7e644e8bd0947fc8.jpg
INFO - 2026-05-11 10:11:23 --> Session: Class initialized using 'CodeIgniter\Session\Handlers\FileHandler' driver.
ERROR - 2026-05-11 10:11:24 --> File not found: C:\xampp\htdocs\websitebinan\writable\uploads\DEPT\1752493173_3a59c3890d425dbc2f39.jpg
INFO - 2026-05-11 10:11:24 --> Session: Class initialized using 'CodeIgniter\Session\Handlers\FileHandler' driver.
ERROR - 2026-05-11 10:11:24 --> File not found: C:\xampp\htdocs\websitebinan\writable\uploads\DEPT\1746694200_e52bd0c90958226b4302.png
INFO - 2026-05-11 10:11:24 --> Session: Class initialized using 'CodeIgniter\Session\Handlers\FileHandler' driver.
ERROR - 2026-05-11 10:11:24 --> File not found: C:\xampp\htdocs\websitebinan\writable\uploads\DEPT\1752493079_0491d53f1789d43babd8.jpg
INFO - 2026-05-11 10:11:24 --> Session: Class initialized using 'CodeIgniter\Session\Handlers\FileHandler' driver.
ERROR - 2026-05-11 10:11:24 --> File not found: C:\xampp\htdocs\websitebinan\writable\uploads\DEPT\1752492832_70d44c33781e71535e0d.jpg
INFO - 2026-05-11 10:11:24 --> Session: Class initialized using 'CodeIgniter\Session\Handlers\FileHandler' driver.
ERROR - 2026-05-11 10:11:24 --> File not found: C:\xampp\htdocs\websitebinan\writable\uploads\DEPT\1752492798_34d27f26d189ac17030a.png
INFO - 2026-05-11 10:11:24 --> Session: Class initialized using 'CodeIgniter\Session\Handlers\FileHandler' driver.
ERROR - 2026-05-11 10:11:24 --> File not found: C:\xampp\htdocs\websitebinan\writable\uploads\DEPT\1746694030_f0ac067557794e3b6207.png
INFO - 2026-05-11 10:11:24 --> Session: Class initialized using 'CodeIgniter\Session\Handlers\FileHandler' driver.
ERROR - 2026-05-11 10:11:24 --> File not found: C:\xampp\htdocs\websitebinan\writable\uploads\DEPT\1746694000_42b645da94a45fca3c83.png
INFO - 2026-05-11 10:11:24 --> Session: Class initialized using 'CodeIgniter\Session\Handlers\FileHandler' driver.
ERROR - 2026-05-11 10:11:24 --> File not found: C:\xampp\htdocs\websitebinan\writable\uploads\DEPT\1746693973_53a34be9d670476ca31b.png
INFO - 2026-05-11 10:11:24 --> Session: Class initialized using 'CodeIgniter\Session\Handlers\FileHandler' driver.
ERROR - 2026-05-11 10:11:24 --> File not found: C:\xampp\htdocs\websitebinan\writable\uploads\DEPT\1746693943_8612f1c58a4b7df23bfb.png
INFO - 2026-05-11 10:11:24 --> Session: Class initialized using 'CodeIgniter\Session\Handlers\FileHandler' driver.
ERROR - 2026-05-11 10:11:24 --> File not found: C:\xampp\htdocs\websitebinan\writable\uploads\DEPT\1752492728_ee88d9d8fd43533ad745.jpg
INFO - 2026-05-11 10:11:24 --> Session: Class initialized using 'CodeIgniter\Session\Handlers\FileHandler' driver.
ERROR - 2026-05-11 10:11:24 --> File not found: C:\xampp\htdocs\websitebinan\writable\uploads\DEPT\1752492610_92b1d22ecdf8969e5f50.png
INFO - 2026-05-11 10:11:24 --> Session: Class initialized using 'CodeIgniter\Session\Handlers\FileHandler' driver.
ERROR - 2026-05-11 10:11:24 --> File not found: C:\xampp\htdocs\websitebinan\writable\uploads\DEPT\1722558540_de580ab0ad320b7baf69.png
INFO - 2026-05-11 10:11:24 --> Session: Class initialized using 'CodeIgniter\Session\Handlers\FileHandler' driver.
ERROR - 2026-05-11 10:11:24 --> File not found: C:\xampp\htdocs\websitebinan\writable\uploads\DEPT\1722558178_0b4ab22d9354be04ebad.png
INFO - 2026-05-11 10:11:24 --> Session: Class initialized using 'CodeIgniter\Session\Handlers\FileHandler' driver.
ERROR - 2026-05-11 10:11:24 --> File not found: C:\xampp\htdocs\websitebinan\writable\uploads\DEPT\1722558145_70bcc7e13f384aa90f4c.png
INFO - 2026-05-11 10:11:24 --> Session: Class initialized using 'CodeIgniter\Session\Handlers\FileHandler' driver.
ERROR - 2026-05-11 10:11:24 --> File not found: C:\xampp\htdocs\websitebinan\writable\uploads\DEPT\1722558113_2ee80a489b72fff98b1b.png
INFO - 2026-05-11 10:11:24 --> Session: Class initialized using 'CodeIgniter\Session\Handlers\FileHandler' driver.
INFO - 2026-05-11 10:11:24 --> Session: Class initialized using 'CodeIgniter\Session\Handlers\FileHandler' driver.
ERROR - 2026-05-11 10:11:24 --> File not found: C:\xampp\htdocs\websitebinan\writable\uploads\DEPT\1746751881_526eb50aa268d0f3fe3a.png
INFO - 2026-05-11 10:11:24 --> Session: Class initialized using 'CodeIgniter\Session\Handlers\FileHandler' driver.
ERROR - 2026-05-11 10:11:24 --> File not found: C:\xampp\htdocs\websitebinan\writable\uploads\DEPT\1752492415_c8d09f8d244bfc0f69dc.png
INFO - 2026-05-11 10:11:24 --> Session: Class initialized using 'CodeIgniter\Session\Handlers\FileHandler' driver.
ERROR - 2026-05-11 10:11:24 --> File not found: C:\xampp\htdocs\websitebinan\writable\uploads\DEPT\1720746999_6835045fb9c07acb4ff7.png
INFO - 2026-05-11 10:11:24 --> Session: Class initialized using 'CodeIgniter\Session\Handlers\FileHandler' driver.
ERROR - 2026-05-11 10:11:24 --> File not found: C:\xampp\htdocs\websitebinan\writable\uploads\DEPT\1720746916_6b888a2c0b0f5897144f.png
INFO - 2026-05-11 10:11:24 --> Session: Class initialized using 'CodeIgniter\Session\Handlers\FileHandler' driver.
ERROR - 2026-05-11 10:11:24 --> File not found: C:\xampp\htdocs\websitebinan\writable\uploads\DEPT\1746751909_baa4eb3e3328fcf034b9.png
INFO - 2026-05-11 10:11:24 --> Session: Class initialized using 'CodeIgniter\Session\Handlers\FileHandler' driver.
ERROR - 2026-05-11 10:11:24 --> File not found: C:\xampp\htdocs\websitebinan\writable\uploads\DEPT\1717037797_da555380fddbcebb80b6.webp
INFO - 2026-05-11 10:11:25 --> Session: Class initialized using 'CodeIgniter\Session\Handlers\FileHandler' driver.
INFO - 2026-05-11 10:11:25 --> Session: Class initialized using 'CodeIgniter\Session\Handlers\FileHandler' driver.
ERROR - 2026-05-11 10:11:25 --> File not found: C:\xampp\htdocs\websitebinan\writable\uploads\BARANGAY\1752715158_d3acbc5c0caa1c3a086a.jpeg
INFO - 2026-05-11 10:11:25 --> Session: Class initialized using 'CodeIgniter\Session\Handlers\FileHandler' driver.
ERROR - 2026-05-11 10:11:25 --> File not found: C:\xampp\htdocs\websitebinan\writable\uploads\BARANGAY\1752223145_3397df7b7e61205e16c5.jpg
INFO - 2026-05-11 10:11:25 --> Session: Class initialized using 'CodeIgniter\Session\Handlers\FileHandler' driver.
ERROR - 2026-05-11 10:11:25 --> File not found: C:\xampp\htdocs\websitebinan\writable\uploads\BARANGAY\1752223064_78c0473132345bddc0a1.jpg
INFO - 2026-05-11 10:11:25 --> Session: Class initialized using 'CodeIgniter\Session\Handlers\FileHandler' driver.
ERROR - 2026-05-11 10:11:25 --> File not found: C:\xampp\htdocs\websitebinan\writable\uploads\BARANGAY\1752223126_16cfb9ea9b9c181f6195.jpg
INFO - 2026-05-11 10:11:25 --> Session: Class initialized using 'CodeIgniter\Session\Handlers\FileHandler' driver.
ERROR - 2026-05-11 10:11:25 --> File not found: C:\xampp\htdocs\websitebinan\writable\uploads\BARANGAY\1752223046_38b0b88fae1de4d15b99.jpg
INFO - 2026-05-11 10:11:25 --> Session: Class initialized using 'CodeIgniter\Session\Handlers\FileHandler' driver.
ERROR - 2026-05-11 10:11:25 --> File not found: C:\xampp\htdocs\websitebinan\writable\uploads\BARANGAY\1752223103_1e89ee650498b71e9ee9.jpeg
INFO - 2026-05-11 10:11:25 --> Session: Class initialized using 'CodeIgniter\Session\Handlers\FileHandler' driver.
ERROR - 2026-05-11 10:11:25 --> File not found: C:\xampp\htdocs\websitebinan\writable\uploads\BARANGAY\1752222805_37f27b6aa7ddce3854d5.jpeg
INFO - 2026-05-11 10:11:25 --> Session: Class initialized using 'CodeIgniter\Session\Handlers\FileHandler' driver.
ERROR - 2026-05-11 10:11:25 --> File not found: C:\xampp\htdocs\websitebinan\writable\uploads\BARANGAY\1752223017_2a2ebd0ac84a0cbfa880.png
INFO - 2026-05-11 10:11:25 --> Session: Class initialized using 'CodeIgniter\Session\Handlers\FileHandler' driver.
ERROR - 2026-05-11 10:11:25 --> File not found: C:\xampp\htdocs\websitebinan\writable\uploads\BARANGAY\1752222830_39ee9f67f7cee022c4e2.jpeg
INFO - 2026-05-11 10:11:25 --> Session: Class initialized using 'CodeIgniter\Session\Handlers\FileHandler' driver.
ERROR - 2026-05-11 10:11:25 --> File not found: C:\xampp\htdocs\websitebinan\writable\uploads\BARANGAY\1752222889_4d2eb9569886b386328e.jpeg
INFO - 2026-05-11 10:11:25 --> Session: Class initialized using 'CodeIgniter\Session\Handlers\FileHandler' driver.
ERROR - 2026-05-11 10:11:25 --> File not found: C:\xampp\htdocs\websitebinan\writable\uploads\BARANGAY\1752222785_dbfc4ddc47d31175d1be.jpeg
INFO - 2026-05-11 10:11:25 --> Session: Class initialized using 'CodeIgniter\Session\Handlers\FileHandler' driver.
ERROR - 2026-05-11 10:11:25 --> File not found: C:\xampp\htdocs\websitebinan\writable\uploads\BARANGAY\1752222763_ec27317e84727ca1817a.jpg
INFO - 2026-05-11 10:11:25 --> Session: Class initialized using 'CodeIgniter\Session\Handlers\FileHandler' driver.
ERROR - 2026-05-11 10:11:26 --> File not found: C:\xampp\htdocs\websitebinan\writable\uploads\BARANGAY\1752222741_949dbaeb7e01bde0c876.jpg
INFO - 2026-05-11 10:11:26 --> Session: Class initialized using 'CodeIgniter\Session\Handlers\FileHandler' driver.
ERROR - 2026-05-11 10:11:26 --> File not found: C:\xampp\htdocs\websitebinan\writable\uploads\BARANGAY\1752222724_1de09bf0b16394779b40.jpg
INFO - 2026-05-11 10:11:26 --> Session: Class initialized using 'CodeIgniter\Session\Handlers\FileHandler' driver.
ERROR - 2026-05-11 10:11:26 --> File not found: C:\xampp\htdocs\websitebinan\writable\uploads\BARANGAY\1752222707_0ba2dd7952c15f68a186.jpeg
INFO - 2026-05-11 10:11:26 --> Session: Class initialized using 'CodeIgniter\Session\Handlers\FileHandler' driver.
ERROR - 2026-05-11 10:11:26 --> File not found: C:\xampp\htdocs\websitebinan\writable\uploads\BARANGAY\1752222572_6b2fb2c1854403bc8511.jpg
INFO - 2026-05-11 10:11:26 --> Session: Class initialized using 'CodeIgniter\Session\Handlers\FileHandler' driver.
ERROR - 2026-05-11 10:11:26 --> File not found: C:\xampp\htdocs\websitebinan\writable\uploads\BARANGAY\1752222550_5bbc0c4fb3e3c86205ea.png
INFO - 2026-05-11 10:11:26 --> Session: Class initialized using 'CodeIgniter\Session\Handlers\FileHandler' driver.
ERROR - 2026-05-11 10:11:26 --> File not found: C:\xampp\htdocs\websitebinan\writable\uploads\BARANGAY\1752222533_05e23132359013c80a38.jpg
INFO - 2026-05-11 10:11:26 --> Session: Class initialized using 'CodeIgniter\Session\Handlers\FileHandler' driver.
ERROR - 2026-05-11 10:11:26 --> File not found: C:\xampp\htdocs\websitebinan\writable\uploads\BARANGAY\1752222512_75c6eaff053bd3cb859c.jpg
INFO - 2026-05-11 10:11:26 --> Session: Class initialized using 'CodeIgniter\Session\Handlers\FileHandler' driver.
ERROR - 2026-05-11 10:11:26 --> File not found: C:\xampp\htdocs\websitebinan\writable\uploads\BARANGAY\1752567430_49fa22e46ef0c6e2cb58.jpg
INFO - 2026-05-11 10:11:26 --> Session: Class initialized using 'CodeIgniter\Session\Handlers\FileHandler' driver.
ERROR - 2026-05-11 10:11:26 --> File not found: C:\xampp\htdocs\websitebinan\writable\uploads\BARANGAY\1752222417_0ca49565ccf27d5e3e81.jpg
INFO - 2026-05-11 10:11:26 --> Session: Class initialized using 'CodeIgniter\Session\Handlers\FileHandler' driver.
ERROR - 2026-05-11 10:11:26 --> File not found: C:\xampp\htdocs\websitebinan\writable\uploads\BARANGAY\1752222397_f551624cadfcf3db9549.jpeg
INFO - 2026-05-11 10:11:26 --> Session: Class initialized using 'CodeIgniter\Session\Handlers\FileHandler' driver.
ERROR - 2026-05-11 10:11:26 --> File not found: C:\xampp\htdocs\websitebinan\writable\uploads\BARANGAY\1752222373_b93b1511959937b56fb2.jpg
INFO - 2026-05-11 10:11:26 --> Session: Class initialized using 'CodeIgniter\Session\Handlers\FileHandler' driver.
ERROR - 2026-05-11 10:11:26 --> File not found: C:\xampp\htdocs\websitebinan\writable\uploads\BARANGAY\1753930518_891b3cb1e88fd902c6be.png
INFO - 2026-05-11 10:11:26 --> Session: Class initialized using 'CodeIgniter\Session\Handlers\FileHandler' driver.
INFO - 2026-05-11 10:11:27 --> Session: Class initialized using 'CodeIgniter\Session\Handlers\FileHandler' driver.
INFO - 2026-05-11 10:11:28 --> Session: Class initialized using 'CodeIgniter\Session\Handlers\FileHandler' driver.
INFO - 2026-05-11 10:11:29 --> Session: Class initialized using 'CodeIgniter\Session\Handlers\FileHandler' driver.
INFO - 2026-05-11 10:11:29 --> Session: Class initialized using 'CodeIgniter\Session\Handlers\FileHandler' driver.
ERROR - 2026-05-11 10:11:29 --> File not found: C:\xampp\htdocs\websitebinan\writable\uploads\ABOUT\1722577197_b544c55a9dac11b5c462.png
INFO - 2026-05-11 10:11:29 --> Session: Class initialized using 'CodeIgniter\Session\Handlers\FileHandler' driver.
ERROR - 2026-05-11 10:11:29 --> File not found: C:\xampp\htdocs\websitebinan\writable\uploads\ABOUT\1748478676_80af2d5fd9b33d3bd0dc.png
INFO - 2026-05-11 10:11:29 --> Session: Class initialized using 'CodeIgniter\Session\Handlers\FileHandler' driver.
ERROR - 2026-05-11 10:11:29 --> File not found: C:\xampp\htdocs\websitebinan\writable\uploads\ABOUT\1722563925_54f03ce817d85fa00ca2.jpg
INFO - 2026-05-11 10:11:29 --> Session: Class initialized using 'CodeIgniter\Session\Handlers\FileHandler' driver.
ERROR - 2026-05-11 10:11:29 --> File not found: C:\xampp\htdocs\websitebinan\writable\uploads\ABOUT\1722563907_d67c507b7939d4ce3efd.jpg
INFO - 2026-05-11 10:11:29 --> Session: Class initialized using 'CodeIgniter\Session\Handlers\FileHandler' driver.
ERROR - 2026-05-11 10:11:29 --> File not found: C:\xampp\htdocs\websitebinan\writable\uploads\ABOUT\1722563887_fbd05bba358d74f19118.jpg
INFO - 2026-05-11 10:11:29 --> Session: Class initialized using 'CodeIgniter\Session\Handlers\FileHandler' driver.
ERROR - 2026-05-11 10:11:29 --> File not found: C:\xampp\htdocs\websitebinan\writable\uploads\ABOUT\1722563794_34aed21fdb77504e305a.png
INFO - 2026-05-11 10:11:29 --> Session: Class initialized using 'CodeIgniter\Session\Handlers\FileHandler' driver.
ERROR - 2026-05-11 10:11:29 --> File not found: C:\xampp\htdocs\websitebinan\writable\uploads\ABOUT\1722563762_58dbf047f10d1d2cfc2c.png
INFO - 2026-05-11 10:11:29 --> Session: Class initialized using 'CodeIgniter\Session\Handlers\FileHandler' driver.
ERROR - 2026-05-11 10:11:29 --> File not found: C:\xampp\htdocs\websitebinan\writable\uploads\ABOUT\1722563728_f91efddb8e7ac4545906.png
INFO - 2026-05-11 10:11:31 --> Session: Class initialized using 'CodeIgniter\Session\Handlers\FileHandler' driver.
INFO - 2026-05-11 10:11:32 --> Session: Class initialized using 'CodeIgniter\Session\Handlers\FileHandler' driver.
INFO - 2026-05-11 10:11:32 --> Session: Class initialized using 'CodeIgniter\Session\Handlers\FileHandler' driver.
ERROR - 2026-05-11 10:11:32 --> File not found: C:\xampp\htdocs\websitebinan\writable\uploads\MAYOR\1752560720_0dff09b7b49027edfdc8.png
INFO - 2026-05-11 10:11:32 --> Session: Class initialized using 'CodeIgniter\Session\Handlers\FileHandler' driver.
ERROR - 2026-05-11 10:11:32 --> File not found: C:\xampp\htdocs\websitebinan\writable\uploads\MAYOR\1752539275_461564b96f4fa7ceb020.jpg
INFO - 2026-05-11 10:11:32 --> Session: Class initialized using 'CodeIgniter\Session\Handlers\FileHandler' driver.
ERROR - 2026-05-11 10:11:32 --> File not found: C:\xampp\htdocs\websitebinan\writable\uploads\MAYOR\1752539275_f7c514e3b71ad925591b.jpg
INFO - 2026-05-11 10:11:32 --> Session: Class initialized using 'CodeIgniter\Session\Handlers\FileHandler' driver.
ERROR - 2026-05-11 10:11:32 --> File not found: C:\xampp\htdocs\websitebinan\writable\uploads\MAYOR\1752539275_ea1d0a840cec5bba9fd2.jpg
INFO - 2026-05-11 10:11:32 --> Session: Class initialized using 'CodeIgniter\Session\Handlers\FileHandler' driver.
ERROR - 2026-05-11 10:11:32 --> File not found: C:\xampp\htdocs\websitebinan\writable\uploads\MAYOR\1752539275_cc5d2e194bb2c24a824e.jpg
INFO - 2026-05-11 10:11:32 --> Session: Class initialized using 'CodeIgniter\Session\Handlers\FileHandler' driver.
ERROR - 2026-05-11 10:11:32 --> File not found: C:\xampp\htdocs\websitebinan\writable\uploads\MAYOR\1752736418_1ff67fd278268a7aaae6.png
INFO - 2026-05-11 10:11:32 --> Session: Class initialized using 'CodeIgniter\Session\Handlers\FileHandler' driver.
ERROR - 2026-05-11 10:11:32 --> File not found: C:\xampp\htdocs\websitebinan\writable\uploads\MAYOR\1752539275_fa6c311f39c9c860e58d.jpg
INFO - 2026-05-11 10:11:33 --> Session: Class initialized using 'CodeIgniter\Session\Handlers\FileHandler' driver.
INFO - 2026-05-11 10:11:33 --> Session: Class initialized using 'CodeIgniter\Session\Handlers\FileHandler' driver.
INFO - 2026-05-11 10:11:34 --> Session: Class initialized using 'CodeIgniter\Session\Handlers\FileHandler' driver.
ERROR - 2026-05-11 10:11:34 --> File not found: C:\xampp\htdocs\websitebinan\writable\uploads\POSTCONTENT\1777448876_38d74746b997d39f9516.jpg
INFO - 2026-05-11 10:11:34 --> Session: Class initialized using 'CodeIgniter\Session\Handlers\FileHandler' driver.
ERROR - 2026-05-11 10:11:34 --> File not found: C:\xampp\htdocs\websitebinan\writable\uploads\POSTCONTENT\1752491896_d4d17bc7bae7db6cdfbc.jpg
INFO - 2026-05-11 10:11:34 --> Session: Class initialized using 'CodeIgniter\Session\Handlers\FileHandler' driver.
ERROR - 2026-05-11 10:11:34 --> File not found: C:\xampp\htdocs\websitebinan\writable\uploads\POSTCONTENT\1752491708_2ee68cad8c2a4fcee755.jpg
INFO - 2026-05-11 10:11:34 --> Session: Class initialized using 'CodeIgniter\Session\Handlers\FileHandler' driver.
ERROR - 2026-05-11 10:11:34 --> File not found: C:\xampp\htdocs\websitebinan\writable\uploads\POSTCONTENT\1752491363_8033f5cc6a160faa4e39.jpg
INFO - 2026-05-11 10:11:34 --> Session: Class initialized using 'CodeIgniter\Session\Handlers\FileHandler' driver.
ERROR - 2026-05-11 10:11:34 --> File not found: C:\xampp\htdocs\websitebinan\writable\uploads\POSTCONTENT\1749458662_5e2738b875dbcdfb152a.jpg
INFO - 2026-05-11 10:11:34 --> Session: Class initialized using 'CodeIgniter\Session\Handlers\FileHandler' driver.
ERROR - 2026-05-11 10:11:34 --> File not found: C:\xampp\htdocs\websitebinan\writable\uploads\POSTCONTENT\1752491553_1116c5425920ad29a5ef.jpg
INFO - 2026-05-11 10:11:34 --> Session: Class initialized using 'CodeIgniter\Session\Handlers\FileHandler' driver.
ERROR - 2026-05-11 10:11:34 --> File not found: C:\xampp\htdocs\websitebinan\writable\uploads\POSTCONTENT\1749107815_451ea82bd13fd8daaaf5.jpg
INFO - 2026-05-11 10:11:34 --> Session: Class initialized using 'CodeIgniter\Session\Handlers\FileHandler' driver.
ERROR - 2026-05-11 10:11:34 --> File not found: C:\xampp\htdocs\websitebinan\writable\uploads\POSTCONTENT\1747411497_cea8a53f64afbeefcbae.jpg
INFO - 2026-05-11 10:11:34 --> Session: Class initialized using 'CodeIgniter\Session\Handlers\FileHandler' driver.
ERROR - 2026-05-11 10:11:34 --> File not found: C:\xampp\htdocs\websitebinan\writable\uploads\POSTCONTENT\1749107636_44d9a126ab1d74a75ec5.jpg
INFO - 2026-05-11 10:11:34 --> Session: Class initialized using 'CodeIgniter\Session\Handlers\FileHandler' driver.
ERROR - 2026-05-11 10:11:34 --> File not found: C:\xampp\htdocs\websitebinan\writable\uploads\POSTCONTENT\1749103302_e4a3d36d571f864f0bbc.jpg
INFO - 2026-05-11 10:11:34 --> Session: Class initialized using 'CodeIgniter\Session\Handlers\FileHandler' driver.
ERROR - 2026-05-11 10:11:34 --> File not found: C:\xampp\htdocs\websitebinan\writable\uploads\POSTCONTENT\1722579567_4a3e4ea0c8331bc2fdb6.png
INFO - 2026-05-11 10:11:34 --> Session: Class initialized using 'CodeIgniter\Session\Handlers\FileHandler' driver.
ERROR - 2026-05-11 10:11:34 --> File not found: C:\xampp\htdocs\websitebinan\writable\uploads\POSTCONTENT\1721955128_5d76fdbca58bff6d5dc9.png
INFO - 2026-05-11 10:11:34 --> Session: Class initialized using 'CodeIgniter\Session\Handlers\FileHandler' driver.
ERROR - 2026-05-11 10:11:34 --> File not found: C:\xampp\htdocs\websitebinan\writable\uploads\POSTCONTENT\1721913938_82175b7a5e6b73f925ed.png
INFO - 2026-05-11 10:11:34 --> Session: Class initialized using 'CodeIgniter\Session\Handlers\FileHandler' driver.
ERROR - 2026-05-11 10:11:34 --> File not found: C:\xampp\htdocs\websitebinan\writable\uploads\POSTCONTENT\1720763939_cf51e8ed5c67487d9cf0.jpg
INFO - 2026-05-11 10:11:34 --> Session: Class initialized using 'CodeIgniter\Session\Handlers\FileHandler' driver.
ERROR - 2026-05-11 10:11:34 --> File not found: C:\xampp\htdocs\websitebinan\writable\uploads\POSTCONTENT\1720161861_89876e3080f71f3530d9.jpg
INFO - 2026-05-11 10:11:34 --> Session: Class initialized using 'CodeIgniter\Session\Handlers\FileHandler' driver.
ERROR - 2026-05-11 10:11:34 --> File not found: C:\xampp\htdocs\websitebinan\writable\uploads\POSTCONTENT\1720161770_63f9a885543e83732987.jpg
INFO - 2026-05-11 10:11:34 --> Session: Class initialized using 'CodeIgniter\Session\Handlers\FileHandler' driver.
ERROR - 2026-05-11 10:11:34 --> File not found: C:\xampp\htdocs\websitebinan\writable\uploads\POSTCONTENT\1720087135_ac9f05f68ecc2ca866ac.jpeg
INFO - 2026-05-11 10:11:34 --> Session: Class initialized using 'CodeIgniter\Session\Handlers\FileHandler' driver.
ERROR - 2026-05-11 10:11:34 --> File not found: C:\xampp\htdocs\websitebinan\writable\uploads\POSTCONTENT\1720087062_efe59c8828331f22a116.jpg
INFO - 2026-05-11 10:11:34 --> Session: Class initialized using 'CodeIgniter\Session\Handlers\FileHandler' driver.
ERROR - 2026-05-11 10:11:34 --> File not found: C:\xampp\htdocs\websitebinan\writable\uploads\POSTCONTENT\1720086681_6f24b94f33ed5e27c3c4.jpg
INFO - 2026-05-11 10:11:38 --> Session: Class initialized using 'CodeIgniter\Session\Handlers\FileHandler' driver.
INFO - 2026-05-11 10:11:39 --> Session: Class initialized using 'CodeIgniter\Session\Handlers\FileHandler' driver.
INFO - 2026-05-11 10:11:52 --> Session: Class initialized using 'CodeIgniter\Session\Handlers\FileHandler' driver.
INFO - 2026-05-11 10:11:53 --> Session: Class initialized using 'CodeIgniter\Session\Handlers\FileHandler' driver.
INFO - 2026-05-11 10:11:54 --> Session: Class initialized using 'CodeIgniter\Session\Handlers\FileHandler' driver.
WARNING - 2026-05-11 10:11:54 --> [DEPRECATED] error_log(): Passing null to parameter #1 ($message) of type string is deprecated in APPPATH\Controllers\Admin.php on line 203.
 1 APPPATH\Controllers\Admin.php(203): error_log(null)
 2 SYSTEMPATH\CodeIgniter.php(934): App\Controllers\Admin->getRecentAnns()
 3 SYSTEMPATH\CodeIgniter.php(499): CodeIgniter\CodeIgniter->runController(Object(App\Controllers\Admin))
 4 SYSTEMPATH\CodeIgniter.php(368): CodeIgniter\CodeIgniter->handleRequest(null, Object(Config\Cache), false)
 5 FCPATH\index.php(67): CodeIgniter\CodeIgniter->run()
INFO - 2026-05-11 10:11:54 --> Session: Class initialized using 'CodeIgniter\Session\Handlers\FileHandler' driver.
WARNING - 2026-05-11 10:11:54 --> [DEPRECATED] error_log(): Passing null to parameter #1 ($message) of type string is deprecated in APPPATH\Controllers\Admin.php on line 170.
 1 APPPATH\Controllers\Admin.php(170): error_log(null)
 2 SYSTEMPATH\CodeIgniter.php(934): App\Controllers\Admin->getRecentNews()
 3 SYSTEMPATH\CodeIgniter.php(499): CodeIgniter\CodeIgniter->runController(Object(App\Controllers\Admin))
 4 SYSTEMPATH\CodeIgniter.php(368): CodeIgniter\CodeIgniter->handleRequest(null, Object(Config\Cache), false)
 5 FCPATH\index.php(67): CodeIgniter\CodeIgniter->run()
INFO - 2026-05-11 10:11:57 --> Session: Class initialized using 'CodeIgniter\Session\Handlers\FileHandler' driver.
INFO - 2026-05-11 10:11:57 --> Session: Class initialized using 'CodeIgniter\Session\Handlers\FileHandler' driver.
INFO - 2026-05-11 10:11:58 --> Session: Class initialized using 'CodeIgniter\Session\Handlers\FileHandler' driver.
ERROR - 2026-05-11 10:11:58 --> File not found: C:\xampp\htdocs\websitebinan\writable\uploads\POSTCONTENT\1777448876_38d74746b997d39f9516.jpg
INFO - 2026-05-11 10:11:58 --> Session: Class initialized using 'CodeIgniter\Session\Handlers\FileHandler' driver.
ERROR - 2026-05-11 10:11:58 --> File not found: C:\xampp\htdocs\websitebinan\writable\uploads\POSTCONTENT\1752491896_d4d17bc7bae7db6cdfbc.jpg
INFO - 2026-05-11 10:11:58 --> Session: Class initialized using 'CodeIgniter\Session\Handlers\FileHandler' driver.
ERROR - 2026-05-11 10:11:58 --> File not found: C:\xampp\htdocs\websitebinan\writable\uploads\POSTCONTENT\1749458662_5e2738b875dbcdfb152a.jpg
INFO - 2026-05-11 10:11:58 --> Session: Class initialized using 'CodeIgniter\Session\Handlers\FileHandler' driver.
ERROR - 2026-05-11 10:11:58 --> File not found: C:\xampp\htdocs\websitebinan\writable\uploads\POSTCONTENT\1752491363_8033f5cc6a160faa4e39.jpg
INFO - 2026-05-11 10:11:58 --> Session: Class initialized using 'CodeIgniter\Session\Handlers\FileHandler' driver.
ERROR - 2026-05-11 10:11:58 --> File not found: C:\xampp\htdocs\websitebinan\writable\uploads\POSTCONTENT\1752491708_2ee68cad8c2a4fcee755.jpg
INFO - 2026-05-11 10:11:58 --> Session: Class initialized using 'CodeIgniter\Session\Handlers\FileHandler' driver.
ERROR - 2026-05-11 10:11:58 --> File not found: C:\xampp\htdocs\websitebinan\writable\uploads\POSTCONTENT\1752491553_1116c5425920ad29a5ef.jpg
INFO - 2026-05-11 10:11:58 --> Session: Class initialized using 'CodeIgniter\Session\Handlers\FileHandler' driver.
ERROR - 2026-05-11 10:11:58 --> File not found: C:\xampp\htdocs\websitebinan\writable\uploads\POSTCONTENT\1749107636_44d9a126ab1d74a75ec5.jpg
INFO - 2026-05-11 10:11:58 --> Session: Class initialized using 'CodeIgniter\Session\Handlers\FileHandler' driver.
ERROR - 2026-05-11 10:11:58 --> File not found: C:\xampp\htdocs\websitebinan\writable\uploads\POSTCONTENT\1749103302_e4a3d36d571f864f0bbc.jpg
INFO - 2026-05-11 10:11:58 --> Session: Class initialized using 'CodeIgniter\Session\Handlers\FileHandler' driver.
ERROR - 2026-05-11 10:11:58 --> File not found: C:\xampp\htdocs\websitebinan\writable\uploads\POSTCONTENT\1749107815_451ea82bd13fd8daaaf5.jpg
INFO - 2026-05-11 10:11:58 --> Session: Class initialized using 'CodeIgniter\Session\Handlers\FileHandler' driver.
ERROR - 2026-05-11 10:11:58 --> File not found: C:\xampp\htdocs\websitebinan\writable\uploads\POSTCONTENT\1747411497_cea8a53f64afbeefcbae.jpg
INFO - 2026-05-11 10:11:58 --> Session: Class initialized using 'CodeIgniter\Session\Handlers\FileHandler' driver.
ERROR - 2026-05-11 10:11:58 --> File not found: C:\xampp\htdocs\websitebinan\writable\uploads\POSTCONTENT\1722579567_4a3e4ea0c8331bc2fdb6.png
INFO - 2026-05-11 10:11:58 --> Session: Class initialized using 'CodeIgniter\Session\Handlers\FileHandler' driver.
ERROR - 2026-05-11 10:11:58 --> File not found: C:\xampp\htdocs\websitebinan\writable\uploads\POSTCONTENT\1721955128_5d76fdbca58bff6d5dc9.png
INFO - 2026-05-11 10:11:58 --> Session: Class initialized using 'CodeIgniter\Session\Handlers\FileHandler' driver.
ERROR - 2026-05-11 10:11:58 --> File not found: C:\xampp\htdocs\websitebinan\writable\uploads\POSTCONTENT\1721913938_82175b7a5e6b73f925ed.png
INFO - 2026-05-11 10:11:58 --> Session: Class initialized using 'CodeIgniter\Session\Handlers\FileHandler' driver.
ERROR - 2026-05-11 10:11:58 --> File not found: C:\xampp\htdocs\websitebinan\writable\uploads\POSTCONTENT\1720763939_cf51e8ed5c67487d9cf0.jpg
INFO - 2026-05-11 10:11:58 --> Session: Class initialized using 'CodeIgniter\Session\Handlers\FileHandler' driver.
ERROR - 2026-05-11 10:11:58 --> File not found: C:\xampp\htdocs\websitebinan\writable\uploads\POSTCONTENT\1720161861_89876e3080f71f3530d9.jpg
INFO - 2026-05-11 10:11:58 --> Session: Class initialized using 'CodeIgniter\Session\Handlers\FileHandler' driver.
ERROR - 2026-05-11 10:11:58 --> File not found: C:\xampp\htdocs\websitebinan\writable\uploads\POSTCONTENT\1720161770_63f9a885543e83732987.jpg
INFO - 2026-05-11 10:11:58 --> Session: Class initialized using 'CodeIgniter\Session\Handlers\FileHandler' driver.
INFO - 2026-05-11 10:11:58 --> Session: Class initialized using 'CodeIgniter\Session\Handlers\FileHandler' driver.
ERROR - 2026-05-11 10:11:58 --> File not found: C:\xampp\htdocs\websitebinan\writable\uploads\POSTCONTENT\1720087135_ac9f05f68ecc2ca866ac.jpeg
INFO - 2026-05-11 10:11:58 --> Session: Class initialized using 'CodeIgniter\Session\Handlers\FileHandler' driver.
ERROR - 2026-05-11 10:11:58 --> File not found: C:\xampp\htdocs\websitebinan\writable\uploads\POSTCONTENT\1720087062_efe59c8828331f22a116.jpg
INFO - 2026-05-11 10:11:58 --> Session: Class initialized using 'CodeIgniter\Session\Handlers\FileHandler' driver.
ERROR - 2026-05-11 10:11:58 --> File not found: C:\xampp\htdocs\websitebinan\writable\uploads\POSTCONTENT\1720086681_6f24b94f33ed5e27c3c4.jpg
INFO - 2026-05-11 10:11:59 --> Session: Class initialized using 'CodeIgniter\Session\Handlers\FileHandler' driver.
INFO - 2026-05-11 10:11:59 --> Session: Class initialized using 'CodeIgniter\Session\Handlers\FileHandler' driver.
ERROR - 2026-05-11 10:11:59 --> File not found: C:\xampp\htdocs\websitebinan\writable\uploads\MAYOR\1752560720_0dff09b7b49027edfdc8.png
INFO - 2026-05-11 10:11:59 --> Session: Class initialized using 'CodeIgniter\Session\Handlers\FileHandler' driver.
ERROR - 2026-05-11 10:11:59 --> File not found: C:\xampp\htdocs\websitebinan\writable\uploads\MAYOR\1752539275_f7c514e3b71ad925591b.jpg
INFO - 2026-05-11 10:11:59 --> Session: Class initialized using 'CodeIgniter\Session\Handlers\FileHandler' driver.
ERROR - 2026-05-11 10:11:59 --> File not found: C:\xampp\htdocs\websitebinan\writable\uploads\MAYOR\1752539275_cc5d2e194bb2c24a824e.jpg
INFO - 2026-05-11 10:11:59 --> Session: Class initialized using 'CodeIgniter\Session\Handlers\FileHandler' driver.
ERROR - 2026-05-11 10:11:59 --> File not found: C:\xampp\htdocs\websitebinan\writable\uploads\MAYOR\1752539275_461564b96f4fa7ceb020.jpg
INFO - 2026-05-11 10:11:59 --> Session: Class initialized using 'CodeIgniter\Session\Handlers\FileHandler' driver.
ERROR - 2026-05-11 10:11:59 --> File not found: C:\xampp\htdocs\websitebinan\writable\uploads\MAYOR\1752736418_1ff67fd278268a7aaae6.png
INFO - 2026-05-11 10:11:59 --> Session: Class initialized using 'CodeIgniter\Session\Handlers\FileHandler' driver.
ERROR - 2026-05-11 10:11:59 --> File not found: C:\xampp\htdocs\websitebinan\writable\uploads\MAYOR\1752539275_ea1d0a840cec5bba9fd2.jpg
INFO - 2026-05-11 10:11:59 --> Session: Class initialized using 'CodeIgniter\Session\Handlers\FileHandler' driver.
ERROR - 2026-05-11 10:11:59 --> File not found: C:\xampp\htdocs\websitebinan\writable\uploads\MAYOR\1752539275_fa6c311f39c9c860e58d.jpg
INFO - 2026-05-11 10:12:00 --> Session: Class initialized using 'CodeIgniter\Session\Handlers\FileHandler' driver.
INFO - 2026-05-11 10:12:00 --> Session: Class initialized using 'CodeIgniter\Session\Handlers\FileHandler' driver.
INFO - 2026-05-11 10:12:01 --> Session: Class initialized using 'CodeIgniter\Session\Handlers\FileHandler' driver.
ERROR - 2026-05-11 10:12:01 --> File not found: C:\xampp\htdocs\websitebinan\writable\uploads\ABOUT\1722577197_b544c55a9dac11b5c462.png
INFO - 2026-05-11 10:12:01 --> Session: Class initialized using 'CodeIgniter\Session\Handlers\FileHandler' driver.
ERROR - 2026-05-11 10:12:01 --> File not found: C:\xampp\htdocs\websitebinan\writable\uploads\ABOUT\1748478676_80af2d5fd9b33d3bd0dc.png
INFO - 2026-05-11 10:12:01 --> Session: Class initialized using 'CodeIgniter\Session\Handlers\FileHandler' driver.
ERROR - 2026-05-11 10:12:01 --> File not found: C:\xampp\htdocs\websitebinan\writable\uploads\ABOUT\1722563925_54f03ce817d85fa00ca2.jpg
INFO - 2026-05-11 10:12:01 --> Session: Class initialized using 'CodeIgniter\Session\Handlers\FileHandler' driver.
ERROR - 2026-05-11 10:12:01 --> File not found: C:\xampp\htdocs\websitebinan\writable\uploads\ABOUT\1722563907_d67c507b7939d4ce3efd.jpg
INFO - 2026-05-11 10:12:01 --> Session: Class initialized using 'CodeIgniter\Session\Handlers\FileHandler' driver.
ERROR - 2026-05-11 10:12:01 --> File not found: C:\xampp\htdocs\websitebinan\writable\uploads\ABOUT\1722563887_fbd05bba358d74f19118.jpg
INFO - 2026-05-11 10:12:01 --> Session: Class initialized using 'CodeIgniter\Session\Handlers\FileHandler' driver.
ERROR - 2026-05-11 10:12:01 --> File not found: C:\xampp\htdocs\websitebinan\writable\uploads\ABOUT\1722563794_34aed21fdb77504e305a.png
INFO - 2026-05-11 10:12:01 --> Session: Class initialized using 'CodeIgniter\Session\Handlers\FileHandler' driver.
ERROR - 2026-05-11 10:12:01 --> File not found: C:\xampp\htdocs\websitebinan\writable\uploads\ABOUT\1722563762_58dbf047f10d1d2cfc2c.png
INFO - 2026-05-11 10:12:01 --> Session: Class initialized using 'CodeIgniter\Session\Handlers\FileHandler' driver.
ERROR - 2026-05-11 10:12:01 --> File not found: C:\xampp\htdocs\websitebinan\writable\uploads\ABOUT\1722563728_f91efddb8e7ac4545906.png
INFO - 2026-05-11 10:12:08 --> Session: Class initialized using 'CodeIgniter\Session\Handlers\FileHandler' driver.
INFO - 2026-05-11 10:12:13 --> Session: Class initialized using 'CodeIgniter\Session\Handlers\FileHandler' driver.
INFO - 2026-05-11 10:12:14 --> Session: Class initialized using 'CodeIgniter\Session\Handlers\FileHandler' driver.
INFO - 2026-05-11 10:12:15 --> Session: Class initialized using 'CodeIgniter\Session\Handlers\FileHandler' driver.
INFO - 2026-05-11 10:12:16 --> Session: Class initialized using 'CodeIgniter\Session\Handlers\FileHandler' driver.
INFO - 2026-05-11 10:12:16 --> Session: Class initialized using 'CodeIgniter\Session\Handlers\FileHandler' driver.
ERROR - 2026-05-11 10:12:16 --> File not found: C:\xampp\htdocs\websitebinan\writable\uploads\ABOUT\1722577197_b544c55a9dac11b5c462.png
INFO - 2026-05-11 10:12:16 --> Session: Class initialized using 'CodeIgniter\Session\Handlers\FileHandler' driver.
ERROR - 2026-05-11 10:12:16 --> File not found: C:\xampp\htdocs\websitebinan\writable\uploads\ABOUT\1722563887_fbd05bba358d74f19118.jpg
INFO - 2026-05-11 10:12:16 --> Session: Class initialized using 'CodeIgniter\Session\Handlers\FileHandler' driver.
ERROR - 2026-05-11 10:12:16 --> File not found: C:\xampp\htdocs\websitebinan\writable\uploads\ABOUT\1722563925_54f03ce817d85fa00ca2.jpg
INFO - 2026-05-11 10:12:16 --> Session: Class initialized using 'CodeIgniter\Session\Handlers\FileHandler' driver.
ERROR - 2026-05-11 10:12:16 --> File not found: C:\xampp\htdocs\websitebinan\writable\uploads\ABOUT\1722563794_34aed21fdb77504e305a.png
INFO - 2026-05-11 10:12:16 --> Session: Class initialized using 'CodeIgniter\Session\Handlers\FileHandler' driver.
ERROR - 2026-05-11 10:12:16 --> File not found: C:\xampp\htdocs\websitebinan\writable\uploads\ABOUT\1748478676_80af2d5fd9b33d3bd0dc.png
INFO - 2026-05-11 10:12:16 --> Session: Class initialized using 'CodeIgniter\Session\Handlers\FileHandler' driver.
ERROR - 2026-05-11 10:12:16 --> File not found: C:\xampp\htdocs\websitebinan\writable\uploads\ABOUT\1722563907_d67c507b7939d4ce3efd.jpg
INFO - 2026-05-11 10:12:16 --> Session: Class initialized using 'CodeIgniter\Session\Handlers\FileHandler' driver.
ERROR - 2026-05-11 10:12:16 --> File not found: C:\xampp\htdocs\websitebinan\writable\uploads\ABOUT\1722563762_58dbf047f10d1d2cfc2c.png
INFO - 2026-05-11 10:12:16 --> Session: Class initialized using 'CodeIgniter\Session\Handlers\FileHandler' driver.
ERROR - 2026-05-11 10:12:16 --> File not found: C:\xampp\htdocs\websitebinan\writable\uploads\ABOUT\1722563728_f91efddb8e7ac4545906.png
INFO - 2026-05-11 10:12:18 --> Session: Class initialized using 'CodeIgniter\Session\Handlers\FileHandler' driver.
INFO - 2026-05-11 10:12:19 --> Session: Class initialized using 'CodeIgniter\Session\Handlers\FileHandler' driver.
INFO - 2026-05-11 10:12:19 --> Session: Class initialized using 'CodeIgniter\Session\Handlers\FileHandler' driver.
ERROR - 2026-05-11 10:12:19 --> File not found: C:\xampp\htdocs\websitebinan\writable\uploads\DEPT\1752493797_a17591d9450b08847544.jpg
INFO - 2026-05-11 10:12:19 --> Session: Class initialized using 'CodeIgniter\Session\Handlers\FileHandler' driver.
ERROR - 2026-05-11 10:12:19 --> File not found: C:\xampp\htdocs\websitebinan\writable\uploads\DEPT\1752493664_521483aab78778549f9b.png
INFO - 2026-05-11 10:12:19 --> Session: Class initialized using 'CodeIgniter\Session\Handlers\FileHandler' driver.
ERROR - 2026-05-11 10:12:19 --> File not found: C:\xampp\htdocs\websitebinan\writable\uploads\DEPT\1752493697_2216f8246d7bc3cb6ed7.jpg
INFO - 2026-05-11 10:12:19 --> Session: Class initialized using 'CodeIgniter\Session\Handlers\FileHandler' driver.
ERROR - 2026-05-11 10:12:20 --> File not found: C:\xampp\htdocs\websitebinan\writable\uploads\DEPT\1752493628_80de4c38a77700df1c98.jpg
INFO - 2026-05-11 10:12:20 --> Session: Class initialized using 'CodeIgniter\Session\Handlers\FileHandler' driver.
ERROR - 2026-05-11 10:12:20 --> File not found: C:\xampp\htdocs\websitebinan\writable\uploads\DEPT\1752493763_b4739bc9be0e7364cbb4.png
INFO - 2026-05-11 10:12:20 --> Session: Class initialized using 'CodeIgniter\Session\Handlers\FileHandler' driver.
ERROR - 2026-05-11 10:12:20 --> File not found: C:\xampp\htdocs\websitebinan\writable\uploads\DEPT\1752493596_f80b80acd47a60526ea1.jpg
INFO - 2026-05-11 10:12:20 --> Session: Class initialized using 'CodeIgniter\Session\Handlers\FileHandler' driver.
ERROR - 2026-05-11 10:12:20 --> File not found: C:\xampp\htdocs\websitebinan\writable\uploads\DEPT\1752493485_d021d3661891ca43fa84.png
INFO - 2026-05-11 10:12:20 --> Session: Class initialized using 'CodeIgniter\Session\Handlers\FileHandler' driver.
ERROR - 2026-05-11 10:12:20 --> File not found: C:\xampp\htdocs\websitebinan\writable\uploads\DEPT\1752493565_192d11daee811eb306d0.png
INFO - 2026-05-11 10:12:20 --> Session: Class initialized using 'CodeIgniter\Session\Handlers\FileHandler' driver.
ERROR - 2026-05-11 10:12:20 --> File not found: C:\xampp\htdocs\websitebinan\writable\uploads\DEPT\1752493454_03a1554c7ac16dddb3b3.jpg
INFO - 2026-05-11 10:12:20 --> Session: Class initialized using 'CodeIgniter\Session\Handlers\FileHandler' driver.
ERROR - 2026-05-11 10:12:20 --> File not found: C:\xampp\htdocs\websitebinan\writable\uploads\DEPT\1746694580_df3c9e2021446c1996d7.png
INFO - 2026-05-11 10:12:20 --> Session: Class initialized using 'CodeIgniter\Session\Handlers\FileHandler' driver.
ERROR - 2026-05-11 10:12:20 --> File not found: C:\xampp\htdocs\websitebinan\writable\uploads\DEPT\1752493414_0ab99f8fb99cc2f07b32.jpg
INFO - 2026-05-11 10:12:20 --> Session: Class initialized using 'CodeIgniter\Session\Handlers\FileHandler' driver.
ERROR - 2026-05-11 10:12:20 --> File not found: C:\xampp\htdocs\websitebinan\writable\uploads\DEPT\1746694473_074eb3d7f000b3f9aec2.png
INFO - 2026-05-11 10:12:20 --> Session: Class initialized using 'CodeIgniter\Session\Handlers\FileHandler' driver.
ERROR - 2026-05-11 10:12:20 --> File not found: C:\xampp\htdocs\websitebinan\writable\uploads\DEPT\1746694453_441d660a1ecc67941dd2.png
INFO - 2026-05-11 10:12:20 --> Session: Class initialized using 'CodeIgniter\Session\Handlers\FileHandler' driver.
ERROR - 2026-05-11 10:12:20 --> File not found: C:\xampp\htdocs\websitebinan\writable\uploads\DEPT\1752493328_5e9892869eb5e34b7cd4.jpg
INFO - 2026-05-11 10:12:20 --> Session: Class initialized using 'CodeIgniter\Session\Handlers\FileHandler' driver.
ERROR - 2026-05-11 10:12:20 --> File not found: C:\xampp\htdocs\websitebinan\writable\uploads\DEPT\1746694371_50dc21d5d8efb1979322.png
INFO - 2026-05-11 10:12:20 --> Session: Class initialized using 'CodeIgniter\Session\Handlers\FileHandler' driver.
ERROR - 2026-05-11 10:12:20 --> File not found: C:\xampp\htdocs\websitebinan\writable\uploads\DEPT\1746751862_221f8b213cd14210fc29.png
INFO - 2026-05-11 10:12:20 --> Session: Class initialized using 'CodeIgniter\Session\Handlers\FileHandler' driver.
ERROR - 2026-05-11 10:12:20 --> File not found: C:\xampp\htdocs\websitebinan\writable\uploads\DEPT\1746694308_f19713915d3d95fb3bd8.png
INFO - 2026-05-11 10:12:20 --> Session: Class initialized using 'CodeIgniter\Session\Handlers\FileHandler' driver.
ERROR - 2026-05-11 10:12:20 --> File not found: C:\xampp\htdocs\websitebinan\writable\uploads\DEPT\1752493234_5b776d067998c3b32df7.jpg
INFO - 2026-05-11 10:12:20 --> Session: Class initialized using 'CodeIgniter\Session\Handlers\FileHandler' driver.
ERROR - 2026-05-11 10:12:20 --> File not found: C:\xampp\htdocs\websitebinan\writable\uploads\DEPT\1752493184_d6ef7e644e8bd0947fc8.jpg
INFO - 2026-05-11 10:12:20 --> Session: Class initialized using 'CodeIgniter\Session\Handlers\FileHandler' driver.
ERROR - 2026-05-11 10:12:20 --> File not found: C:\xampp\htdocs\websitebinan\writable\uploads\DEPT\1752493173_3a59c3890d425dbc2f39.jpg
INFO - 2026-05-11 10:12:20 --> Session: Class initialized using 'CodeIgniter\Session\Handlers\FileHandler' driver.
ERROR - 2026-05-11 10:12:20 --> File not found: C:\xampp\htdocs\websitebinan\writable\uploads\DEPT\1746694200_e52bd0c90958226b4302.png
INFO - 2026-05-11 10:12:20 --> Session: Class initialized using 'CodeIgniter\Session\Handlers\FileHandler' driver.
ERROR - 2026-05-11 10:12:20 --> File not found: C:\xampp\htdocs\websitebinan\writable\uploads\DEPT\1752493079_0491d53f1789d43babd8.jpg
INFO - 2026-05-11 10:12:20 --> Session: Class initialized using 'CodeIgniter\Session\Handlers\FileHandler' driver.
ERROR - 2026-05-11 10:12:20 --> File not found: C:\xampp\htdocs\websitebinan\writable\uploads\DEPT\1752492832_70d44c33781e71535e0d.jpg
INFO - 2026-05-11 10:12:20 --> Session: Class initialized using 'CodeIgniter\Session\Handlers\FileHandler' driver.
ERROR - 2026-05-11 10:12:20 --> File not found: C:\xampp\htdocs\websitebinan\writable\uploads\DEPT\1752492798_34d27f26d189ac17030a.png
INFO - 2026-05-11 10:12:20 --> Session: Class initialized using 'CodeIgniter\Session\Handlers\FileHandler' driver.
ERROR - 2026-05-11 10:12:20 --> File not found: C:\xampp\htdocs\websitebinan\writable\uploads\DEPT\1746694030_f0ac067557794e3b6207.png
INFO - 2026-05-11 10:12:20 --> Session: Class initialized using 'CodeIgniter\Session\Handlers\FileHandler' driver.
ERROR - 2026-05-11 10:12:20 --> File not found: C:\xampp\htdocs\websitebinan\writable\uploads\DEPT\1746694000_42b645da94a45fca3c83.png
INFO - 2026-05-11 10:12:20 --> Session: Class initialized using 'CodeIgniter\Session\Handlers\FileHandler' driver.
ERROR - 2026-05-11 10:12:20 --> File not found: C:\xampp\htdocs\websitebinan\writable\uploads\DEPT\1746693973_53a34be9d670476ca31b.png
INFO - 2026-05-11 10:12:20 --> Session: Class initialized using 'CodeIgniter\Session\Handlers\FileHandler' driver.
ERROR - 2026-05-11 10:12:20 --> File not found: C:\xampp\htdocs\websitebinan\writable\uploads\DEPT\1746693943_8612f1c58a4b7df23bfb.png
INFO - 2026-05-11 10:12:20 --> Session: Class initialized using 'CodeIgniter\Session\Handlers\FileHandler' driver.
ERROR - 2026-05-11 10:12:20 --> File not found: C:\xampp\htdocs\websitebinan\writable\uploads\DEPT\1752492728_ee88d9d8fd43533ad745.jpg
INFO - 2026-05-11 10:12:20 --> Session: Class initialized using 'CodeIgniter\Session\Handlers\FileHandler' driver.
ERROR - 2026-05-11 10:12:20 --> File not found: C:\xampp\htdocs\websitebinan\writable\uploads\DEPT\1752492610_92b1d22ecdf8969e5f50.png
INFO - 2026-05-11 10:12:21 --> Session: Class initialized using 'CodeIgniter\Session\Handlers\FileHandler' driver.
ERROR - 2026-05-11 10:12:21 --> File not found: C:\xampp\htdocs\websitebinan\writable\uploads\DEPT\1722558540_de580ab0ad320b7baf69.png
INFO - 2026-05-11 10:12:21 --> Session: Class initialized using 'CodeIgniter\Session\Handlers\FileHandler' driver.
ERROR - 2026-05-11 10:12:21 --> File not found: C:\xampp\htdocs\websitebinan\writable\uploads\DEPT\1722558178_0b4ab22d9354be04ebad.png
INFO - 2026-05-11 10:12:21 --> Session: Class initialized using 'CodeIgniter\Session\Handlers\FileHandler' driver.
ERROR - 2026-05-11 10:12:21 --> File not found: C:\xampp\htdocs\websitebinan\writable\uploads\DEPT\1722558145_70bcc7e13f384aa90f4c.png
INFO - 2026-05-11 10:12:21 --> Session: Class initialized using 'CodeIgniter\Session\Handlers\FileHandler' driver.
ERROR - 2026-05-11 10:12:21 --> File not found: C:\xampp\htdocs\websitebinan\writable\uploads\DEPT\1722558113_2ee80a489b72fff98b1b.png
INFO - 2026-05-11 10:12:21 --> Session: Class initialized using 'CodeIgniter\Session\Handlers\FileHandler' driver.
ERROR - 2026-05-11 10:12:21 --> File not found: C:\xampp\htdocs\websitebinan\writable\uploads\DEPT\1746751881_526eb50aa268d0f3fe3a.png
INFO - 2026-05-11 10:12:21 --> Session: Class initialized using 'CodeIgniter\Session\Handlers\FileHandler' driver.
ERROR - 2026-05-11 10:12:21 --> File not found: C:\xampp\htdocs\websitebinan\writable\uploads\DEPT\1752492415_c8d09f8d244bfc0f69dc.png
INFO - 2026-05-11 10:12:21 --> Session: Class initialized using 'CodeIgniter\Session\Handlers\FileHandler' driver.
ERROR - 2026-05-11 10:12:21 --> File not found: C:\xampp\htdocs\websitebinan\writable\uploads\DEPT\1720746999_6835045fb9c07acb4ff7.png
INFO - 2026-05-11 10:12:21 --> Session: Class initialized using 'CodeIgniter\Session\Handlers\FileHandler' driver.
ERROR - 2026-05-11 10:12:21 --> File not found: C:\xampp\htdocs\websitebinan\writable\uploads\DEPT\1720746916_6b888a2c0b0f5897144f.png
INFO - 2026-05-11 10:12:21 --> Session: Class initialized using 'CodeIgniter\Session\Handlers\FileHandler' driver.
ERROR - 2026-05-11 10:12:21 --> File not found: C:\xampp\htdocs\websitebinan\writable\uploads\DEPT\1746751909_baa4eb3e3328fcf034b9.png
INFO - 2026-05-11 10:12:21 --> Session: Class initialized using 'CodeIgniter\Session\Handlers\FileHandler' driver.
ERROR - 2026-05-11 10:12:21 --> File not found: C:\xampp\htdocs\websitebinan\writable\uploads\DEPT\1717037797_da555380fddbcebb80b6.webp
INFO - 2026-05-11 10:12:21 --> Session: Class initialized using 'CodeIgniter\Session\Handlers\FileHandler' driver.
ERROR - 2026-05-11 10:12:21 --> File not found: C:\xampp\htdocs\websitebinan\writable\uploads\DEPT\1753324249_c677850577c6604233ed.jpg
INFO - 2026-05-11 10:12:25 --> Session: Class initialized using 'CodeIgniter\Session\Handlers\FileHandler' driver.
INFO - 2026-05-11 10:12:25 --> Session: Class initialized using 'CodeIgniter\Session\Handlers\FileHandler' driver.
ERROR - 2026-05-11 10:12:25 --> File not found: C:\xampp\htdocs\websitebinan\writable\uploads\DEPT\1752493797_a17591d9450b08847544.jpg
INFO - 2026-05-11 10:12:31 --> Session: Class initialized using 'CodeIgniter\Session\Handlers\FileHandler' driver.
INFO - 2026-05-11 10:12:31 --> Session: Class initialized using 'CodeIgniter\Session\Handlers\FileHandler' driver.
INFO - 2026-05-11 10:13:49 --> Session: Class initialized using 'CodeIgniter\Session\Handlers\FileHandler' driver.
INFO - 2026-05-11 10:13:49 --> Session: Class initialized using 'CodeIgniter\Session\Handlers\FileHandler' driver.
INFO - 2026-05-11 10:14:02 --> Session: Class initialized using 'CodeIgniter\Session\Handlers\FileHandler' driver.
INFO - 2026-05-11 10:14:03 --> Session: Class initialized using 'CodeIgniter\Session\Handlers\FileHandler' driver.
INFO - 2026-05-11 10:14:13 --> Session: Class initialized using 'CodeIgniter\Session\Handlers\FileHandler' driver.
INFO - 2026-05-11 10:14:14 --> Session: Class initialized using 'CodeIgniter\Session\Handlers\FileHandler' driver.
INFO - 2026-05-11 10:14:17 --> Session: Class initialized using 'CodeIgniter\Session\Handlers\FileHandler' driver.
INFO - 2026-05-11 10:14:18 --> Session: Class initialized using 'CodeIgniter\Session\Handlers\FileHandler' driver.
INFO - 2026-05-11 10:14:26 --> Session: Class initialized using 'CodeIgniter\Session\Handlers\FileHandler' driver.
INFO - 2026-05-11 10:14:26 --> Session: Class initialized using 'CodeIgniter\Session\Handlers\FileHandler' driver.
INFO - 2026-05-11 10:14:34 --> Session: Class initialized using 'CodeIgniter\Session\Handlers\FileHandler' driver.
INFO - 2026-05-11 10:14:34 --> Session: Class initialized using 'CodeIgniter\Session\Handlers\FileHandler' driver.
INFO - 2026-05-11 10:14:35 --> Session: Class initialized using 'CodeIgniter\Session\Handlers\FileHandler' driver.
WARNING - 2026-05-11 10:14:35 --> [DEPRECATED] error_log(): Passing null to parameter #1 ($message) of type string is deprecated in APPPATH\Controllers\Admin.php on line 203.
 1 APPPATH\Controllers\Admin.php(203): error_log(null)
 2 SYSTEMPATH\CodeIgniter.php(934): App\Controllers\Admin->getRecentAnns()
 3 SYSTEMPATH\CodeIgniter.php(499): CodeIgniter\CodeIgniter->runController(Object(App\Controllers\Admin))
 4 SYSTEMPATH\CodeIgniter.php(368): CodeIgniter\CodeIgniter->handleRequest(null, Object(Config\Cache), false)
 5 FCPATH\index.php(67): CodeIgniter\CodeIgniter->run()
INFO - 2026-05-11 10:14:35 --> Session: Class initialized using 'CodeIgniter\Session\Handlers\FileHandler' driver.
WARNING - 2026-05-11 10:14:35 --> [DEPRECATED] error_log(): Passing null to parameter #1 ($message) of type string is deprecated in APPPATH\Controllers\Admin.php on line 170.
 1 APPPATH\Controllers\Admin.php(170): error_log(null)
 2 SYSTEMPATH\CodeIgniter.php(934): App\Controllers\Admin->getRecentNews()
 3 SYSTEMPATH\CodeIgniter.php(499): CodeIgniter\CodeIgniter->runController(Object(App\Controllers\Admin))
 4 SYSTEMPATH\CodeIgniter.php(368): CodeIgniter\CodeIgniter->handleRequest(null, Object(Config\Cache), false)
 5 FCPATH\index.php(67): CodeIgniter\CodeIgniter->run()
INFO - 2026-05-11 10:14:37 --> Session: Class initialized using 'CodeIgniter\Session\Handlers\FileHandler' driver.
INFO - 2026-05-11 10:14:38 --> Session: Class initialized using 'CodeIgniter\Session\Handlers\FileHandler' driver.
INFO - 2026-05-11 10:14:54 --> Session: Class initialized using 'CodeIgniter\Session\Handlers\FileHandler' driver.
INFO - 2026-05-11 10:14:54 --> Session: Class initialized using 'CodeIgniter\Session\Handlers\FileHandler' driver.
INFO - 2026-05-11 10:14:59 --> Session: Class initialized using 'CodeIgniter\Session\Handlers\FileHandler' driver.
INFO - 2026-05-11 10:15:00 --> Session: Class initialized using 'CodeIgniter\Session\Handlers\FileHandler' driver.
INFO - 2026-05-11 10:15:00 --> Session: Class initialized using 'CodeIgniter\Session\Handlers\FileHandler' driver.
WARNING - 2026-05-11 10:15:00 --> [DEPRECATED] error_log(): Passing null to parameter #1 ($message) of type string is deprecated in APPPATH\Controllers\Admin.php on line 203.
 1 APPPATH\Controllers\Admin.php(203): error_log(null)
 2 SYSTEMPATH\CodeIgniter.php(934): App\Controllers\Admin->getRecentAnns()
 3 SYSTEMPATH\CodeIgniter.php(499): CodeIgniter\CodeIgniter->runController(Object(App\Controllers\Admin))
 4 SYSTEMPATH\CodeIgniter.php(368): CodeIgniter\CodeIgniter->handleRequest(null, Object(Config\Cache), false)
 5 FCPATH\index.php(67): CodeIgniter\CodeIgniter->run()
INFO - 2026-05-11 10:15:00 --> Session: Class initialized using 'CodeIgniter\Session\Handlers\FileHandler' driver.
WARNING - 2026-05-11 10:15:00 --> [DEPRECATED] error_log(): Passing null to parameter #1 ($message) of type string is deprecated in APPPATH\Controllers\Admin.php on line 170.
 1 APPPATH\Controllers\Admin.php(170): error_log(null)
 2 SYSTEMPATH\CodeIgniter.php(934): App\Controllers\Admin->getRecentNews()
 3 SYSTEMPATH\CodeIgniter.php(499): CodeIgniter\CodeIgniter->runController(Object(App\Controllers\Admin))
 4 SYSTEMPATH\CodeIgniter.php(368): CodeIgniter\CodeIgniter->handleRequest(null, Object(Config\Cache), false)
 5 FCPATH\index.php(67): CodeIgniter\CodeIgniter->run()
INFO - 2026-05-11 10:15:02 --> Session: Class initialized using 'CodeIgniter\Session\Handlers\FileHandler' driver.
INFO - 2026-05-11 10:15:03 --> Session: Class initialized using 'CodeIgniter\Session\Handlers\FileHandler' driver.
INFO - 2026-05-11 10:15:06 --> Session: Class initialized using 'CodeIgniter\Session\Handlers\FileHandler' driver.
INFO - 2026-05-11 10:15:06 --> Session: Class initialized using 'CodeIgniter\Session\Handlers\FileHandler' driver.
INFO - 2026-05-11 10:15:20 --> Session: Class initialized using 'CodeIgniter\Session\Handlers\FileHandler' driver.
INFO - 2026-05-11 10:20:20 --> Session: Class initialized using 'CodeIgniter\Session\Handlers\FileHandler' driver.
INFO - 2026-05-11 10:23:39 --> Session: Class initialized using 'CodeIgniter\Session\Handlers\FileHandler' driver.
INFO - 2026-05-11 10:26:23 --> Session: Class initialized using 'CodeIgniter\Session\Handlers\FileHandler' driver.
INFO - 2026-05-11 10:26:24 --> Session: Class initialized using 'CodeIgniter\Session\Handlers\FileHandler' driver.
INFO - 2026-05-11 10:26:24 --> Session: Class initialized using 'CodeIgniter\Session\Handlers\FileHandler' driver.
ERROR - 2026-05-11 10:26:24 --> File not found: C:\xampp\htdocs\websitebinan\writable\uploads\DEPT\1752493797_a17591d9450b08847544.jpg
INFO - 2026-05-11 10:26:24 --> Session: Class initialized using 'CodeIgniter\Session\Handlers\FileHandler' driver.
ERROR - 2026-05-11 10:26:24 --> File not found: C:\xampp\htdocs\websitebinan\writable\uploads\DEPT\1752493763_b4739bc9be0e7364cbb4.png
INFO - 2026-05-11 10:26:24 --> Session: Class initialized using 'CodeIgniter\Session\Handlers\FileHandler' driver.
ERROR - 2026-05-11 10:26:24 --> File not found: C:\xampp\htdocs\websitebinan\writable\uploads\DEPT\1752493697_2216f8246d7bc3cb6ed7.jpg
INFO - 2026-05-11 10:26:24 --> Session: Class initialized using 'CodeIgniter\Session\Handlers\FileHandler' driver.
ERROR - 2026-05-11 10:26:24 --> File not found: C:\xampp\htdocs\websitebinan\writable\uploads\DEPT\1752493596_f80b80acd47a60526ea1.jpg
INFO - 2026-05-11 10:26:24 --> Session: Class initialized using 'CodeIgniter\Session\Handlers\FileHandler' driver.
ERROR - 2026-05-11 10:26:24 --> File not found: C:\xampp\htdocs\websitebinan\writable\uploads\DEPT\1752493628_80de4c38a77700df1c98.jpg
INFO - 2026-05-11 10:26:24 --> Session: Class initialized using 'CodeIgniter\Session\Handlers\FileHandler' driver.
ERROR - 2026-05-11 10:26:24 --> File not found: C:\xampp\htdocs\websitebinan\writable\uploads\DEPT\1752493664_521483aab78778549f9b.png
INFO - 2026-05-11 10:26:24 --> Session: Class initialized using 'CodeIgniter\Session\Handlers\FileHandler' driver.
ERROR - 2026-05-11 10:26:24 --> File not found: C:\xampp\htdocs\websitebinan\writable\uploads\DEPT\1752493565_192d11daee811eb306d0.png
INFO - 2026-05-11 10:26:24 --> Session: Class initialized using 'CodeIgniter\Session\Handlers\FileHandler' driver.
ERROR - 2026-05-11 10:26:24 --> File not found: C:\xampp\htdocs\websitebinan\writable\uploads\DEPT\1746694580_df3c9e2021446c1996d7.png
INFO - 2026-05-11 10:26:24 --> Session: Class initialized using 'CodeIgniter\Session\Handlers\FileHandler' driver.
ERROR - 2026-05-11 10:26:24 --> File not found: C:\xampp\htdocs\websitebinan\writable\uploads\DEPT\1752493485_d021d3661891ca43fa84.png
INFO - 2026-05-11 10:26:24 --> Session: Class initialized using 'CodeIgniter\Session\Handlers\FileHandler' driver.
ERROR - 2026-05-11 10:26:24 --> File not found: C:\xampp\htdocs\websitebinan\writable\uploads\DEPT\1752493454_03a1554c7ac16dddb3b3.jpg
INFO - 2026-05-11 10:26:24 --> Session: Class initialized using 'CodeIgniter\Session\Handlers\FileHandler' driver.
ERROR - 2026-05-11 10:26:24 --> File not found: C:\xampp\htdocs\websitebinan\writable\uploads\DEPT\1752493414_0ab99f8fb99cc2f07b32.jpg
INFO - 2026-05-11 10:26:24 --> Session: Class initialized using 'CodeIgniter\Session\Handlers\FileHandler' driver.
ERROR - 2026-05-11 10:26:24 --> File not found: C:\xampp\htdocs\websitebinan\writable\uploads\DEPT\1746694473_074eb3d7f000b3f9aec2.png
INFO - 2026-05-11 10:26:24 --> Session: Class initialized using 'CodeIgniter\Session\Handlers\FileHandler' driver.
ERROR - 2026-05-11 10:26:24 --> File not found: C:\xampp\htdocs\websitebinan\writable\uploads\DEPT\1746694453_441d660a1ecc67941dd2.png
INFO - 2026-05-11 10:26:24 --> Session: Class initialized using 'CodeIgniter\Session\Handlers\FileHandler' driver.
ERROR - 2026-05-11 10:26:24 --> File not found: C:\xampp\htdocs\websitebinan\writable\uploads\DEPT\1752493328_5e9892869eb5e34b7cd4.jpg
INFO - 2026-05-11 10:26:24 --> Session: Class initialized using 'CodeIgniter\Session\Handlers\FileHandler' driver.
ERROR - 2026-05-11 10:26:25 --> File not found: C:\xampp\htdocs\websitebinan\writable\uploads\DEPT\1746694371_50dc21d5d8efb1979322.png
INFO - 2026-05-11 10:26:25 --> Session: Class initialized using 'CodeIgniter\Session\Handlers\FileHandler' driver.
ERROR - 2026-05-11 10:26:25 --> File not found: C:\xampp\htdocs\websitebinan\writable\uploads\DEPT\1746751862_221f8b213cd14210fc29.png
INFO - 2026-05-11 10:26:25 --> Session: Class initialized using 'CodeIgniter\Session\Handlers\FileHandler' driver.
ERROR - 2026-05-11 10:26:25 --> File not found: C:\xampp\htdocs\websitebinan\writable\uploads\DEPT\1746694308_f19713915d3d95fb3bd8.png
INFO - 2026-05-11 10:26:25 --> Session: Class initialized using 'CodeIgniter\Session\Handlers\FileHandler' driver.
ERROR - 2026-05-11 10:26:25 --> File not found: C:\xampp\htdocs\websitebinan\writable\uploads\DEPT\1752493234_5b776d067998c3b32df7.jpg
INFO - 2026-05-11 10:26:25 --> Session: Class initialized using 'CodeIgniter\Session\Handlers\FileHandler' driver.
ERROR - 2026-05-11 10:26:25 --> File not found: C:\xampp\htdocs\websitebinan\writable\uploads\DEPT\1752493184_d6ef7e644e8bd0947fc8.jpg
INFO - 2026-05-11 10:26:25 --> Session: Class initialized using 'CodeIgniter\Session\Handlers\FileHandler' driver.
ERROR - 2026-05-11 10:26:25 --> File not found: C:\xampp\htdocs\websitebinan\writable\uploads\DEPT\1752493173_3a59c3890d425dbc2f39.jpg
INFO - 2026-05-11 10:26:25 --> Session: Class initialized using 'CodeIgniter\Session\Handlers\FileHandler' driver.
ERROR - 2026-05-11 10:26:25 --> File not found: C:\xampp\htdocs\websitebinan\writable\uploads\DEPT\1746694200_e52bd0c90958226b4302.png
INFO - 2026-05-11 10:26:25 --> Session: Class initialized using 'CodeIgniter\Session\Handlers\FileHandler' driver.
ERROR - 2026-05-11 10:26:25 --> File not found: C:\xampp\htdocs\websitebinan\writable\uploads\DEPT\1752493079_0491d53f1789d43babd8.jpg
INFO - 2026-05-11 10:26:25 --> Session: Class initialized using 'CodeIgniter\Session\Handlers\FileHandler' driver.
ERROR - 2026-05-11 10:26:25 --> File not found: C:\xampp\htdocs\websitebinan\writable\uploads\DEPT\1752492832_70d44c33781e71535e0d.jpg
INFO - 2026-05-11 10:26:25 --> Session: Class initialized using 'CodeIgniter\Session\Handlers\FileHandler' driver.
ERROR - 2026-05-11 10:26:25 --> File not found: C:\xampp\htdocs\websitebinan\writable\uploads\DEPT\1752492798_34d27f26d189ac17030a.png
INFO - 2026-05-11 10:26:25 --> Session: Class initialized using 'CodeIgniter\Session\Handlers\FileHandler' driver.
ERROR - 2026-05-11 10:26:25 --> File not found: C:\xampp\htdocs\websitebinan\writable\uploads\DEPT\1746694030_f0ac067557794e3b6207.png
INFO - 2026-05-11 10:26:25 --> Session: Class initialized using 'CodeIgniter\Session\Handlers\FileHandler' driver.
ERROR - 2026-05-11 10:26:25 --> File not found: C:\xampp\htdocs\websitebinan\writable\uploads\DEPT\1746694000_42b645da94a45fca3c83.png
INFO - 2026-05-11 10:26:25 --> Session: Class initialized using 'CodeIgniter\Session\Handlers\FileHandler' driver.
ERROR - 2026-05-11 10:26:25 --> File not found: C:\xampp\htdocs\websitebinan\writable\uploads\DEPT\1746693973_53a34be9d670476ca31b.png
INFO - 2026-05-11 10:26:25 --> Session: Class initialized using 'CodeIgniter\Session\Handlers\FileHandler' driver.
ERROR - 2026-05-11 10:26:25 --> File not found: C:\xampp\htdocs\websitebinan\writable\uploads\DEPT\1746693943_8612f1c58a4b7df23bfb.png
INFO - 2026-05-11 10:26:25 --> Session: Class initialized using 'CodeIgniter\Session\Handlers\FileHandler' driver.
ERROR - 2026-05-11 10:26:25 --> File not found: C:\xampp\htdocs\websitebinan\writable\uploads\DEPT\1752492728_ee88d9d8fd43533ad745.jpg
INFO - 2026-05-11 10:26:25 --> Session: Class initialized using 'CodeIgniter\Session\Handlers\FileHandler' driver.
ERROR - 2026-05-11 10:26:25 --> File not found: C:\xampp\htdocs\websitebinan\writable\uploads\DEPT\1752492610_92b1d22ecdf8969e5f50.png
INFO - 2026-05-11 10:26:25 --> Session: Class initialized using 'CodeIgniter\Session\Handlers\FileHandler' driver.
ERROR - 2026-05-11 10:26:25 --> File not found: C:\xampp\htdocs\websitebinan\writable\uploads\DEPT\1722558540_de580ab0ad320b7baf69.png
INFO - 2026-05-11 10:26:25 --> Session: Class initialized using 'CodeIgniter\Session\Handlers\FileHandler' driver.
ERROR - 2026-05-11 10:26:25 --> File not found: C:\xampp\htdocs\websitebinan\writable\uploads\DEPT\1722558178_0b4ab22d9354be04ebad.png
INFO - 2026-05-11 10:26:25 --> Session: Class initialized using 'CodeIgniter\Session\Handlers\FileHandler' driver.
ERROR - 2026-05-11 10:26:25 --> File not found: C:\xampp\htdocs\websitebinan\writable\uploads\DEPT\1722558145_70bcc7e13f384aa90f4c.png
INFO - 2026-05-11 10:26:25 --> Session: Class initialized using 'CodeIgniter\Session\Handlers\FileHandler' driver.
ERROR - 2026-05-11 10:26:25 --> File not found: C:\xampp\htdocs\websitebinan\writable\uploads\DEPT\1722558113_2ee80a489b72fff98b1b.png
INFO - 2026-05-11 10:26:25 --> Session: Class initialized using 'CodeIgniter\Session\Handlers\FileHandler' driver.
ERROR - 2026-05-11 10:26:25 --> File not found: C:\xampp\htdocs\websitebinan\writable\uploads\DEPT\1746751881_526eb50aa268d0f3fe3a.png
INFO - 2026-05-11 10:26:25 --> Session: Class initialized using 'CodeIgniter\Session\Handlers\FileHandler' driver.
ERROR - 2026-05-11 10:26:25 --> File not found: C:\xampp\htdocs\websitebinan\writable\uploads\DEPT\1752492415_c8d09f8d244bfc0f69dc.png
INFO - 2026-05-11 10:26:25 --> Session: Class initialized using 'CodeIgniter\Session\Handlers\FileHandler' driver.
ERROR - 2026-05-11 10:26:25 --> File not found: C:\xampp\htdocs\websitebinan\writable\uploads\DEPT\1720746999_6835045fb9c07acb4ff7.png
INFO - 2026-05-11 10:26:25 --> Session: Class initialized using 'CodeIgniter\Session\Handlers\FileHandler' driver.
ERROR - 2026-05-11 10:26:25 --> File not found: C:\xampp\htdocs\websitebinan\writable\uploads\DEPT\1720746916_6b888a2c0b0f5897144f.png
INFO - 2026-05-11 10:26:25 --> Session: Class initialized using 'CodeIgniter\Session\Handlers\FileHandler' driver.
ERROR - 2026-05-11 10:26:25 --> File not found: C:\xampp\htdocs\websitebinan\writable\uploads\DEPT\1746751909_baa4eb3e3328fcf034b9.png
INFO - 2026-05-11 10:26:25 --> Session: Class initialized using 'CodeIgniter\Session\Handlers\FileHandler' driver.
ERROR - 2026-05-11 10:26:25 --> File not found: C:\xampp\htdocs\websitebinan\writable\uploads\DEPT\1717037797_da555380fddbcebb80b6.webp
INFO - 2026-05-11 10:26:25 --> Session: Class initialized using 'CodeIgniter\Session\Handlers\FileHandler' driver.
ERROR - 2026-05-11 10:26:25 --> File not found: C:\xampp\htdocs\websitebinan\writable\uploads\DEPT\1753324249_c677850577c6604233ed.jpg
INFO - 2026-05-11 10:26:31 --> Session: Class initialized using 'CodeIgniter\Session\Handlers\FileHandler' driver.
INFO - 2026-05-11 10:26:31 --> Session: Class initialized using 'CodeIgniter\Session\Handlers\FileHandler' driver.
INFO - 2026-05-11 10:29:39 --> Session: Class initialized using 'CodeIgniter\Session\Handlers\FileHandler' driver.
INFO - 2026-05-11 10:29:40 --> Session: Class initialized using 'CodeIgniter\Session\Handlers\FileHandler' driver.
INFO - 2026-05-11 10:29:40 --> Session: Class initialized using 'CodeIgniter\Session\Handlers\FileHandler' driver.
ERROR - 2026-05-11 10:29:40 --> File not found: C:\xampp\htdocs\websitebinan\writable\uploads\DEPT\1752493797_a17591d9450b08847544.jpg
INFO - 2026-05-11 10:29:40 --> Session: Class initialized using 'CodeIgniter\Session\Handlers\FileHandler' driver.
ERROR - 2026-05-11 10:29:40 --> File not found: C:\xampp\htdocs\websitebinan\writable\uploads\DEPT\1752493763_b4739bc9be0e7364cbb4.png
INFO - 2026-05-11 10:29:40 --> Session: Class initialized using 'CodeIgniter\Session\Handlers\FileHandler' driver.
ERROR - 2026-05-11 10:29:40 --> File not found: C:\xampp\htdocs\websitebinan\writable\uploads\DEPT\1752493664_521483aab78778549f9b.png
INFO - 2026-05-11 10:29:40 --> Session: Class initialized using 'CodeIgniter\Session\Handlers\FileHandler' driver.
ERROR - 2026-05-11 10:29:40 --> File not found: C:\xampp\htdocs\websitebinan\writable\uploads\DEPT\1752493628_80de4c38a77700df1c98.jpg
INFO - 2026-05-11 10:29:40 --> Session: Class initialized using 'CodeIgniter\Session\Handlers\FileHandler' driver.
ERROR - 2026-05-11 10:29:41 --> File not found: C:\xampp\htdocs\websitebinan\writable\uploads\DEPT\1752493697_2216f8246d7bc3cb6ed7.jpg
INFO - 2026-05-11 10:29:41 --> Session: Class initialized using 'CodeIgniter\Session\Handlers\FileHandler' driver.
ERROR - 2026-05-11 10:29:41 --> File not found: C:\xampp\htdocs\websitebinan\writable\uploads\DEPT\1752493596_f80b80acd47a60526ea1.jpg
INFO - 2026-05-11 10:29:41 --> Session: Class initialized using 'CodeIgniter\Session\Handlers\FileHandler' driver.
ERROR - 2026-05-11 10:29:41 --> File not found: C:\xampp\htdocs\websitebinan\writable\uploads\DEPT\1752493565_192d11daee811eb306d0.png
INFO - 2026-05-11 10:29:41 --> Session: Class initialized using 'CodeIgniter\Session\Handlers\FileHandler' driver.
ERROR - 2026-05-11 10:29:41 --> File not found: C:\xampp\htdocs\websitebinan\writable\uploads\DEPT\1752493485_d021d3661891ca43fa84.png
INFO - 2026-05-11 10:29:41 --> Session: Class initialized using 'CodeIgniter\Session\Handlers\FileHandler' driver.
ERROR - 2026-05-11 10:29:41 --> File not found: C:\xampp\htdocs\websitebinan\writable\uploads\DEPT\1752493454_03a1554c7ac16dddb3b3.jpg
INFO - 2026-05-11 10:29:41 --> Session: Class initialized using 'CodeIgniter\Session\Handlers\FileHandler' driver.
ERROR - 2026-05-11 10:29:41 --> File not found: C:\xampp\htdocs\websitebinan\writable\uploads\DEPT\1746694580_df3c9e2021446c1996d7.png
INFO - 2026-05-11 10:29:41 --> Session: Class initialized using 'CodeIgniter\Session\Handlers\FileHandler' driver.
ERROR - 2026-05-11 10:29:41 --> File not found: C:\xampp\htdocs\websitebinan\writable\uploads\DEPT\1752493414_0ab99f8fb99cc2f07b32.jpg
INFO - 2026-05-11 10:29:41 --> Session: Class initialized using 'CodeIgniter\Session\Handlers\FileHandler' driver.
ERROR - 2026-05-11 10:29:41 --> File not found: C:\xampp\htdocs\websitebinan\writable\uploads\DEPT\1746694473_074eb3d7f000b3f9aec2.png
INFO - 2026-05-11 10:29:41 --> Session: Class initialized using 'CodeIgniter\Session\Handlers\FileHandler' driver.
ERROR - 2026-05-11 10:29:41 --> File not found: C:\xampp\htdocs\websitebinan\writable\uploads\DEPT\1746694453_441d660a1ecc67941dd2.png
INFO - 2026-05-11 10:29:41 --> Session: Class initialized using 'CodeIgniter\Session\Handlers\FileHandler' driver.
ERROR - 2026-05-11 10:29:41 --> File not found: C:\xampp\htdocs\websitebinan\writable\uploads\DEPT\1752493328_5e9892869eb5e34b7cd4.jpg
INFO - 2026-05-11 10:29:41 --> Session: Class initialized using 'CodeIgniter\Session\Handlers\FileHandler' driver.
ERROR - 2026-05-11 10:29:41 --> File not found: C:\xampp\htdocs\websitebinan\writable\uploads\DEPT\1746694371_50dc21d5d8efb1979322.png
INFO - 2026-05-11 10:29:41 --> Session: Class initialized using 'CodeIgniter\Session\Handlers\FileHandler' driver.
ERROR - 2026-05-11 10:29:41 --> File not found: C:\xampp\htdocs\websitebinan\writable\uploads\DEPT\1746751862_221f8b213cd14210fc29.png
INFO - 2026-05-11 10:29:41 --> Session: Class initialized using 'CodeIgniter\Session\Handlers\FileHandler' driver.
ERROR - 2026-05-11 10:29:41 --> File not found: C:\xampp\htdocs\websitebinan\writable\uploads\DEPT\1746694308_f19713915d3d95fb3bd8.png
INFO - 2026-05-11 10:29:41 --> Session: Class initialized using 'CodeIgniter\Session\Handlers\FileHandler' driver.
ERROR - 2026-05-11 10:29:41 --> File not found: C:\xampp\htdocs\websitebinan\writable\uploads\DEPT\1752493234_5b776d067998c3b32df7.jpg
INFO - 2026-05-11 10:29:41 --> Session: Class initialized using 'CodeIgniter\Session\Handlers\FileHandler' driver.
ERROR - 2026-05-11 10:29:41 --> File not found: C:\xampp\htdocs\websitebinan\writable\uploads\DEPT\1752493184_d6ef7e644e8bd0947fc8.jpg
INFO - 2026-05-11 10:29:41 --> Session: Class initialized using 'CodeIgniter\Session\Handlers\FileHandler' driver.
ERROR - 2026-05-11 10:29:41 --> File not found: C:\xampp\htdocs\websitebinan\writable\uploads\DEPT\1752493173_3a59c3890d425dbc2f39.jpg
INFO - 2026-05-11 10:29:41 --> Session: Class initialized using 'CodeIgniter\Session\Handlers\FileHandler' driver.
ERROR - 2026-05-11 10:29:41 --> File not found: C:\xampp\htdocs\websitebinan\writable\uploads\DEPT\1746694200_e52bd0c90958226b4302.png
INFO - 2026-05-11 10:29:41 --> Session: Class initialized using 'CodeIgniter\Session\Handlers\FileHandler' driver.
ERROR - 2026-05-11 10:29:41 --> File not found: C:\xampp\htdocs\websitebinan\writable\uploads\DEPT\1752493079_0491d53f1789d43babd8.jpg
INFO - 2026-05-11 10:29:41 --> Session: Class initialized using 'CodeIgniter\Session\Handlers\FileHandler' driver.
ERROR - 2026-05-11 10:29:41 --> File not found: C:\xampp\htdocs\websitebinan\writable\uploads\DEPT\1752492832_70d44c33781e71535e0d.jpg
INFO - 2026-05-11 10:29:41 --> Session: Class initialized using 'CodeIgniter\Session\Handlers\FileHandler' driver.
ERROR - 2026-05-11 10:29:41 --> File not found: C:\xampp\htdocs\websitebinan\writable\uploads\DEPT\1752492798_34d27f26d189ac17030a.png
INFO - 2026-05-11 10:29:41 --> Session: Class initialized using 'CodeIgniter\Session\Handlers\FileHandler' driver.
ERROR - 2026-05-11 10:29:41 --> File not found: C:\xampp\htdocs\websitebinan\writable\uploads\DEPT\1746694030_f0ac067557794e3b6207.png
INFO - 2026-05-11 10:29:41 --> Session: Class initialized using 'CodeIgniter\Session\Handlers\FileHandler' driver.
ERROR - 2026-05-11 10:29:41 --> File not found: C:\xampp\htdocs\websitebinan\writable\uploads\DEPT\1746694000_42b645da94a45fca3c83.png
INFO - 2026-05-11 10:29:41 --> Session: Class initialized using 'CodeIgniter\Session\Handlers\FileHandler' driver.
ERROR - 2026-05-11 10:29:41 --> File not found: C:\xampp\htdocs\websitebinan\writable\uploads\DEPT\1746693973_53a34be9d670476ca31b.png
INFO - 2026-05-11 10:29:41 --> Session: Class initialized using 'CodeIgniter\Session\Handlers\FileHandler' driver.
ERROR - 2026-05-11 10:29:41 --> File not found: C:\xampp\htdocs\websitebinan\writable\uploads\DEPT\1746693943_8612f1c58a4b7df23bfb.png
INFO - 2026-05-11 10:29:41 --> Session: Class initialized using 'CodeIgniter\Session\Handlers\FileHandler' driver.
ERROR - 2026-05-11 10:29:41 --> File not found: C:\xampp\htdocs\websitebinan\writable\uploads\DEPT\1752492728_ee88d9d8fd43533ad745.jpg
INFO - 2026-05-11 10:29:41 --> Session: Class initialized using 'CodeIgniter\Session\Handlers\FileHandler' driver.
ERROR - 2026-05-11 10:29:41 --> File not found: C:\xampp\htdocs\websitebinan\writable\uploads\DEPT\1752492610_92b1d22ecdf8969e5f50.png
INFO - 2026-05-11 10:29:42 --> Session: Class initialized using 'CodeIgniter\Session\Handlers\FileHandler' driver.
ERROR - 2026-05-11 10:29:42 --> File not found: C:\xampp\htdocs\websitebinan\writable\uploads\DEPT\1722558540_de580ab0ad320b7baf69.png
INFO - 2026-05-11 10:29:42 --> Session: Class initialized using 'CodeIgniter\Session\Handlers\FileHandler' driver.
ERROR - 2026-05-11 10:29:42 --> File not found: C:\xampp\htdocs\websitebinan\writable\uploads\DEPT\1722558178_0b4ab22d9354be04ebad.png
INFO - 2026-05-11 10:29:42 --> Session: Class initialized using 'CodeIgniter\Session\Handlers\FileHandler' driver.
ERROR - 2026-05-11 10:29:42 --> File not found: C:\xampp\htdocs\websitebinan\writable\uploads\DEPT\1722558145_70bcc7e13f384aa90f4c.png
INFO - 2026-05-11 10:29:42 --> Session: Class initialized using 'CodeIgniter\Session\Handlers\FileHandler' driver.
ERROR - 2026-05-11 10:29:42 --> File not found: C:\xampp\htdocs\websitebinan\writable\uploads\DEPT\1722558113_2ee80a489b72fff98b1b.png
INFO - 2026-05-11 10:29:42 --> Session: Class initialized using 'CodeIgniter\Session\Handlers\FileHandler' driver.
ERROR - 2026-05-11 10:29:42 --> File not found: C:\xampp\htdocs\websitebinan\writable\uploads\DEPT\1746751881_526eb50aa268d0f3fe3a.png
INFO - 2026-05-11 10:29:42 --> Session: Class initialized using 'CodeIgniter\Session\Handlers\FileHandler' driver.
ERROR - 2026-05-11 10:29:42 --> File not found: C:\xampp\htdocs\websitebinan\writable\uploads\DEPT\1752492415_c8d09f8d244bfc0f69dc.png
INFO - 2026-05-11 10:29:42 --> Session: Class initialized using 'CodeIgniter\Session\Handlers\FileHandler' driver.
ERROR - 2026-05-11 10:29:42 --> File not found: C:\xampp\htdocs\websitebinan\writable\uploads\DEPT\1720746999_6835045fb9c07acb4ff7.png
INFO - 2026-05-11 10:29:42 --> Session: Class initialized using 'CodeIgniter\Session\Handlers\FileHandler' driver.
ERROR - 2026-05-11 10:29:42 --> File not found: C:\xampp\htdocs\websitebinan\writable\uploads\DEPT\1720746916_6b888a2c0b0f5897144f.png
INFO - 2026-05-11 10:29:42 --> Session: Class initialized using 'CodeIgniter\Session\Handlers\FileHandler' driver.
ERROR - 2026-05-11 10:29:42 --> File not found: C:\xampp\htdocs\websitebinan\writable\uploads\DEPT\1746751909_baa4eb3e3328fcf034b9.png
INFO - 2026-05-11 10:29:42 --> Session: Class initialized using 'CodeIgniter\Session\Handlers\FileHandler' driver.
ERROR - 2026-05-11 10:29:42 --> File not found: C:\xampp\htdocs\websitebinan\writable\uploads\DEPT\1717037797_da555380fddbcebb80b6.webp
INFO - 2026-05-11 10:29:42 --> Session: Class initialized using 'CodeIgniter\Session\Handlers\FileHandler' driver.
ERROR - 2026-05-11 10:29:42 --> File not found: C:\xampp\htdocs\websitebinan\writable\uploads\DEPT\1753324249_c677850577c6604233ed.jpg
INFO - 2026-05-11 10:32:06 --> Session: Class initialized using 'CodeIgniter\Session\Handlers\FileHandler' driver.
INFO - 2026-05-11 10:32:07 --> Session: Class initialized using 'CodeIgniter\Session\Handlers\FileHandler' driver.
INFO - 2026-05-11 10:32:07 --> Session: Class initialized using 'CodeIgniter\Session\Handlers\FileHandler' driver.
ERROR - 2026-05-11 10:32:07 --> File not found: C:\xampp\htdocs\websitebinan\writable\uploads\DEPT\1752493797_a17591d9450b08847544.jpg
INFO - 2026-05-11 10:32:07 --> Session: Class initialized using 'CodeIgniter\Session\Handlers\FileHandler' driver.
ERROR - 2026-05-11 10:32:07 --> File not found: C:\xampp\htdocs\websitebinan\writable\uploads\DEPT\1752493763_b4739bc9be0e7364cbb4.png
INFO - 2026-05-11 10:32:07 --> Session: Class initialized using 'CodeIgniter\Session\Handlers\FileHandler' driver.
ERROR - 2026-05-11 10:32:07 --> File not found: C:\xampp\htdocs\websitebinan\writable\uploads\DEPT\1752493664_521483aab78778549f9b.png
INFO - 2026-05-11 10:32:07 --> Session: Class initialized using 'CodeIgniter\Session\Handlers\FileHandler' driver.
ERROR - 2026-05-11 10:32:07 --> File not found: C:\xampp\htdocs\websitebinan\writable\uploads\DEPT\1752493628_80de4c38a77700df1c98.jpg
INFO - 2026-05-11 10:32:07 --> Session: Class initialized using 'CodeIgniter\Session\Handlers\FileHandler' driver.
ERROR - 2026-05-11 10:32:07 --> File not found: C:\xampp\htdocs\websitebinan\writable\uploads\DEPT\1752493697_2216f8246d7bc3cb6ed7.jpg
INFO - 2026-05-11 10:32:07 --> Session: Class initialized using 'CodeIgniter\Session\Handlers\FileHandler' driver.
ERROR - 2026-05-11 10:32:08 --> File not found: C:\xampp\htdocs\websitebinan\writable\uploads\DEPT\1752493596_f80b80acd47a60526ea1.jpg
INFO - 2026-05-11 10:32:08 --> Session: Class initialized using 'CodeIgniter\Session\Handlers\FileHandler' driver.
ERROR - 2026-05-11 10:32:08 --> File not found: C:\xampp\htdocs\websitebinan\writable\uploads\DEPT\1752493565_192d11daee811eb306d0.png
INFO - 2026-05-11 10:32:08 --> Session: Class initialized using 'CodeIgniter\Session\Handlers\FileHandler' driver.
ERROR - 2026-05-11 10:32:08 --> File not found: C:\xampp\htdocs\websitebinan\writable\uploads\DEPT\1746694580_df3c9e2021446c1996d7.png
INFO - 2026-05-11 10:32:08 --> Session: Class initialized using 'CodeIgniter\Session\Handlers\FileHandler' driver.
ERROR - 2026-05-11 10:32:08 --> File not found: C:\xampp\htdocs\websitebinan\writable\uploads\DEPT\1752493485_d021d3661891ca43fa84.png
INFO - 2026-05-11 10:32:08 --> Session: Class initialized using 'CodeIgniter\Session\Handlers\FileHandler' driver.
ERROR - 2026-05-11 10:32:08 --> File not found: C:\xampp\htdocs\websitebinan\writable\uploads\DEPT\1752493454_03a1554c7ac16dddb3b3.jpg
INFO - 2026-05-11 10:32:08 --> Session: Class initialized using 'CodeIgniter\Session\Handlers\FileHandler' driver.
ERROR - 2026-05-11 10:32:08 --> File not found: C:\xampp\htdocs\websitebinan\writable\uploads\DEPT\1752493414_0ab99f8fb99cc2f07b32.jpg
INFO - 2026-05-11 10:32:08 --> Session: Class initialized using 'CodeIgniter\Session\Handlers\FileHandler' driver.
ERROR - 2026-05-11 10:32:08 --> File not found: C:\xampp\htdocs\websitebinan\writable\uploads\DEPT\1746694473_074eb3d7f000b3f9aec2.png
INFO - 2026-05-11 10:32:08 --> Session: Class initialized using 'CodeIgniter\Session\Handlers\FileHandler' driver.
ERROR - 2026-05-11 10:32:08 --> File not found: C:\xampp\htdocs\websitebinan\writable\uploads\DEPT\1746694453_441d660a1ecc67941dd2.png
INFO - 2026-05-11 10:32:08 --> Session: Class initialized using 'CodeIgniter\Session\Handlers\FileHandler' driver.
ERROR - 2026-05-11 10:32:08 --> File not found: C:\xampp\htdocs\websitebinan\writable\uploads\DEPT\1752493328_5e9892869eb5e34b7cd4.jpg
INFO - 2026-05-11 10:32:08 --> Session: Class initialized using 'CodeIgniter\Session\Handlers\FileHandler' driver.
ERROR - 2026-05-11 10:32:08 --> File not found: C:\xampp\htdocs\websitebinan\writable\uploads\DEPT\1746694371_50dc21d5d8efb1979322.png
INFO - 2026-05-11 10:32:08 --> Session: Class initialized using 'CodeIgniter\Session\Handlers\FileHandler' driver.
ERROR - 2026-05-11 10:32:08 --> File not found: C:\xampp\htdocs\websitebinan\writable\uploads\DEPT\1746751862_221f8b213cd14210fc29.png
INFO - 2026-05-11 10:32:08 --> Session: Class initialized using 'CodeIgniter\Session\Handlers\FileHandler' driver.
ERROR - 2026-05-11 10:32:08 --> File not found: C:\xampp\htdocs\websitebinan\writable\uploads\DEPT\1746694308_f19713915d3d95fb3bd8.png
INFO - 2026-05-11 10:32:08 --> Session: Class initialized using 'CodeIgniter\Session\Handlers\FileHandler' driver.
ERROR - 2026-05-11 10:32:08 --> File not found: C:\xampp\htdocs\websitebinan\writable\uploads\DEPT\1752493234_5b776d067998c3b32df7.jpg
INFO - 2026-05-11 10:32:08 --> Session: Class initialized using 'CodeIgniter\Session\Handlers\FileHandler' driver.
ERROR - 2026-05-11 10:32:08 --> File not found: C:\xampp\htdocs\websitebinan\writable\uploads\DEPT\1752493184_d6ef7e644e8bd0947fc8.jpg
INFO - 2026-05-11 10:32:08 --> Session: Class initialized using 'CodeIgniter\Session\Handlers\FileHandler' driver.
ERROR - 2026-05-11 10:32:08 --> File not found: C:\xampp\htdocs\websitebinan\writable\uploads\DEPT\1752493173_3a59c3890d425dbc2f39.jpg
INFO - 2026-05-11 10:32:08 --> Session: Class initialized using 'CodeIgniter\Session\Handlers\FileHandler' driver.
ERROR - 2026-05-11 10:32:08 --> File not found: C:\xampp\htdocs\websitebinan\writable\uploads\DEPT\1746694200_e52bd0c90958226b4302.png
INFO - 2026-05-11 10:32:08 --> Session: Class initialized using 'CodeIgniter\Session\Handlers\FileHandler' driver.
ERROR - 2026-05-11 10:32:08 --> File not found: C:\xampp\htdocs\websitebinan\writable\uploads\DEPT\1752493079_0491d53f1789d43babd8.jpg
INFO - 2026-05-11 10:32:08 --> Session: Class initialized using 'CodeIgniter\Session\Handlers\FileHandler' driver.
ERROR - 2026-05-11 10:32:08 --> File not found: C:\xampp\htdocs\websitebinan\writable\uploads\DEPT\1752492832_70d44c33781e71535e0d.jpg
INFO - 2026-05-11 10:32:08 --> Session: Class initialized using 'CodeIgniter\Session\Handlers\FileHandler' driver.
ERROR - 2026-05-11 10:32:08 --> File not found: C:\xampp\htdocs\websitebinan\writable\uploads\DEPT\1752492798_34d27f26d189ac17030a.png
INFO - 2026-05-11 10:32:08 --> Session: Class initialized using 'CodeIgniter\Session\Handlers\FileHandler' driver.
ERROR - 2026-05-11 10:32:08 --> File not found: C:\xampp\htdocs\websitebinan\writable\uploads\DEPT\1746694030_f0ac067557794e3b6207.png
INFO - 2026-05-11 10:32:08 --> Session: Class initialized using 'CodeIgniter\Session\Handlers\FileHandler' driver.
ERROR - 2026-05-11 10:32:08 --> File not found: C:\xampp\htdocs\websitebinan\writable\uploads\DEPT\1746694000_42b645da94a45fca3c83.png
INFO - 2026-05-11 10:32:08 --> Session: Class initialized using 'CodeIgniter\Session\Handlers\FileHandler' driver.
ERROR - 2026-05-11 10:32:08 --> File not found: C:\xampp\htdocs\websitebinan\writable\uploads\DEPT\1746693973_53a34be9d670476ca31b.png
INFO - 2026-05-11 10:32:08 --> Session: Class initialized using 'CodeIgniter\Session\Handlers\FileHandler' driver.
ERROR - 2026-05-11 10:32:08 --> File not found: C:\xampp\htdocs\websitebinan\writable\uploads\DEPT\1746693943_8612f1c58a4b7df23bfb.png
INFO - 2026-05-11 10:32:08 --> Session: Class initialized using 'CodeIgniter\Session\Handlers\FileHandler' driver.
ERROR - 2026-05-11 10:32:08 --> File not found: C:\xampp\htdocs\websitebinan\writable\uploads\DEPT\1752492728_ee88d9d8fd43533ad745.jpg
INFO - 2026-05-11 10:32:08 --> Session: Class initialized using 'CodeIgniter\Session\Handlers\FileHandler' driver.
ERROR - 2026-05-11 10:32:08 --> File not found: C:\xampp\htdocs\websitebinan\writable\uploads\DEPT\1752492610_92b1d22ecdf8969e5f50.png
INFO - 2026-05-11 10:32:09 --> Session: Class initialized using 'CodeIgniter\Session\Handlers\FileHandler' driver.
ERROR - 2026-05-11 10:32:09 --> File not found: C:\xampp\htdocs\websitebinan\writable\uploads\DEPT\1722558540_de580ab0ad320b7baf69.png
INFO - 2026-05-11 10:32:09 --> Session: Class initialized using 'CodeIgniter\Session\Handlers\FileHandler' driver.
ERROR - 2026-05-11 10:32:09 --> File not found: C:\xampp\htdocs\websitebinan\writable\uploads\DEPT\1722558178_0b4ab22d9354be04ebad.png
INFO - 2026-05-11 10:32:09 --> Session: Class initialized using 'CodeIgniter\Session\Handlers\FileHandler' driver.
ERROR - 2026-05-11 10:32:09 --> File not found: C:\xampp\htdocs\websitebinan\writable\uploads\DEPT\1722558145_70bcc7e13f384aa90f4c.png
INFO - 2026-05-11 10:32:09 --> Session: Class initialized using 'CodeIgniter\Session\Handlers\FileHandler' driver.
ERROR - 2026-05-11 10:32:09 --> File not found: C:\xampp\htdocs\websitebinan\writable\uploads\DEPT\1722558113_2ee80a489b72fff98b1b.png
INFO - 2026-05-11 10:32:09 --> Session: Class initialized using 'CodeIgniter\Session\Handlers\FileHandler' driver.
ERROR - 2026-05-11 10:32:09 --> File not found: C:\xampp\htdocs\websitebinan\writable\uploads\DEPT\1746751881_526eb50aa268d0f3fe3a.png
INFO - 2026-05-11 10:32:09 --> Session: Class initialized using 'CodeIgniter\Session\Handlers\FileHandler' driver.
ERROR - 2026-05-11 10:32:09 --> File not found: C:\xampp\htdocs\websitebinan\writable\uploads\DEPT\1752492415_c8d09f8d244bfc0f69dc.png
INFO - 2026-05-11 10:32:09 --> Session: Class initialized using 'CodeIgniter\Session\Handlers\FileHandler' driver.
ERROR - 2026-05-11 10:32:09 --> File not found: C:\xampp\htdocs\websitebinan\writable\uploads\DEPT\1720746999_6835045fb9c07acb4ff7.png
INFO - 2026-05-11 10:32:09 --> Session: Class initialized using 'CodeIgniter\Session\Handlers\FileHandler' driver.
INFO - 2026-05-11 10:32:09 --> Session: Class initialized using 'CodeIgniter\Session\Handlers\FileHandler' driver.
ERROR - 2026-05-11 10:32:09 --> File not found: C:\xampp\htdocs\websitebinan\writable\uploads\DEPT\1720746916_6b888a2c0b0f5897144f.png
INFO - 2026-05-11 10:32:09 --> Session: Class initialized using 'CodeIgniter\Session\Handlers\FileHandler' driver.
ERROR - 2026-05-11 10:32:09 --> File not found: C:\xampp\htdocs\websitebinan\writable\uploads\DEPT\1746751909_baa4eb3e3328fcf034b9.png
INFO - 2026-05-11 10:32:09 --> Session: Class initialized using 'CodeIgniter\Session\Handlers\FileHandler' driver.
ERROR - 2026-05-11 10:32:09 --> File not found: C:\xampp\htdocs\websitebinan\writable\uploads\DEPT\1717037797_da555380fddbcebb80b6.webp
INFO - 2026-05-11 10:32:09 --> Session: Class initialized using 'CodeIgniter\Session\Handlers\FileHandler' driver.
ERROR - 2026-05-11 10:32:09 --> File not found: C:\xampp\htdocs\websitebinan\writable\uploads\DEPT\1753324249_c677850577c6604233ed.jpg
INFO - 2026-05-11 10:32:09 --> Session: Class initialized using 'CodeIgniter\Session\Handlers\FileHandler' driver.
INFO - 2026-05-11 10:32:14 --> Session: Class initialized using 'CodeIgniter\Session\Handlers\FileHandler' driver.
INFO - 2026-05-11 10:35:58 --> Session: Class initialized using 'CodeIgniter\Session\Handlers\FileHandler' driver.
INFO - 2026-05-11 10:35:59 --> Session: Class initialized using 'CodeIgniter\Session\Handlers\FileHandler' driver.
INFO - 2026-05-11 10:36:03 --> Session: Class initialized using 'CodeIgniter\Session\Handlers\FileHandler' driver.
INFO - 2026-05-11 10:36:03 --> Session: Class initialized using 'CodeIgniter\Session\Handlers\FileHandler' driver.
INFO - 2026-05-11 10:36:04 --> Session: Class initialized using 'CodeIgniter\Session\Handlers\FileHandler' driver.
WARNING - 2026-05-11 10:36:04 --> [DEPRECATED] error_log(): Passing null to parameter #1 ($message) of type string is deprecated in APPPATH\Controllers\Admin.php on line 203.
 1 APPPATH\Controllers\Admin.php(203): error_log(null)
 2 SYSTEMPATH\CodeIgniter.php(934): App\Controllers\Admin->getRecentAnns()
 3 SYSTEMPATH\CodeIgniter.php(499): CodeIgniter\CodeIgniter->runController(Object(App\Controllers\Admin))
 4 SYSTEMPATH\CodeIgniter.php(368): CodeIgniter\CodeIgniter->handleRequest(null, Object(Config\Cache), false)
 5 FCPATH\index.php(67): CodeIgniter\CodeIgniter->run()
INFO - 2026-05-11 10:36:04 --> Session: Class initialized using 'CodeIgniter\Session\Handlers\FileHandler' driver.
WARNING - 2026-05-11 10:36:04 --> [DEPRECATED] error_log(): Passing null to parameter #1 ($message) of type string is deprecated in APPPATH\Controllers\Admin.php on line 170.
 1 APPPATH\Controllers\Admin.php(170): error_log(null)
 2 SYSTEMPATH\CodeIgniter.php(934): App\Controllers\Admin->getRecentNews()
 3 SYSTEMPATH\CodeIgniter.php(499): CodeIgniter\CodeIgniter->runController(Object(App\Controllers\Admin))
 4 SYSTEMPATH\CodeIgniter.php(368): CodeIgniter\CodeIgniter->handleRequest(null, Object(Config\Cache), false)
 5 FCPATH\index.php(67): CodeIgniter\CodeIgniter->run()
INFO - 2026-05-11 10:36:24 --> Session: Class initialized using 'CodeIgniter\Session\Handlers\FileHandler' driver.
INFO - 2026-05-11 10:36:24 --> Session: Class initialized using 'CodeIgniter\Session\Handlers\FileHandler' driver.
INFO - 2026-05-11 10:36:33 --> Session: Class initialized using 'CodeIgniter\Session\Handlers\FileHandler' driver.
INFO - 2026-05-11 10:36:34 --> Session: Class initialized using 'CodeIgniter\Session\Handlers\FileHandler' driver.
INFO - 2026-05-11 10:36:35 --> Session: Class initialized using 'CodeIgniter\Session\Handlers\FileHandler' driver.
INFO - 2026-05-11 10:36:36 --> Session: Class initialized using 'CodeIgniter\Session\Handlers\FileHandler' driver.
INFO - 2026-05-11 10:36:38 --> Session: Class initialized using 'CodeIgniter\Session\Handlers\FileHandler' driver.
INFO - 2026-05-11 10:36:39 --> Session: Class initialized using 'CodeIgniter\Session\Handlers\FileHandler' driver.
INFO - 2026-05-11 10:36:39 --> Session: Class initialized using 'CodeIgniter\Session\Handlers\FileHandler' driver.
ERROR - 2026-05-11 10:36:39 --> File not found: C:\xampp\htdocs\websitebinan\writable\uploads\CITYOFFICIAL\1753922986_227ce8d1fc7ea674144d.jpg
INFO - 2026-05-11 10:36:39 --> Session: Class initialized using 'CodeIgniter\Session\Handlers\FileHandler' driver.
ERROR - 2026-05-11 10:36:39 --> File not found: C:\xampp\htdocs\websitebinan\writable\uploads\CITYOFFICIAL\1753083396_fbe1c39b9f3ce1c4ec9d.jpg
INFO - 2026-05-11 10:36:39 --> Session: Class initialized using 'CodeIgniter\Session\Handlers\FileHandler' driver.
ERROR - 2026-05-11 10:36:39 --> File not found: C:\xampp\htdocs\websitebinan\writable\uploads\CITYOFFICIAL\1753083832_24114289cdde9c5b51b5.jpg
INFO - 2026-05-11 10:36:39 --> Session: Class initialized using 'CodeIgniter\Session\Handlers\FileHandler' driver.
ERROR - 2026-05-11 10:36:39 --> File not found: C:\xampp\htdocs\websitebinan\writable\uploads\CITYOFFICIAL\1753083853_93342f658f89fef63002.jpg
INFO - 2026-05-11 10:36:39 --> Session: Class initialized using 'CodeIgniter\Session\Handlers\FileHandler' driver.
ERROR - 2026-05-11 10:36:39 --> File not found: C:\xampp\htdocs\websitebinan\writable\uploads\CITYOFFICIAL\1753921912_9e57c1101fbbccab6d7f.jpg
INFO - 2026-05-11 10:36:39 --> Session: Class initialized using 'CodeIgniter\Session\Handlers\FileHandler' driver.
ERROR - 2026-05-11 10:36:39 --> File not found: C:\xampp\htdocs\websitebinan\writable\uploads\CITYOFFICIAL\1753084663_e3bcd5569e63bcd451b2.jpg
INFO - 2026-05-11 10:36:40 --> Session: Class initialized using 'CodeIgniter\Session\Handlers\FileHandler' driver.
ERROR - 2026-05-11 10:36:40 --> File not found: C:\xampp\htdocs\websitebinan\writable\uploads\CITYOFFICIAL\1753083427_5a98d81117130135ac4c.jpg
INFO - 2026-05-11 10:36:40 --> Session: Class initialized using 'CodeIgniter\Session\Handlers\FileHandler' driver.
ERROR - 2026-05-11 10:36:40 --> File not found: C:\xampp\htdocs\websitebinan\writable\uploads\CITYOFFICIAL\1753084385_62ff234d1d2cc3c05801.jpg
INFO - 2026-05-11 10:36:40 --> Session: Class initialized using 'CodeIgniter\Session\Handlers\FileHandler' driver.
ERROR - 2026-05-11 10:36:40 --> File not found: C:\xampp\htdocs\websitebinan\writable\uploads\CITYOFFICIAL\1753084422_665d5e3c85baeb3cc9f1.jpg
INFO - 2026-05-11 10:36:40 --> Session: Class initialized using 'CodeIgniter\Session\Handlers\FileHandler' driver.
ERROR - 2026-05-11 10:36:40 --> File not found: C:\xampp\htdocs\websitebinan\writable\uploads\CITYOFFICIAL\1753084776_3d821a873245fc3d81b5.jpg
INFO - 2026-05-11 10:36:40 --> Session: Class initialized using 'CodeIgniter\Session\Handlers\FileHandler' driver.
ERROR - 2026-05-11 10:36:40 --> File not found: C:\xampp\htdocs\websitebinan\writable\uploads\CITYOFFICIAL\1753084869_cc840c6063e319ab309b.jpg
INFO - 2026-05-11 10:36:40 --> Session: Class initialized using 'CodeIgniter\Session\Handlers\FileHandler' driver.
ERROR - 2026-05-11 10:36:40 --> File not found: C:\xampp\htdocs\websitebinan\writable\uploads\CITYOFFICIAL\1753250487_b24d55b36693b3d8f404.jpg
INFO - 2026-05-11 10:36:40 --> Session: Class initialized using 'CodeIgniter\Session\Handlers\FileHandler' driver.
ERROR - 2026-05-11 10:36:40 --> File not found: C:\xampp\htdocs\websitebinan\writable\uploads\CITYOFFICIAL\1753084959_0c206bfa3a652b57150f.jpg
INFO - 2026-05-11 10:36:40 --> Session: Class initialized using 'CodeIgniter\Session\Handlers\FileHandler' driver.
ERROR - 2026-05-11 10:36:40 --> File not found: C:\xampp\htdocs\websitebinan\writable\uploads\CITYOFFICIAL\1753085061_072a45447b58c46f586b.jpg
INFO - 2026-05-11 10:36:40 --> Session: Class initialized using 'CodeIgniter\Session\Handlers\FileHandler' driver.
ERROR - 2026-05-11 10:36:40 --> File not found: C:\xampp\htdocs\websitebinan\writable\uploads\CITYOFFICIAL\1753085167_697f94732f91231b879c.jpg
INFO - 2026-05-11 10:36:40 --> Session: Class initialized using 'CodeIgniter\Session\Handlers\FileHandler' driver.
ERROR - 2026-05-11 10:36:40 --> File not found: C:\xampp\htdocs\websitebinan\writable\uploads\CITYOFFICIAL\1753085240_c5990f3ad94929fed814.jpg
INFO - 2026-05-11 10:36:40 --> Session: Class initialized using 'CodeIgniter\Session\Handlers\FileHandler' driver.
ERROR - 2026-05-11 10:36:40 --> File not found: C:\xampp\htdocs\websitebinan\writable\uploads\CITYOFFICIAL\1770878916_b1e08558c720ec018823.jpg
INFO - 2026-05-11 10:36:42 --> Session: Class initialized using 'CodeIgniter\Session\Handlers\FileHandler' driver.
INFO - 2026-05-11 10:36:43 --> Session: Class initialized using 'CodeIgniter\Session\Handlers\FileHandler' driver.
INFO - 2026-05-11 10:36:45 --> Session: Class initialized using 'CodeIgniter\Session\Handlers\FileHandler' driver.
INFO - 2026-05-11 10:36:45 --> Session: Class initialized using 'CodeIgniter\Session\Handlers\FileHandler' driver.
INFO - 2026-05-11 10:36:47 --> Session: Class initialized using 'CodeIgniter\Session\Handlers\FileHandler' driver.
INFO - 2026-05-11 10:36:48 --> Session: Class initialized using 'CodeIgniter\Session\Handlers\FileHandler' driver.
INFO - 2026-05-11 10:36:49 --> Session: Class initialized using 'CodeIgniter\Session\Handlers\FileHandler' driver.
INFO - 2026-05-11 10:36:49 --> Session: Class initialized using 'CodeIgniter\Session\Handlers\FileHandler' driver.
INFO - 2026-05-11 10:36:50 --> Session: Class initialized using 'CodeIgniter\Session\Handlers\FileHandler' driver.
ERROR - 2026-05-11 10:36:50 --> File not found: C:\xampp\htdocs\websitebinan\writable\uploads\CITYOFFICIAL\1753922986_227ce8d1fc7ea674144d.jpg
INFO - 2026-05-11 10:36:50 --> Session: Class initialized using 'CodeIgniter\Session\Handlers\FileHandler' driver.
ERROR - 2026-05-11 10:36:50 --> File not found: C:\xampp\htdocs\websitebinan\writable\uploads\CITYOFFICIAL\1753083396_fbe1c39b9f3ce1c4ec9d.jpg
INFO - 2026-05-11 10:36:50 --> Session: Class initialized using 'CodeIgniter\Session\Handlers\FileHandler' driver.
ERROR - 2026-05-11 10:36:50 --> File not found: C:\xampp\htdocs\websitebinan\writable\uploads\CITYOFFICIAL\1753083853_93342f658f89fef63002.jpg
INFO - 2026-05-11 10:36:50 --> Session: Class initialized using 'CodeIgniter\Session\Handlers\FileHandler' driver.
ERROR - 2026-05-11 10:36:50 --> File not found: C:\xampp\htdocs\websitebinan\writable\uploads\CITYOFFICIAL\1753921912_9e57c1101fbbccab6d7f.jpg
INFO - 2026-05-11 10:36:50 --> Session: Class initialized using 'CodeIgniter\Session\Handlers\FileHandler' driver.
ERROR - 2026-05-11 10:36:50 --> File not found: C:\xampp\htdocs\websitebinan\writable\uploads\CITYOFFICIAL\1753083832_24114289cdde9c5b51b5.jpg
INFO - 2026-05-11 10:36:50 --> Session: Class initialized using 'CodeIgniter\Session\Handlers\FileHandler' driver.
ERROR - 2026-05-11 10:36:50 --> File not found: C:\xampp\htdocs\websitebinan\writable\uploads\CITYOFFICIAL\1753084663_e3bcd5569e63bcd451b2.jpg
INFO - 2026-05-11 10:36:50 --> Session: Class initialized using 'CodeIgniter\Session\Handlers\FileHandler' driver.
ERROR - 2026-05-11 10:36:50 --> File not found: C:\xampp\htdocs\websitebinan\writable\uploads\CITYOFFICIAL\1753083427_5a98d81117130135ac4c.jpg
INFO - 2026-05-11 10:36:50 --> Session: Class initialized using 'CodeIgniter\Session\Handlers\FileHandler' driver.
ERROR - 2026-05-11 10:36:50 --> File not found: C:\xampp\htdocs\websitebinan\writable\uploads\CITYOFFICIAL\1753084385_62ff234d1d2cc3c05801.jpg
INFO - 2026-05-11 10:36:50 --> Session: Class initialized using 'CodeIgniter\Session\Handlers\FileHandler' driver.
ERROR - 2026-05-11 10:36:50 --> File not found: C:\xampp\htdocs\websitebinan\writable\uploads\CITYOFFICIAL\1753084422_665d5e3c85baeb3cc9f1.jpg
INFO - 2026-05-11 10:36:50 --> Session: Class initialized using 'CodeIgniter\Session\Handlers\FileHandler' driver.
ERROR - 2026-05-11 10:36:50 --> File not found: C:\xampp\htdocs\websitebinan\writable\uploads\CITYOFFICIAL\1753084776_3d821a873245fc3d81b5.jpg
INFO - 2026-05-11 10:36:50 --> Session: Class initialized using 'CodeIgniter\Session\Handlers\FileHandler' driver.
ERROR - 2026-05-11 10:36:50 --> File not found: C:\xampp\htdocs\websitebinan\writable\uploads\CITYOFFICIAL\1753084869_cc840c6063e319ab309b.jpg
INFO - 2026-05-11 10:36:50 --> Session: Class initialized using 'CodeIgniter\Session\Handlers\FileHandler' driver.
ERROR - 2026-05-11 10:36:50 --> File not found: C:\xampp\htdocs\websitebinan\writable\uploads\CITYOFFICIAL\1753250487_b24d55b36693b3d8f404.jpg
INFO - 2026-05-11 10:36:50 --> Session: Class initialized using 'CodeIgniter\Session\Handlers\FileHandler' driver.
ERROR - 2026-05-11 10:36:50 --> File not found: C:\xampp\htdocs\websitebinan\writable\uploads\CITYOFFICIAL\1753084959_0c206bfa3a652b57150f.jpg
INFO - 2026-05-11 10:36:50 --> Session: Class initialized using 'CodeIgniter\Session\Handlers\FileHandler' driver.
ERROR - 2026-05-11 10:36:50 --> File not found: C:\xampp\htdocs\websitebinan\writable\uploads\CITYOFFICIAL\1753085061_072a45447b58c46f586b.jpg
INFO - 2026-05-11 10:36:50 --> Session: Class initialized using 'CodeIgniter\Session\Handlers\FileHandler' driver.
ERROR - 2026-05-11 10:36:50 --> File not found: C:\xampp\htdocs\websitebinan\writable\uploads\CITYOFFICIAL\1753085167_697f94732f91231b879c.jpg
INFO - 2026-05-11 10:36:50 --> Session: Class initialized using 'CodeIgniter\Session\Handlers\FileHandler' driver.
ERROR - 2026-05-11 10:36:50 --> File not found: C:\xampp\htdocs\websitebinan\writable\uploads\CITYOFFICIAL\1753085240_c5990f3ad94929fed814.jpg
INFO - 2026-05-11 10:36:50 --> Session: Class initialized using 'CodeIgniter\Session\Handlers\FileHandler' driver.
ERROR - 2026-05-11 10:36:50 --> File not found: C:\xampp\htdocs\websitebinan\writable\uploads\CITYOFFICIAL\1770878916_b1e08558c720ec018823.jpg
INFO - 2026-05-11 10:39:33 --> Session: Class initialized using 'CodeIgniter\Session\Handlers\FileHandler' driver.
INFO - 2026-05-11 10:39:33 --> Session: Class initialized using 'CodeIgniter\Session\Handlers\FileHandler' driver.
INFO - 2026-05-11 10:39:33 --> Session: Class initialized using 'CodeIgniter\Session\Handlers\FileHandler' driver.
INFO - 2026-05-11 10:39:34 --> Session: Class initialized using 'CodeIgniter\Session\Handlers\FileHandler' driver.
INFO - 2026-05-11 10:39:34 --> Session: Class initialized using 'CodeIgniter\Session\Handlers\FileHandler' driver.
INFO - 2026-05-11 10:39:34 --> Session: Class initialized using 'CodeIgniter\Session\Handlers\FileHandler' driver.
INFO - 2026-05-11 10:39:34 --> Session: Class initialized using 'CodeIgniter\Session\Handlers\FileHandler' driver.
INFO - 2026-05-11 10:39:34 --> Session: Class initialized using 'CodeIgniter\Session\Handlers\FileHandler' driver.
INFO - 2026-05-11 10:39:34 --> Session: Class initialized using 'CodeIgniter\Session\Handlers\FileHandler' driver.
INFO - 2026-05-11 10:39:34 --> Session: Class initialized using 'CodeIgniter\Session\Handlers\FileHandler' driver.
INFO - 2026-05-11 10:39:34 --> Session: Class initialized using 'CodeIgniter\Session\Handlers\FileHandler' driver.
INFO - 2026-05-11 10:39:34 --> Session: Class initialized using 'CodeIgniter\Session\Handlers\FileHandler' driver.
INFO - 2026-05-11 10:39:34 --> Session: Class initialized using 'CodeIgniter\Session\Handlers\FileHandler' driver.
INFO - 2026-05-11 10:39:34 --> Session: Class initialized using 'CodeIgniter\Session\Handlers\FileHandler' driver.
INFO - 2026-05-11 10:39:34 --> Session: Class initialized using 'CodeIgniter\Session\Handlers\FileHandler' driver.
INFO - 2026-05-11 10:39:34 --> Session: Class initialized using 'CodeIgniter\Session\Handlers\FileHandler' driver.
INFO - 2026-05-11 10:39:34 --> Session: Class initialized using 'CodeIgniter\Session\Handlers\FileHandler' driver.
INFO - 2026-05-11 10:39:34 --> Session: Class initialized using 'CodeIgniter\Session\Handlers\FileHandler' driver.
INFO - 2026-05-11 10:39:34 --> Session: Class initialized using 'CodeIgniter\Session\Handlers\FileHandler' driver.
INFO - 2026-05-11 10:39:42 --> Session: Class initialized using 'CodeIgniter\Session\Handlers\FileHandler' driver.
INFO - 2026-05-11 10:39:43 --> Session: Class initialized using 'CodeIgniter\Session\Handlers\FileHandler' driver.
INFO - 2026-05-11 10:39:46 --> Session: Class initialized using 'CodeIgniter\Session\Handlers\FileHandler' driver.
INFO - 2026-05-11 10:39:47 --> Session: Class initialized using 'CodeIgniter\Session\Handlers\FileHandler' driver.
INFO - 2026-05-11 10:39:51 --> Session: Class initialized using 'CodeIgniter\Session\Handlers\FileHandler' driver.
INFO - 2026-05-11 10:39:51 --> Session: Class initialized using 'CodeIgniter\Session\Handlers\FileHandler' driver.
INFO - 2026-05-11 10:39:55 --> Session: Class initialized using 'CodeIgniter\Session\Handlers\FileHandler' driver.
INFO - 2026-05-11 10:39:55 --> Session: Class initialized using 'CodeIgniter\Session\Handlers\FileHandler' driver.
INFO - 2026-05-11 10:39:55 --> Session: Class initialized using 'CodeIgniter\Session\Handlers\FileHandler' driver.
INFO - 2026-05-11 10:39:55 --> Session: Class initialized using 'CodeIgniter\Session\Handlers\FileHandler' driver.
INFO - 2026-05-11 10:39:56 --> Session: Class initialized using 'CodeIgniter\Session\Handlers\FileHandler' driver.
INFO - 2026-05-11 10:39:56 --> Session: Class initialized using 'CodeIgniter\Session\Handlers\FileHandler' driver.
INFO - 2026-05-11 10:39:56 --> Session: Class initialized using 'CodeIgniter\Session\Handlers\FileHandler' driver.
INFO - 2026-05-11 10:39:56 --> Session: Class initialized using 'CodeIgniter\Session\Handlers\FileHandler' driver.
INFO - 2026-05-11 10:39:56 --> Session: Class initialized using 'CodeIgniter\Session\Handlers\FileHandler' driver.
INFO - 2026-05-11 10:39:56 --> Session: Class initialized using 'CodeIgniter\Session\Handlers\FileHandler' driver.
INFO - 2026-05-11 10:39:56 --> Session: Class initialized using 'CodeIgniter\Session\Handlers\FileHandler' driver.
INFO - 2026-05-11 10:39:56 --> Session: Class initialized using 'CodeIgniter\Session\Handlers\FileHandler' driver.
INFO - 2026-05-11 10:39:56 --> Session: Class initialized using 'CodeIgniter\Session\Handlers\FileHandler' driver.
INFO - 2026-05-11 10:39:56 --> Session: Class initialized using 'CodeIgniter\Session\Handlers\FileHandler' driver.
INFO - 2026-05-11 10:39:56 --> Session: Class initialized using 'CodeIgniter\Session\Handlers\FileHandler' driver.
INFO - 2026-05-11 10:39:56 --> Session: Class initialized using 'CodeIgniter\Session\Handlers\FileHandler' driver.
INFO - 2026-05-11 10:39:56 --> Session: Class initialized using 'CodeIgniter\Session\Handlers\FileHandler' driver.
INFO - 2026-05-11 10:39:56 --> Session: Class initialized using 'CodeIgniter\Session\Handlers\FileHandler' driver.
INFO - 2026-05-11 10:39:56 --> Session: Class initialized using 'CodeIgniter\Session\Handlers\FileHandler' driver.
INFO - 2026-05-11 10:39:56 --> Session: Class initialized using 'CodeIgniter\Session\Handlers\FileHandler' driver.
INFO - 2026-05-11 10:39:56 --> Session: Class initialized using 'CodeIgniter\Session\Handlers\FileHandler' driver.
INFO - 2026-05-11 10:39:56 --> Session: Class initialized using 'CodeIgniter\Session\Handlers\FileHandler' driver.
INFO - 2026-05-11 10:39:56 --> Session: Class initialized using 'CodeIgniter\Session\Handlers\FileHandler' driver.
INFO - 2026-05-11 10:39:56 --> Session: Class initialized using 'CodeIgniter\Session\Handlers\FileHandler' driver.
INFO - 2026-05-11 10:39:56 --> Session: Class initialized using 'CodeIgniter\Session\Handlers\FileHandler' driver.
INFO - 2026-05-11 10:39:56 --> Session: Class initialized using 'CodeIgniter\Session\Handlers\FileHandler' driver.
INFO - 2026-05-11 10:39:57 --> Session: Class initialized using 'CodeIgniter\Session\Handlers\FileHandler' driver.
INFO - 2026-05-11 10:39:57 --> Session: Class initialized using 'CodeIgniter\Session\Handlers\FileHandler' driver.
INFO - 2026-05-11 10:40:06 --> Session: Class initialized using 'CodeIgniter\Session\Handlers\FileHandler' driver.
INFO - 2026-05-11 10:40:06 --> Session: Class initialized using 'CodeIgniter\Session\Handlers\FileHandler' driver.
INFO - 2026-05-11 10:40:06 --> Session: Class initialized using 'CodeIgniter\Session\Handlers\FileHandler' driver.
INFO - 2026-05-11 10:40:06 --> Session: Class initialized using 'CodeIgniter\Session\Handlers\FileHandler' driver.
INFO - 2026-05-11 10:40:06 --> Session: Class initialized using 'CodeIgniter\Session\Handlers\FileHandler' driver.
INFO - 2026-05-11 10:40:06 --> Session: Class initialized using 'CodeIgniter\Session\Handlers\FileHandler' driver.
INFO - 2026-05-11 10:40:06 --> Session: Class initialized using 'CodeIgniter\Session\Handlers\FileHandler' driver.
INFO - 2026-05-11 10:40:07 --> Session: Class initialized using 'CodeIgniter\Session\Handlers\FileHandler' driver.
INFO - 2026-05-11 10:40:07 --> Session: Class initialized using 'CodeIgniter\Session\Handlers\FileHandler' driver.
INFO - 2026-05-11 10:40:13 --> Session: Class initialized using 'CodeIgniter\Session\Handlers\FileHandler' driver.
INFO - 2026-05-11 10:40:14 --> Session: Class initialized using 'CodeIgniter\Session\Handlers\FileHandler' driver.
INFO - 2026-05-11 10:40:14 --> Session: Class initialized using 'CodeIgniter\Session\Handlers\FileHandler' driver.
INFO - 2026-05-11 10:40:14 --> Session: Class initialized using 'CodeIgniter\Session\Handlers\FileHandler' driver.
INFO - 2026-05-11 10:40:14 --> Session: Class initialized using 'CodeIgniter\Session\Handlers\FileHandler' driver.
INFO - 2026-05-11 10:40:14 --> Session: Class initialized using 'CodeIgniter\Session\Handlers\FileHandler' driver.
INFO - 2026-05-11 10:40:14 --> Session: Class initialized using 'CodeIgniter\Session\Handlers\FileHandler' driver.
INFO - 2026-05-11 10:40:14 --> Session: Class initialized using 'CodeIgniter\Session\Handlers\FileHandler' driver.
INFO - 2026-05-11 10:40:15 --> Session: Class initialized using 'CodeIgniter\Session\Handlers\FileHandler' driver.
INFO - 2026-05-11 10:40:15 --> Session: Class initialized using 'CodeIgniter\Session\Handlers\FileHandler' driver.
INFO - 2026-05-11 10:40:15 --> Session: Class initialized using 'CodeIgniter\Session\Handlers\FileHandler' driver.
INFO - 2026-05-11 10:40:15 --> Session: Class initialized using 'CodeIgniter\Session\Handlers\FileHandler' driver.
INFO - 2026-05-11 10:40:15 --> Session: Class initialized using 'CodeIgniter\Session\Handlers\FileHandler' driver.
INFO - 2026-05-11 10:40:15 --> Session: Class initialized using 'CodeIgniter\Session\Handlers\FileHandler' driver.
INFO - 2026-05-11 10:40:15 --> Session: Class initialized using 'CodeIgniter\Session\Handlers\FileHandler' driver.
INFO - 2026-05-11 10:40:15 --> Session: Class initialized using 'CodeIgniter\Session\Handlers\FileHandler' driver.
INFO - 2026-05-11 10:40:15 --> Session: Class initialized using 'CodeIgniter\Session\Handlers\FileHandler' driver.
INFO - 2026-05-11 10:40:15 --> Session: Class initialized using 'CodeIgniter\Session\Handlers\FileHandler' driver.
INFO - 2026-05-11 10:40:15 --> Session: Class initialized using 'CodeIgniter\Session\Handlers\FileHandler' driver.
INFO - 2026-05-11 10:40:15 --> Session: Class initialized using 'CodeIgniter\Session\Handlers\FileHandler' driver.
INFO - 2026-05-11 10:40:15 --> Session: Class initialized using 'CodeIgniter\Session\Handlers\FileHandler' driver.
INFO - 2026-05-11 10:40:18 --> Session: Class initialized using 'CodeIgniter\Session\Handlers\FileHandler' driver.
INFO - 2026-05-11 10:40:19 --> Session: Class initialized using 'CodeIgniter\Session\Handlers\FileHandler' driver.
INFO - 2026-05-11 10:40:19 --> Session: Class initialized using 'CodeIgniter\Session\Handlers\FileHandler' driver.
INFO - 2026-05-11 10:40:19 --> Session: Class initialized using 'CodeIgniter\Session\Handlers\FileHandler' driver.
INFO - 2026-05-11 10:40:19 --> Session: Class initialized using 'CodeIgniter\Session\Handlers\FileHandler' driver.
INFO - 2026-05-11 10:40:19 --> Session: Class initialized using 'CodeIgniter\Session\Handlers\FileHandler' driver.
INFO - 2026-05-11 10:40:19 --> Session: Class initialized using 'CodeIgniter\Session\Handlers\FileHandler' driver.
INFO - 2026-05-11 10:40:19 --> Session: Class initialized using 'CodeIgniter\Session\Handlers\FileHandler' driver.
INFO - 2026-05-11 10:40:19 --> Session: Class initialized using 'CodeIgniter\Session\Handlers\FileHandler' driver.
INFO - 2026-05-11 10:40:19 --> Session: Class initialized using 'CodeIgniter\Session\Handlers\FileHandler' driver.
INFO - 2026-05-11 10:40:19 --> Session: Class initialized using 'CodeIgniter\Session\Handlers\FileHandler' driver.
INFO - 2026-05-11 10:40:20 --> Session: Class initialized using 'CodeIgniter\Session\Handlers\FileHandler' driver.
INFO - 2026-05-11 10:40:48 --> Session: Class initialized using 'CodeIgniter\Session\Handlers\FileHandler' driver.
INFO - 2026-05-11 10:40:49 --> Session: Class initialized using 'CodeIgniter\Session\Handlers\FileHandler' driver.
INFO - 2026-05-11 10:40:49 --> Session: Class initialized using 'CodeIgniter\Session\Handlers\FileHandler' driver.
INFO - 2026-05-11 10:40:49 --> Session: Class initialized using 'CodeIgniter\Session\Handlers\FileHandler' driver.
INFO - 2026-05-11 10:40:49 --> Session: Class initialized using 'CodeIgniter\Session\Handlers\FileHandler' driver.
INFO - 2026-05-11 10:40:49 --> Session: Class initialized using 'CodeIgniter\Session\Handlers\FileHandler' driver.
INFO - 2026-05-11 10:40:49 --> Session: Class initialized using 'CodeIgniter\Session\Handlers\FileHandler' driver.
INFO - 2026-05-11 10:40:49 --> Session: Class initialized using 'CodeIgniter\Session\Handlers\FileHandler' driver.
INFO - 2026-05-11 10:40:49 --> Session: Class initialized using 'CodeIgniter\Session\Handlers\FileHandler' driver.
INFO - 2026-05-11 10:40:49 --> Session: Class initialized using 'CodeIgniter\Session\Handlers\FileHandler' driver.
INFO - 2026-05-11 10:40:49 --> Session: Class initialized using 'CodeIgniter\Session\Handlers\FileHandler' driver.
INFO - 2026-05-11 10:40:49 --> Session: Class initialized using 'CodeIgniter\Session\Handlers\FileHandler' driver.
INFO - 2026-05-11 10:40:49 --> Session: Class initialized using 'CodeIgniter\Session\Handlers\FileHandler' driver.
INFO - 2026-05-11 10:40:49 --> Session: Class initialized using 'CodeIgniter\Session\Handlers\FileHandler' driver.
INFO - 2026-05-11 10:40:49 --> Session: Class initialized using 'CodeIgniter\Session\Handlers\FileHandler' driver.
INFO - 2026-05-11 10:40:49 --> Session: Class initialized using 'CodeIgniter\Session\Handlers\FileHandler' driver.
INFO - 2026-05-11 10:40:49 --> Session: Class initialized using 'CodeIgniter\Session\Handlers\FileHandler' driver.
INFO - 2026-05-11 10:40:49 --> Session: Class initialized using 'CodeIgniter\Session\Handlers\FileHandler' driver.
INFO - 2026-05-11 10:40:49 --> Session: Class initialized using 'CodeIgniter\Session\Handlers\FileHandler' driver.
INFO - 2026-05-11 10:40:50 --> Session: Class initialized using 'CodeIgniter\Session\Handlers\FileHandler' driver.
INFO - 2026-05-11 10:40:51 --> Session: Class initialized using 'CodeIgniter\Session\Handlers\FileHandler' driver.
INFO - 2026-05-11 10:40:51 --> Session: Class initialized using 'CodeIgniter\Session\Handlers\FileHandler' driver.
INFO - 2026-05-11 10:40:51 --> Session: Class initialized using 'CodeIgniter\Session\Handlers\FileHandler' driver.
INFO - 2026-05-11 10:40:51 --> Session: Class initialized using 'CodeIgniter\Session\Handlers\FileHandler' driver.
INFO - 2026-05-11 10:40:51 --> Session: Class initialized using 'CodeIgniter\Session\Handlers\FileHandler' driver.
INFO - 2026-05-11 10:40:51 --> Session: Class initialized using 'CodeIgniter\Session\Handlers\FileHandler' driver.
INFO - 2026-05-11 10:40:51 --> Session: Class initialized using 'CodeIgniter\Session\Handlers\FileHandler' driver.
INFO - 2026-05-11 10:40:51 --> Session: Class initialized using 'CodeIgniter\Session\Handlers\FileHandler' driver.
INFO - 2026-05-11 10:40:51 --> Session: Class initialized using 'CodeIgniter\Session\Handlers\FileHandler' driver.
INFO - 2026-05-11 10:40:51 --> Session: Class initialized using 'CodeIgniter\Session\Handlers\FileHandler' driver.
INFO - 2026-05-11 10:40:51 --> Session: Class initialized using 'CodeIgniter\Session\Handlers\FileHandler' driver.
INFO - 2026-05-11 10:40:51 --> Session: Class initialized using 'CodeIgniter\Session\Handlers\FileHandler' driver.
INFO - 2026-05-11 10:40:51 --> Session: Class initialized using 'CodeIgniter\Session\Handlers\FileHandler' driver.
INFO - 2026-05-11 10:40:52 --> Session: Class initialized using 'CodeIgniter\Session\Handlers\FileHandler' driver.
INFO - 2026-05-11 10:40:52 --> Session: Class initialized using 'CodeIgniter\Session\Handlers\FileHandler' driver.
INFO - 2026-05-11 10:40:52 --> Session: Class initialized using 'CodeIgniter\Session\Handlers\FileHandler' driver.
INFO - 2026-05-11 10:40:52 --> Session: Class initialized using 'CodeIgniter\Session\Handlers\FileHandler' driver.
INFO - 2026-05-11 10:40:52 --> Session: Class initialized using 'CodeIgniter\Session\Handlers\FileHandler' driver.
INFO - 2026-05-11 10:40:52 --> Session: Class initialized using 'CodeIgniter\Session\Handlers\FileHandler' driver.
INFO - 2026-05-11 10:40:52 --> Session: Class initialized using 'CodeIgniter\Session\Handlers\FileHandler' driver.
INFO - 2026-05-11 10:40:52 --> Session: Class initialized using 'CodeIgniter\Session\Handlers\FileHandler' driver.
INFO - 2026-05-11 10:40:52 --> Session: Class initialized using 'CodeIgniter\Session\Handlers\FileHandler' driver.
INFO - 2026-05-11 10:40:52 --> Session: Class initialized using 'CodeIgniter\Session\Handlers\FileHandler' driver.
INFO - 2026-05-11 10:40:52 --> Session: Class initialized using 'CodeIgniter\Session\Handlers\FileHandler' driver.
INFO - 2026-05-11 10:40:52 --> Session: Class initialized using 'CodeIgniter\Session\Handlers\FileHandler' driver.
INFO - 2026-05-11 10:40:52 --> Session: Class initialized using 'CodeIgniter\Session\Handlers\FileHandler' driver.
INFO - 2026-05-11 10:40:52 --> Session: Class initialized using 'CodeIgniter\Session\Handlers\FileHandler' driver.
INFO - 2026-05-11 10:40:52 --> Session: Class initialized using 'CodeIgniter\Session\Handlers\FileHandler' driver.
INFO - 2026-05-11 10:40:53 --> Session: Class initialized using 'CodeIgniter\Session\Handlers\FileHandler' driver.
INFO - 2026-05-11 10:40:53 --> Session: Class initialized using 'CodeIgniter\Session\Handlers\FileHandler' driver.
INFO - 2026-05-11 10:40:53 --> Session: Class initialized using 'CodeIgniter\Session\Handlers\FileHandler' driver.
INFO - 2026-05-11 10:40:53 --> Session: Class initialized using 'CodeIgniter\Session\Handlers\FileHandler' driver.
INFO - 2026-05-11 10:40:53 --> Session: Class initialized using 'CodeIgniter\Session\Handlers\FileHandler' driver.
INFO - 2026-05-11 10:40:53 --> Session: Class initialized using 'CodeIgniter\Session\Handlers\FileHandler' driver.
INFO - 2026-05-11 10:40:53 --> Session: Class initialized using 'CodeIgniter\Session\Handlers\FileHandler' driver.
INFO - 2026-05-11 10:40:53 --> Session: Class initialized using 'CodeIgniter\Session\Handlers\FileHandler' driver.
INFO - 2026-05-11 10:40:53 --> Session: Class initialized using 'CodeIgniter\Session\Handlers\FileHandler' driver.
INFO - 2026-05-11 10:40:53 --> Session: Class initialized using 'CodeIgniter\Session\Handlers\FileHandler' driver.
INFO - 2026-05-11 10:40:53 --> Session: Class initialized using 'CodeIgniter\Session\Handlers\FileHandler' driver.
INFO - 2026-05-11 10:40:53 --> Session: Class initialized using 'CodeIgniter\Session\Handlers\FileHandler' driver.
INFO - 2026-05-11 10:40:53 --> Session: Class initialized using 'CodeIgniter\Session\Handlers\FileHandler' driver.
INFO - 2026-05-11 10:40:54 --> Session: Class initialized using 'CodeIgniter\Session\Handlers\FileHandler' driver.
INFO - 2026-05-11 10:40:54 --> Session: Class initialized using 'CodeIgniter\Session\Handlers\FileHandler' driver.
INFO - 2026-05-11 10:40:55 --> Session: Class initialized using 'CodeIgniter\Session\Handlers\FileHandler' driver.
INFO - 2026-05-11 10:40:55 --> Session: Class initialized using 'CodeIgniter\Session\Handlers\FileHandler' driver.
INFO - 2026-05-11 10:40:55 --> Session: Class initialized using 'CodeIgniter\Session\Handlers\FileHandler' driver.
INFO - 2026-05-11 10:40:55 --> Session: Class initialized using 'CodeIgniter\Session\Handlers\FileHandler' driver.
INFO - 2026-05-11 10:40:55 --> Session: Class initialized using 'CodeIgniter\Session\Handlers\FileHandler' driver.
INFO - 2026-05-11 10:40:55 --> Session: Class initialized using 'CodeIgniter\Session\Handlers\FileHandler' driver.
INFO - 2026-05-11 10:40:55 --> Session: Class initialized using 'CodeIgniter\Session\Handlers\FileHandler' driver.
INFO - 2026-05-11 10:40:55 --> Session: Class initialized using 'CodeIgniter\Session\Handlers\FileHandler' driver.
INFO - 2026-05-11 10:40:55 --> Session: Class initialized using 'CodeIgniter\Session\Handlers\FileHandler' driver.
INFO - 2026-05-11 10:40:55 --> Session: Class initialized using 'CodeIgniter\Session\Handlers\FileHandler' driver.
INFO - 2026-05-11 10:40:56 --> Session: Class initialized using 'CodeIgniter\Session\Handlers\FileHandler' driver.
INFO - 2026-05-11 10:40:56 --> Session: Class initialized using 'CodeIgniter\Session\Handlers\FileHandler' driver.
INFO - 2026-05-11 10:40:56 --> Session: Class initialized using 'CodeIgniter\Session\Handlers\FileHandler' driver.
INFO - 2026-05-11 10:40:56 --> Session: Class initialized using 'CodeIgniter\Session\Handlers\FileHandler' driver.
INFO - 2026-05-11 10:40:56 --> Session: Class initialized using 'CodeIgniter\Session\Handlers\FileHandler' driver.
INFO - 2026-05-11 10:40:56 --> Session: Class initialized using 'CodeIgniter\Session\Handlers\FileHandler' driver.
INFO - 2026-05-11 10:40:56 --> Session: Class initialized using 'CodeIgniter\Session\Handlers\FileHandler' driver.
INFO - 2026-05-11 10:40:56 --> Session: Class initialized using 'CodeIgniter\Session\Handlers\FileHandler' driver.
INFO - 2026-05-11 10:40:58 --> Session: Class initialized using 'CodeIgniter\Session\Handlers\FileHandler' driver.
INFO - 2026-05-11 10:40:59 --> Session: Class initialized using 'CodeIgniter\Session\Handlers\FileHandler' driver.
INFO - 2026-05-11 10:41:26 --> Session: Class initialized using 'CodeIgniter\Session\Handlers\FileHandler' driver.
INFO - 2026-05-11 10:41:26 --> Session: Class initialized using 'CodeIgniter\Session\Handlers\FileHandler' driver.
INFO - 2026-05-11 10:42:20 --> Session: Class initialized using 'CodeIgniter\Session\Handlers\FileHandler' driver.
INFO - 2026-05-11 10:42:20 --> Session: Class initialized using 'CodeIgniter\Session\Handlers\FileHandler' driver.
INFO - 2026-05-11 10:42:21 --> Session: Class initialized using 'CodeIgniter\Session\Handlers\FileHandler' driver.
WARNING - 2026-05-11 10:42:21 --> [DEPRECATED] error_log(): Passing null to parameter #1 ($message) of type string is deprecated in APPPATH\Controllers\Admin.php on line 170.
 1 APPPATH\Controllers\Admin.php(170): error_log(null)
 2 SYSTEMPATH\CodeIgniter.php(934): App\Controllers\Admin->getRecentNews()
 3 SYSTEMPATH\CodeIgniter.php(499): CodeIgniter\CodeIgniter->runController(Object(App\Controllers\Admin))
 4 SYSTEMPATH\CodeIgniter.php(368): CodeIgniter\CodeIgniter->handleRequest(null, Object(Config\Cache), false)
 5 FCPATH\index.php(67): CodeIgniter\CodeIgniter->run()
INFO - 2026-05-11 10:42:21 --> Session: Class initialized using 'CodeIgniter\Session\Handlers\FileHandler' driver.
WARNING - 2026-05-11 10:42:21 --> [DEPRECATED] error_log(): Passing null to parameter #1 ($message) of type string is deprecated in APPPATH\Controllers\Admin.php on line 203.
 1 APPPATH\Controllers\Admin.php(203): error_log(null)
 2 SYSTEMPATH\CodeIgniter.php(934): App\Controllers\Admin->getRecentAnns()
 3 SYSTEMPATH\CodeIgniter.php(499): CodeIgniter\CodeIgniter->runController(Object(App\Controllers\Admin))
 4 SYSTEMPATH\CodeIgniter.php(368): CodeIgniter\CodeIgniter->handleRequest(null, Object(Config\Cache), false)
 5 FCPATH\index.php(67): CodeIgniter\CodeIgniter->run()
INFO - 2026-05-11 10:42:22 --> Session: Class initialized using 'CodeIgniter\Session\Handlers\FileHandler' driver.
INFO - 2026-05-11 10:42:23 --> Session: Class initialized using 'CodeIgniter\Session\Handlers\FileHandler' driver.
INFO - 2026-05-11 10:42:26 --> Session: Class initialized using 'CodeIgniter\Session\Handlers\FileHandler' driver.
INFO - 2026-05-11 10:42:26 --> Session: Class initialized using 'CodeIgniter\Session\Handlers\FileHandler' driver.
INFO - 2026-05-11 10:42:31 --> Session: Class initialized using 'CodeIgniter\Session\Handlers\FileHandler' driver.
INFO - 2026-05-11 10:42:32 --> Session: Class initialized using 'CodeIgniter\Session\Handlers\FileHandler' driver.
INFO - 2026-05-11 10:42:32 --> Session: Class initialized using 'CodeIgniter\Session\Handlers\FileHandler' driver.
WARNING - 2026-05-11 10:42:32 --> [DEPRECATED] error_log(): Passing null to parameter #1 ($message) of type string is deprecated in APPPATH\Controllers\Admin.php on line 170.
 1 APPPATH\Controllers\Admin.php(170): error_log(null)
 2 SYSTEMPATH\CodeIgniter.php(934): App\Controllers\Admin->getRecentNews()
 3 SYSTEMPATH\CodeIgniter.php(499): CodeIgniter\CodeIgniter->runController(Object(App\Controllers\Admin))
 4 SYSTEMPATH\CodeIgniter.php(368): CodeIgniter\CodeIgniter->handleRequest(null, Object(Config\Cache), false)
 5 FCPATH\index.php(67): CodeIgniter\CodeIgniter->run()
INFO - 2026-05-11 10:42:32 --> Session: Class initialized using 'CodeIgniter\Session\Handlers\FileHandler' driver.
WARNING - 2026-05-11 10:42:32 --> [DEPRECATED] error_log(): Passing null to parameter #1 ($message) of type string is deprecated in APPPATH\Controllers\Admin.php on line 203.
 1 APPPATH\Controllers\Admin.php(203): error_log(null)
 2 SYSTEMPATH\CodeIgniter.php(934): App\Controllers\Admin->getRecentAnns()
 3 SYSTEMPATH\CodeIgniter.php(499): CodeIgniter\CodeIgniter->runController(Object(App\Controllers\Admin))
 4 SYSTEMPATH\CodeIgniter.php(368): CodeIgniter\CodeIgniter->handleRequest(null, Object(Config\Cache), false)
 5 FCPATH\index.php(67): CodeIgniter\CodeIgniter->run()
INFO - 2026-05-11 10:42:34 --> Session: Class initialized using 'CodeIgniter\Session\Handlers\FileHandler' driver.
INFO - 2026-05-11 10:42:35 --> Session: Class initialized using 'CodeIgniter\Session\Handlers\FileHandler' driver.
INFO - 2026-05-11 10:44:12 --> Session: Class initialized using 'CodeIgniter\Session\Handlers\FileHandler' driver.
INFO - 2026-05-11 10:44:13 --> Session: Class initialized using 'CodeIgniter\Session\Handlers\FileHandler' driver.
INFO - 2026-05-11 10:44:15 --> Session: Class initialized using 'CodeIgniter\Session\Handlers\FileHandler' driver.
INFO - 2026-05-11 10:44:16 --> Session: Class initialized using 'CodeIgniter\Session\Handlers\FileHandler' driver.
INFO - 2026-05-11 10:44:18 --> Session: Class initialized using 'CodeIgniter\Session\Handlers\FileHandler' driver.
INFO - 2026-05-11 10:44:19 --> Session: Class initialized using 'CodeIgniter\Session\Handlers\FileHandler' driver.
INFO - 2026-05-11 10:44:20 --> Session: Class initialized using 'CodeIgniter\Session\Handlers\FileHandler' driver.
INFO - 2026-05-11 10:44:21 --> Session: Class initialized using 'CodeIgniter\Session\Handlers\FileHandler' driver.
WARNING - 2026-05-11 10:44:21 --> [DEPRECATED] error_log(): Passing null to parameter #1 ($message) of type string is deprecated in APPPATH\Controllers\Admin.php on line 170.
 1 APPPATH\Controllers\Admin.php(170): error_log(null)
 2 SYSTEMPATH\CodeIgniter.php(934): App\Controllers\Admin->getRecentNews()
 3 SYSTEMPATH\CodeIgniter.php(499): CodeIgniter\CodeIgniter->runController(Object(App\Controllers\Admin))
 4 SYSTEMPATH\CodeIgniter.php(368): CodeIgniter\CodeIgniter->handleRequest(null, Object(Config\Cache), false)
 5 FCPATH\index.php(67): CodeIgniter\CodeIgniter->run()
INFO - 2026-05-11 10:44:21 --> Session: Class initialized using 'CodeIgniter\Session\Handlers\FileHandler' driver.
WARNING - 2026-05-11 10:44:21 --> [DEPRECATED] error_log(): Passing null to parameter #1 ($message) of type string is deprecated in APPPATH\Controllers\Admin.php on line 203.
 1 APPPATH\Controllers\Admin.php(203): error_log(null)
 2 SYSTEMPATH\CodeIgniter.php(934): App\Controllers\Admin->getRecentAnns()
 3 SYSTEMPATH\CodeIgniter.php(499): CodeIgniter\CodeIgniter->runController(Object(App\Controllers\Admin))
 4 SYSTEMPATH\CodeIgniter.php(368): CodeIgniter\CodeIgniter->handleRequest(null, Object(Config\Cache), false)
 5 FCPATH\index.php(67): CodeIgniter\CodeIgniter->run()
INFO - 2026-05-11 10:44:23 --> Session: Class initialized using 'CodeIgniter\Session\Handlers\FileHandler' driver.
INFO - 2026-05-11 10:44:23 --> Session: Class initialized using 'CodeIgniter\Session\Handlers\FileHandler' driver.
INFO - 2026-05-11 10:51:47 --> Session: Class initialized using 'CodeIgniter\Session\Handlers\FileHandler' driver.
INFO - 2026-05-11 10:51:48 --> Session: Class initialized using 'CodeIgniter\Session\Handlers\FileHandler' driver.
INFO - 2026-05-11 10:51:51 --> Session: Class initialized using 'CodeIgniter\Session\Handlers\FileHandler' driver.
INFO - 2026-05-11 10:51:51 --> Session: Class initialized using 'CodeIgniter\Session\Handlers\FileHandler' driver.
INFO - 2026-05-11 10:52:31 --> Session: Class initialized using 'CodeIgniter\Session\Handlers\FileHandler' driver.
INFO - 2026-05-11 10:52:31 --> Session: Class initialized using 'CodeIgniter\Session\Handlers\FileHandler' driver.
INFO - 2026-05-11 10:52:35 --> Session: Class initialized using 'CodeIgniter\Session\Handlers\FileHandler' driver.
INFO - 2026-05-11 10:52:36 --> Session: Class initialized using 'CodeIgniter\Session\Handlers\FileHandler' driver.
INFO - 2026-05-11 10:52:36 --> Session: Class initialized using 'CodeIgniter\Session\Handlers\FileHandler' driver.
WARNING - 2026-05-11 10:52:36 --> [DEPRECATED] error_log(): Passing null to parameter #1 ($message) of type string is deprecated in APPPATH\Controllers\Admin.php on line 170.
 1 APPPATH\Controllers\Admin.php(170): error_log(null)
 2 SYSTEMPATH\CodeIgniter.php(934): App\Controllers\Admin->getRecentNews()
 3 SYSTEMPATH\CodeIgniter.php(499): CodeIgniter\CodeIgniter->runController(Object(App\Controllers\Admin))
 4 SYSTEMPATH\CodeIgniter.php(368): CodeIgniter\CodeIgniter->handleRequest(null, Object(Config\Cache), false)
 5 FCPATH\index.php(67): CodeIgniter\CodeIgniter->run()
INFO - 2026-05-11 10:52:36 --> Session: Class initialized using 'CodeIgniter\Session\Handlers\FileHandler' driver.
WARNING - 2026-05-11 10:52:37 --> [DEPRECATED] error_log(): Passing null to parameter #1 ($message) of type string is deprecated in APPPATH\Controllers\Admin.php on line 203.
 1 APPPATH\Controllers\Admin.php(203): error_log(null)
 2 SYSTEMPATH\CodeIgniter.php(934): App\Controllers\Admin->getRecentAnns()
 3 SYSTEMPATH\CodeIgniter.php(499): CodeIgniter\CodeIgniter->runController(Object(App\Controllers\Admin))
 4 SYSTEMPATH\CodeIgniter.php(368): CodeIgniter\CodeIgniter->handleRequest(null, Object(Config\Cache), false)
 5 FCPATH\index.php(67): CodeIgniter\CodeIgniter->run()
INFO - 2026-05-11 10:52:38 --> Session: Class initialized using 'CodeIgniter\Session\Handlers\FileHandler' driver.
INFO - 2026-05-11 10:52:38 --> Session: Class initialized using 'CodeIgniter\Session\Handlers\FileHandler' driver.
INFO - 2026-05-11 10:54:52 --> Session: Class initialized using 'CodeIgniter\Session\Handlers\FileHandler' driver.
INFO - 2026-05-11 10:54:53 --> Session: Class initialized using 'CodeIgniter\Session\Handlers\FileHandler' driver.
INFO - 2026-05-11 10:54:55 --> Session: Class initialized using 'CodeIgniter\Session\Handlers\FileHandler' driver.
INFO - 2026-05-11 10:54:56 --> Session: Class initialized using 'CodeIgniter\Session\Handlers\FileHandler' driver.
INFO - 2026-05-11 10:54:58 --> Session: Class initialized using 'CodeIgniter\Session\Handlers\FileHandler' driver.
INFO - 2026-05-11 10:54:59 --> Session: Class initialized using 'CodeIgniter\Session\Handlers\FileHandler' driver.
INFO - 2026-05-11 10:55:09 --> Session: Class initialized using 'CodeIgniter\Session\Handlers\FileHandler' driver.
INFO - 2026-05-11 10:55:10 --> Session: Class initialized using 'CodeIgniter\Session\Handlers\FileHandler' driver.
INFO - 2026-05-11 10:56:02 --> Session: Class initialized using 'CodeIgniter\Session\Handlers\FileHandler' driver.
INFO - 2026-05-11 10:56:02 --> Session: Class initialized using 'CodeIgniter\Session\Handlers\FileHandler' driver.
INFO - 2026-05-11 10:56:02 --> Session: Class initialized using 'CodeIgniter\Session\Handlers\FileHandler' driver.
INFO - 2026-05-11 10:59:59 --> Session: Class initialized using 'CodeIgniter\Session\Handlers\FileHandler' driver.
INFO - 2026-05-11 11:00:00 --> Session: Class initialized using 'CodeIgniter\Session\Handlers\FileHandler' driver.
INFO - 2026-05-11 11:00:01 --> Session: Class initialized using 'CodeIgniter\Session\Handlers\FileHandler' driver.
INFO - 2026-05-11 11:00:02 --> Session: Class initialized using 'CodeIgniter\Session\Handlers\FileHandler' driver.
INFO - 2026-05-11 11:00:03 --> Session: Class initialized using 'CodeIgniter\Session\Handlers\FileHandler' driver.
INFO - 2026-05-11 11:00:03 --> Session: Class initialized using 'CodeIgniter\Session\Handlers\FileHandler' driver.
INFO - 2026-05-11 11:02:10 --> Session: Class initialized using 'CodeIgniter\Session\Handlers\FileHandler' driver.
INFO - 2026-05-11 11:02:11 --> Session: Class initialized using 'CodeIgniter\Session\Handlers\FileHandler' driver.
INFO - 2026-05-11 11:02:14 --> Session: Class initialized using 'CodeIgniter\Session\Handlers\FileHandler' driver.
INFO - 2026-05-11 11:02:15 --> Session: Class initialized using 'CodeIgniter\Session\Handlers\FileHandler' driver.
INFO - 2026-05-11 11:02:15 --> Session: Class initialized using 'CodeIgniter\Session\Handlers\FileHandler' driver.
WARNING - 2026-05-11 11:02:15 --> [DEPRECATED] error_log(): Passing null to parameter #1 ($message) of type string is deprecated in APPPATH\Controllers\Admin.php on line 170.
 1 APPPATH\Controllers\Admin.php(170): error_log(null)
 2 SYSTEMPATH\CodeIgniter.php(934): App\Controllers\Admin->getRecentNews()
 3 SYSTEMPATH\CodeIgniter.php(499): CodeIgniter\CodeIgniter->runController(Object(App\Controllers\Admin))
 4 SYSTEMPATH\CodeIgniter.php(368): CodeIgniter\CodeIgniter->handleRequest(null, Object(Config\Cache), false)
 5 FCPATH\index.php(67): CodeIgniter\CodeIgniter->run()
INFO - 2026-05-11 11:02:16 --> Session: Class initialized using 'CodeIgniter\Session\Handlers\FileHandler' driver.
WARNING - 2026-05-11 11:02:16 --> [DEPRECATED] error_log(): Passing null to parameter #1 ($message) of type string is deprecated in APPPATH\Controllers\Admin.php on line 203.
 1 APPPATH\Controllers\Admin.php(203): error_log(null)
 2 SYSTEMPATH\CodeIgniter.php(934): App\Controllers\Admin->getRecentAnns()
 3 SYSTEMPATH\CodeIgniter.php(499): CodeIgniter\CodeIgniter->runController(Object(App\Controllers\Admin))
 4 SYSTEMPATH\CodeIgniter.php(368): CodeIgniter\CodeIgniter->handleRequest(null, Object(Config\Cache), false)
 5 FCPATH\index.php(67): CodeIgniter\CodeIgniter->run()
INFO - 2026-05-11 11:02:17 --> Session: Class initialized using 'CodeIgniter\Session\Handlers\FileHandler' driver.
INFO - 2026-05-11 11:02:18 --> Session: Class initialized using 'CodeIgniter\Session\Handlers\FileHandler' driver.
INFO - 2026-05-11 11:02:40 --> Session: Class initialized using 'CodeIgniter\Session\Handlers\FileHandler' driver.
INFO - 2026-05-11 11:03:24 --> Session: Class initialized using 'CodeIgniter\Session\Handlers\FileHandler' driver.
INFO - 2026-05-11 11:03:24 --> Session: Class initialized using 'CodeIgniter\Session\Handlers\FileHandler' driver.
INFO - 2026-05-11 11:05:26 --> Session: Class initialized using 'CodeIgniter\Session\Handlers\FileHandler' driver.
INFO - 2026-05-11 11:05:27 --> Session: Class initialized using 'CodeIgniter\Session\Handlers\FileHandler' driver.
INFO - 2026-05-11 11:05:27 --> Session: Class initialized using 'CodeIgniter\Session\Handlers\FileHandler' driver.
INFO - 2026-05-11 11:05:27 --> Session: Class initialized using 'CodeIgniter\Session\Handlers\FileHandler' driver.
INFO - 2026-05-11 11:05:28 --> Session: Class initialized using 'CodeIgniter\Session\Handlers\FileHandler' driver.
INFO - 2026-05-11 11:05:28 --> Session: Class initialized using 'CodeIgniter\Session\Handlers\FileHandler' driver.
INFO - 2026-05-11 11:05:28 --> Session: Class initialized using 'CodeIgniter\Session\Handlers\FileHandler' driver.
INFO - 2026-05-11 11:05:28 --> Session: Class initialized using 'CodeIgniter\Session\Handlers\FileHandler' driver.
INFO - 2026-05-11 11:05:28 --> Session: Class initialized using 'CodeIgniter\Session\Handlers\FileHandler' driver.
INFO - 2026-05-11 11:05:28 --> Session: Class initialized using 'CodeIgniter\Session\Handlers\FileHandler' driver.
INFO - 2026-05-11 11:05:28 --> Session: Class initialized using 'CodeIgniter\Session\Handlers\FileHandler' driver.
INFO - 2026-05-11 11:05:28 --> Session: Class initialized using 'CodeIgniter\Session\Handlers\FileHandler' driver.
INFO - 2026-05-11 11:05:28 --> Session: Class initialized using 'CodeIgniter\Session\Handlers\FileHandler' driver.
INFO - 2026-05-11 11:05:28 --> Session: Class initialized using 'CodeIgniter\Session\Handlers\FileHandler' driver.
INFO - 2026-05-11 11:05:28 --> Session: Class initialized using 'CodeIgniter\Session\Handlers\FileHandler' driver.
INFO - 2026-05-11 11:05:28 --> Session: Class initialized using 'CodeIgniter\Session\Handlers\FileHandler' driver.
INFO - 2026-05-11 11:05:28 --> Session: Class initialized using 'CodeIgniter\Session\Handlers\FileHandler' driver.
INFO - 2026-05-11 11:05:28 --> Session: Class initialized using 'CodeIgniter\Session\Handlers\FileHandler' driver.
INFO - 2026-05-11 11:05:28 --> Session: Class initialized using 'CodeIgniter\Session\Handlers\FileHandler' driver.
INFO - 2026-05-11 11:05:28 --> Session: Class initialized using 'CodeIgniter\Session\Handlers\FileHandler' driver.
INFO - 2026-05-11 11:05:28 --> Session: Class initialized using 'CodeIgniter\Session\Handlers\FileHandler' driver.
INFO - 2026-05-11 11:05:32 --> Session: Class initialized using 'CodeIgniter\Session\Handlers\FileHandler' driver.
INFO - 2026-05-11 11:08:17 --> Session: Class initialized using 'CodeIgniter\Session\Handlers\FileHandler' driver.
INFO - 2026-05-11 11:08:18 --> Session: Class initialized using 'CodeIgniter\Session\Handlers\FileHandler' driver.
INFO - 2026-05-11 11:08:18 --> Session: Class initialized using 'CodeIgniter\Session\Handlers\FileHandler' driver.
INFO - 2026-05-11 11:08:18 --> Session: Class initialized using 'CodeIgniter\Session\Handlers\FileHandler' driver.
INFO - 2026-05-11 11:08:18 --> Session: Class initialized using 'CodeIgniter\Session\Handlers\FileHandler' driver.
INFO - 2026-05-11 11:08:18 --> Session: Class initialized using 'CodeIgniter\Session\Handlers\FileHandler' driver.
INFO - 2026-05-11 11:08:18 --> Session: Class initialized using 'CodeIgniter\Session\Handlers\FileHandler' driver.
INFO - 2026-05-11 11:08:18 --> Session: Class initialized using 'CodeIgniter\Session\Handlers\FileHandler' driver.
INFO - 2026-05-11 11:08:19 --> Session: Class initialized using 'CodeIgniter\Session\Handlers\FileHandler' driver.
INFO - 2026-05-11 11:08:19 --> Session: Class initialized using 'CodeIgniter\Session\Handlers\FileHandler' driver.
INFO - 2026-05-11 11:08:19 --> Session: Class initialized using 'CodeIgniter\Session\Handlers\FileHandler' driver.
INFO - 2026-05-11 11:08:19 --> Session: Class initialized using 'CodeIgniter\Session\Handlers\FileHandler' driver.
INFO - 2026-05-11 11:08:19 --> Session: Class initialized using 'CodeIgniter\Session\Handlers\FileHandler' driver.
INFO - 2026-05-11 11:08:19 --> Session: Class initialized using 'CodeIgniter\Session\Handlers\FileHandler' driver.
INFO - 2026-05-11 11:08:19 --> Session: Class initialized using 'CodeIgniter\Session\Handlers\FileHandler' driver.
INFO - 2026-05-11 11:08:19 --> Session: Class initialized using 'CodeIgniter\Session\Handlers\FileHandler' driver.
INFO - 2026-05-11 11:08:19 --> Session: Class initialized using 'CodeIgniter\Session\Handlers\FileHandler' driver.
INFO - 2026-05-11 11:08:19 --> Session: Class initialized using 'CodeIgniter\Session\Handlers\FileHandler' driver.
INFO - 2026-05-11 11:08:19 --> Session: Class initialized using 'CodeIgniter\Session\Handlers\FileHandler' driver.
INFO - 2026-05-11 11:08:19 --> Session: Class initialized using 'CodeIgniter\Session\Handlers\FileHandler' driver.
INFO - 2026-05-11 11:08:19 --> Session: Class initialized using 'CodeIgniter\Session\Handlers\FileHandler' driver.
INFO - 2026-05-11 11:11:43 --> Session: Class initialized using 'CodeIgniter\Session\Handlers\FileHandler' driver.
INFO - 2026-05-11 11:11:44 --> Session: Class initialized using 'CodeIgniter\Session\Handlers\FileHandler' driver.
INFO - 2026-05-11 11:11:46 --> Session: Class initialized using 'CodeIgniter\Session\Handlers\FileHandler' driver.
INFO - 2026-05-11 11:11:46 --> Session: Class initialized using 'CodeIgniter\Session\Handlers\FileHandler' driver.
INFO - 2026-05-11 11:12:49 --> Session: Class initialized using 'CodeIgniter\Session\Handlers\FileHandler' driver.
INFO - 2026-05-11 11:12:49 --> Session: Class initialized using 'CodeIgniter\Session\Handlers\FileHandler' driver.
INFO - 2026-05-11 11:15:20 --> Session: Class initialized using 'CodeIgniter\Session\Handlers\FileHandler' driver.
INFO - 2026-05-11 11:15:20 --> Session: Class initialized using 'CodeIgniter\Session\Handlers\FileHandler' driver.
INFO - 2026-05-11 11:15:25 --> Session: Class initialized using 'CodeIgniter\Session\Handlers\FileHandler' driver.
INFO - 2026-05-11 11:15:25 --> Session: Class initialized using 'CodeIgniter\Session\Handlers\FileHandler' driver.
INFO - 2026-05-11 11:15:26 --> Session: Class initialized using 'CodeIgniter\Session\Handlers\FileHandler' driver.
WARNING - 2026-05-11 11:15:26 --> [DEPRECATED] error_log(): Passing null to parameter #1 ($message) of type string is deprecated in APPPATH\Controllers\Admin.php on line 170.
 1 APPPATH\Controllers\Admin.php(170): error_log(null)
 2 SYSTEMPATH\CodeIgniter.php(934): App\Controllers\Admin->getRecentNews()
 3 SYSTEMPATH\CodeIgniter.php(499): CodeIgniter\CodeIgniter->runController(Object(App\Controllers\Admin))
 4 SYSTEMPATH\CodeIgniter.php(368): CodeIgniter\CodeIgniter->handleRequest(null, Object(Config\Cache), false)
 5 FCPATH\index.php(67): CodeIgniter\CodeIgniter->run()
INFO - 2026-05-11 11:15:26 --> Session: Class initialized using 'CodeIgniter\Session\Handlers\FileHandler' driver.
WARNING - 2026-05-11 11:15:26 --> [DEPRECATED] error_log(): Passing null to parameter #1 ($message) of type string is deprecated in APPPATH\Controllers\Admin.php on line 203.
 1 APPPATH\Controllers\Admin.php(203): error_log(null)
 2 SYSTEMPATH\CodeIgniter.php(934): App\Controllers\Admin->getRecentAnns()
 3 SYSTEMPATH\CodeIgniter.php(499): CodeIgniter\CodeIgniter->runController(Object(App\Controllers\Admin))
 4 SYSTEMPATH\CodeIgniter.php(368): CodeIgniter\CodeIgniter->handleRequest(null, Object(Config\Cache), false)
 5 FCPATH\index.php(67): CodeIgniter\CodeIgniter->run()
INFO - 2026-05-11 11:15:28 --> Session: Class initialized using 'CodeIgniter\Session\Handlers\FileHandler' driver.
INFO - 2026-05-11 11:15:28 --> Session: Class initialized using 'CodeIgniter\Session\Handlers\FileHandler' driver.
INFO - 2026-05-11 11:19:16 --> Session: Class initialized using 'CodeIgniter\Session\Handlers\FileHandler' driver.
INFO - 2026-05-11 11:19:16 --> Session: Class initialized using 'CodeIgniter\Session\Handlers\FileHandler' driver.
INFO - 2026-05-11 11:22:18 --> Session: Class initialized using 'CodeIgniter\Session\Handlers\FileHandler' driver.
INFO - 2026-05-11 11:22:18 --> Session: Class initialized using 'CodeIgniter\Session\Handlers\FileHandler' driver.
INFO - 2026-05-11 11:22:24 --> Session: Class initialized using 'CodeIgniter\Session\Handlers\FileHandler' driver.
INFO - 2026-05-11 11:22:24 --> Session: Class initialized using 'CodeIgniter\Session\Handlers\FileHandler' driver.
INFO - 2026-05-11 11:22:25 --> Session: Class initialized using 'CodeIgniter\Session\Handlers\FileHandler' driver.
WARNING - 2026-05-11 11:22:25 --> [DEPRECATED] error_log(): Passing null to parameter #1 ($message) of type string is deprecated in APPPATH\Controllers\Admin.php on line 170.
 1 APPPATH\Controllers\Admin.php(170): error_log(null)
 2 SYSTEMPATH\CodeIgniter.php(934): App\Controllers\Admin->getRecentNews()
 3 SYSTEMPATH\CodeIgniter.php(499): CodeIgniter\CodeIgniter->runController(Object(App\Controllers\Admin))
 4 SYSTEMPATH\CodeIgniter.php(368): CodeIgniter\CodeIgniter->handleRequest(null, Object(Config\Cache), false)
 5 FCPATH\index.php(67): CodeIgniter\CodeIgniter->run()
INFO - 2026-05-11 11:22:25 --> Session: Class initialized using 'CodeIgniter\Session\Handlers\FileHandler' driver.
WARNING - 2026-05-11 11:22:25 --> [DEPRECATED] error_log(): Passing null to parameter #1 ($message) of type string is deprecated in APPPATH\Controllers\Admin.php on line 203.
 1 APPPATH\Controllers\Admin.php(203): error_log(null)
 2 SYSTEMPATH\CodeIgniter.php(934): App\Controllers\Admin->getRecentAnns()
 3 SYSTEMPATH\CodeIgniter.php(499): CodeIgniter\CodeIgniter->runController(Object(App\Controllers\Admin))
 4 SYSTEMPATH\CodeIgniter.php(368): CodeIgniter\CodeIgniter->handleRequest(null, Object(Config\Cache), false)
 5 FCPATH\index.php(67): CodeIgniter\CodeIgniter->run()
INFO - 2026-05-11 11:22:28 --> Session: Class initialized using 'CodeIgniter\Session\Handlers\FileHandler' driver.
INFO - 2026-05-11 11:22:29 --> Session: Class initialized using 'CodeIgniter\Session\Handlers\FileHandler' driver.
INFO - 2026-05-11 11:22:31 --> Session: Class initialized using 'CodeIgniter\Session\Handlers\FileHandler' driver.
INFO - 2026-05-11 11:22:31 --> Session: Class initialized using 'CodeIgniter\Session\Handlers\FileHandler' driver.
INFO - 2026-05-11 11:22:32 --> Session: Class initialized using 'CodeIgniter\Session\Handlers\FileHandler' driver.
INFO - 2026-05-11 11:22:37 --> Session: Class initialized using 'CodeIgniter\Session\Handlers\FileHandler' driver.
INFO - 2026-05-11 11:22:50 --> Session: Class initialized using 'CodeIgniter\Session\Handlers\FileHandler' driver.
INFO - 2026-05-11 11:22:50 --> Session: Class initialized using 'CodeIgniter\Session\Handlers\FileHandler' driver.
INFO - 2026-05-11 11:22:51 --> Session: Class initialized using 'CodeIgniter\Session\Handlers\FileHandler' driver.
INFO - 2026-05-11 11:22:52 --> Session: Class initialized using 'CodeIgniter\Session\Handlers\FileHandler' driver.
INFO - 2026-05-11 11:22:52 --> Session: Class initialized using 'CodeIgniter\Session\Handlers\FileHandler' driver.
INFO - 2026-05-11 11:22:53 --> Session: Class initialized using 'CodeIgniter\Session\Handlers\FileHandler' driver.
INFO - 2026-05-11 11:24:48 --> Session: Class initialized using 'CodeIgniter\Session\Handlers\FileHandler' driver.
INFO - 2026-05-11 11:24:48 --> Session: Class initialized using 'CodeIgniter\Session\Handlers\FileHandler' driver.
INFO - 2026-05-11 11:24:52 --> Session: Class initialized using 'CodeIgniter\Session\Handlers\FileHandler' driver.
INFO - 2026-05-11 11:26:22 --> Session: Class initialized using 'CodeIgniter\Session\Handlers\FileHandler' driver.
INFO - 2026-05-11 11:26:22 --> Session: Class initialized using 'CodeIgniter\Session\Handlers\FileHandler' driver.
INFO - 2026-05-11 11:26:27 --> Session: Class initialized using 'CodeIgniter\Session\Handlers\FileHandler' driver.
INFO - 2026-05-11 11:26:28 --> Session: Class initialized using 'CodeIgniter\Session\Handlers\FileHandler' driver.
INFO - 2026-05-11 11:26:29 --> Session: Class initialized using 'CodeIgniter\Session\Handlers\FileHandler' driver.
WARNING - 2026-05-11 11:26:29 --> [DEPRECATED] error_log(): Passing null to parameter #1 ($message) of type string is deprecated in APPPATH\Controllers\Admin.php on line 170.
 1 APPPATH\Controllers\Admin.php(170): error_log(null)
 2 SYSTEMPATH\CodeIgniter.php(934): App\Controllers\Admin->getRecentNews()
 3 SYSTEMPATH\CodeIgniter.php(499): CodeIgniter\CodeIgniter->runController(Object(App\Controllers\Admin))
 4 SYSTEMPATH\CodeIgniter.php(368): CodeIgniter\CodeIgniter->handleRequest(null, Object(Config\Cache), false)
 5 FCPATH\index.php(67): CodeIgniter\CodeIgniter->run()
INFO - 2026-05-11 11:26:29 --> Session: Class initialized using 'CodeIgniter\Session\Handlers\FileHandler' driver.
WARNING - 2026-05-11 11:26:29 --> [DEPRECATED] error_log(): Passing null to parameter #1 ($message) of type string is deprecated in APPPATH\Controllers\Admin.php on line 203.
 1 APPPATH\Controllers\Admin.php(203): error_log(null)
 2 SYSTEMPATH\CodeIgniter.php(934): App\Controllers\Admin->getRecentAnns()
 3 SYSTEMPATH\CodeIgniter.php(499): CodeIgniter\CodeIgniter->runController(Object(App\Controllers\Admin))
 4 SYSTEMPATH\CodeIgniter.php(368): CodeIgniter\CodeIgniter->handleRequest(null, Object(Config\Cache), false)
 5 FCPATH\index.php(67): CodeIgniter\CodeIgniter->run()
INFO - 2026-05-11 11:26:32 --> Session: Class initialized using 'CodeIgniter\Session\Handlers\FileHandler' driver.
INFO - 2026-05-11 11:26:32 --> Session: Class initialized using 'CodeIgniter\Session\Handlers\FileHandler' driver.
INFO - 2026-05-11 11:26:33 --> Session: Class initialized using 'CodeIgniter\Session\Handlers\FileHandler' driver.
INFO - 2026-05-11 11:26:33 --> Session: Class initialized using 'CodeIgniter\Session\Handlers\FileHandler' driver.
INFO - 2026-05-11 11:26:33 --> Session: Class initialized using 'CodeIgniter\Session\Handlers\FileHandler' driver.
INFO - 2026-05-11 11:26:33 --> Session: Class initialized using 'CodeIgniter\Session\Handlers\FileHandler' driver.
INFO - 2026-05-11 11:26:33 --> Session: Class initialized using 'CodeIgniter\Session\Handlers\FileHandler' driver.
INFO - 2026-05-11 11:26:33 --> Session: Class initialized using 'CodeIgniter\Session\Handlers\FileHandler' driver.
INFO - 2026-05-11 11:26:33 --> Session: Class initialized using 'CodeIgniter\Session\Handlers\FileHandler' driver.
INFO - 2026-05-11 11:26:33 --> Session: Class initialized using 'CodeIgniter\Session\Handlers\FileHandler' driver.
INFO - 2026-05-11 11:26:33 --> Session: Class initialized using 'CodeIgniter\Session\Handlers\FileHandler' driver.
INFO - 2026-05-11 11:26:33 --> Session: Class initialized using 'CodeIgniter\Session\Handlers\FileHandler' driver.
INFO - 2026-05-11 11:26:33 --> Session: Class initialized using 'CodeIgniter\Session\Handlers\FileHandler' driver.
INFO - 2026-05-11 11:26:33 --> Session: Class initialized using 'CodeIgniter\Session\Handlers\FileHandler' driver.
INFO - 2026-05-11 11:26:33 --> Session: Class initialized using 'CodeIgniter\Session\Handlers\FileHandler' driver.
INFO - 2026-05-11 11:26:33 --> Session: Class initialized using 'CodeIgniter\Session\Handlers\FileHandler' driver.
INFO - 2026-05-11 11:26:33 --> Session: Class initialized using 'CodeIgniter\Session\Handlers\FileHandler' driver.
INFO - 2026-05-11 11:26:33 --> Session: Class initialized using 'CodeIgniter\Session\Handlers\FileHandler' driver.
INFO - 2026-05-11 11:26:33 --> Session: Class initialized using 'CodeIgniter\Session\Handlers\FileHandler' driver.
INFO - 2026-05-11 11:26:33 --> Session: Class initialized using 'CodeIgniter\Session\Handlers\FileHandler' driver.
INFO - 2026-05-11 11:26:33 --> Session: Class initialized using 'CodeIgniter\Session\Handlers\FileHandler' driver.
INFO - 2026-05-11 11:26:35 --> Session: Class initialized using 'CodeIgniter\Session\Handlers\FileHandler' driver.
INFO - 2026-05-11 11:26:36 --> Session: Class initialized using 'CodeIgniter\Session\Handlers\FileHandler' driver.
INFO - 2026-05-11 11:26:38 --> Session: Class initialized using 'CodeIgniter\Session\Handlers\FileHandler' driver.
INFO - 2026-05-11 11:26:39 --> Session: Class initialized using 'CodeIgniter\Session\Handlers\FileHandler' driver.
INFO - 2026-05-11 11:26:39 --> Session: Class initialized using 'CodeIgniter\Session\Handlers\FileHandler' driver.
INFO - 2026-05-11 11:26:39 --> Session: Class initialized using 'CodeIgniter\Session\Handlers\FileHandler' driver.
INFO - 2026-05-11 11:26:39 --> Session: Class initialized using 'CodeIgniter\Session\Handlers\FileHandler' driver.
INFO - 2026-05-11 11:26:39 --> Session: Class initialized using 'CodeIgniter\Session\Handlers\FileHandler' driver.
INFO - 2026-05-11 11:26:39 --> Session: Class initialized using 'CodeIgniter\Session\Handlers\FileHandler' driver.
INFO - 2026-05-11 11:26:39 --> Session: Class initialized using 'CodeIgniter\Session\Handlers\FileHandler' driver.
INFO - 2026-05-11 11:26:40 --> Session: Class initialized using 'CodeIgniter\Session\Handlers\FileHandler' driver.
INFO - 2026-05-11 11:26:40 --> Session: Class initialized using 'CodeIgniter\Session\Handlers\FileHandler' driver.
INFO - 2026-05-11 11:26:40 --> Session: Class initialized using 'CodeIgniter\Session\Handlers\FileHandler' driver.
INFO - 2026-05-11 11:26:41 --> Session: Class initialized using 'CodeIgniter\Session\Handlers\FileHandler' driver.
INFO - 2026-05-11 11:26:41 --> Session: Class initialized using 'CodeIgniter\Session\Handlers\FileHandler' driver.
INFO - 2026-05-11 11:26:41 --> Session: Class initialized using 'CodeIgniter\Session\Handlers\FileHandler' driver.
INFO - 2026-05-11 11:26:41 --> Session: Class initialized using 'CodeIgniter\Session\Handlers\FileHandler' driver.
INFO - 2026-05-11 11:26:41 --> Session: Class initialized using 'CodeIgniter\Session\Handlers\FileHandler' driver.
INFO - 2026-05-11 11:26:41 --> Session: Class initialized using 'CodeIgniter\Session\Handlers\FileHandler' driver.
INFO - 2026-05-11 11:26:41 --> Session: Class initialized using 'CodeIgniter\Session\Handlers\FileHandler' driver.
INFO - 2026-05-11 11:26:41 --> Session: Class initialized using 'CodeIgniter\Session\Handlers\FileHandler' driver.
INFO - 2026-05-11 11:27:21 --> Session: Class initialized using 'CodeIgniter\Session\Handlers\FileHandler' driver.
INFO - 2026-05-11 11:27:21 --> Session: Class initialized using 'CodeIgniter\Session\Handlers\FileHandler' driver.
INFO - 2026-05-11 11:27:31 --> Session: Class initialized using 'CodeIgniter\Session\Handlers\FileHandler' driver.
INFO - 2026-05-11 11:27:33 --> Session: Class initialized using 'CodeIgniter\Session\Handlers\FileHandler' driver.
INFO - 2026-05-11 11:33:45 --> Session: Class initialized using 'CodeIgniter\Session\Handlers\FileHandler' driver.
INFO - 2026-05-11 11:33:46 --> Session: Class initialized using 'CodeIgniter\Session\Handlers\FileHandler' driver.
INFO - 2026-05-11 11:36:45 --> Session: Class initialized using 'CodeIgniter\Session\Handlers\FileHandler' driver.
INFO - 2026-05-11 11:36:45 --> Session: Class initialized using 'CodeIgniter\Session\Handlers\FileHandler' driver.
INFO - 2026-05-11 11:40:02 --> Session: Class initialized using 'CodeIgniter\Session\Handlers\FileHandler' driver.
INFO - 2026-05-11 11:40:02 --> Session: Class initialized using 'CodeIgniter\Session\Handlers\FileHandler' driver.
INFO - 2026-05-11 11:40:05 --> Session: Class initialized using 'CodeIgniter\Session\Handlers\FileHandler' driver.
INFO - 2026-05-11 11:40:06 --> Session: Class initialized using 'CodeIgniter\Session\Handlers\FileHandler' driver.
INFO - 2026-05-11 11:47:16 --> Session: Class initialized using 'CodeIgniter\Session\Handlers\FileHandler' driver.
INFO - 2026-05-11 11:47:17 --> Session: Class initialized using 'CodeIgniter\Session\Handlers\FileHandler' driver.
INFO - 2026-05-11 11:47:22 --> Session: Class initialized using 'CodeIgniter\Session\Handlers\FileHandler' driver.
INFO - 2026-05-11 11:47:22 --> Session: Class initialized using 'CodeIgniter\Session\Handlers\FileHandler' driver.
INFO - 2026-05-11 11:47:23 --> Session: Class initialized using 'CodeIgniter\Session\Handlers\FileHandler' driver.
WARNING - 2026-05-11 11:47:23 --> [DEPRECATED] error_log(): Passing null to parameter #1 ($message) of type string is deprecated in APPPATH\Controllers\Admin.php on line 170.
 1 APPPATH\Controllers\Admin.php(170): error_log(null)
 2 SYSTEMPATH\CodeIgniter.php(934): App\Controllers\Admin->getRecentNews()
 3 SYSTEMPATH\CodeIgniter.php(499): CodeIgniter\CodeIgniter->runController(Object(App\Controllers\Admin))
 4 SYSTEMPATH\CodeIgniter.php(368): CodeIgniter\CodeIgniter->handleRequest(null, Object(Config\Cache), false)
 5 FCPATH\index.php(67): CodeIgniter\CodeIgniter->run()
INFO - 2026-05-11 11:47:23 --> Session: Class initialized using 'CodeIgniter\Session\Handlers\FileHandler' driver.
WARNING - 2026-05-11 11:47:23 --> [DEPRECATED] error_log(): Passing null to parameter #1 ($message) of type string is deprecated in APPPATH\Controllers\Admin.php on line 203.
 1 APPPATH\Controllers\Admin.php(203): error_log(null)
 2 SYSTEMPATH\CodeIgniter.php(934): App\Controllers\Admin->getRecentAnns()
 3 SYSTEMPATH\CodeIgniter.php(499): CodeIgniter\CodeIgniter->runController(Object(App\Controllers\Admin))
 4 SYSTEMPATH\CodeIgniter.php(368): CodeIgniter\CodeIgniter->handleRequest(null, Object(Config\Cache), false)
 5 FCPATH\index.php(67): CodeIgniter\CodeIgniter->run()
INFO - 2026-05-11 11:47:26 --> Session: Class initialized using 'CodeIgniter\Session\Handlers\FileHandler' driver.
INFO - 2026-05-11 11:47:27 --> Session: Class initialized using 'CodeIgniter\Session\Handlers\FileHandler' driver.
INFO - 2026-05-11 11:47:39 --> Session: Class initialized using 'CodeIgniter\Session\Handlers\FileHandler' driver.
INFO - 2026-05-11 11:47:40 --> Session: Class initialized using 'CodeIgniter\Session\Handlers\FileHandler' driver.
INFO - 2026-05-11 11:48:14 --> Session: Class initialized using 'CodeIgniter\Session\Handlers\FileHandler' driver.
INFO - 2026-05-11 11:48:19 --> Session: Class initialized using 'CodeIgniter\Session\Handlers\FileHandler' driver.
INFO - 2026-05-11 11:50:02 --> Session: Class initialized using 'CodeIgniter\Session\Handlers\FileHandler' driver.
INFO - 2026-05-11 11:50:03 --> Session: Class initialized using 'CodeIgniter\Session\Handlers\FileHandler' driver.
INFO - 2026-05-11 12:28:18 --> Session: Class initialized using 'CodeIgniter\Session\Handlers\FileHandler' driver.
INFO - 2026-05-11 12:28:19 --> Session: Class initialized using 'CodeIgniter\Session\Handlers\FileHandler' driver.
INFO - 2026-05-11 12:29:11 --> Session: Class initialized using 'CodeIgniter\Session\Handlers\FileHandler' driver.
INFO - 2026-05-11 12:29:11 --> Session: Class initialized using 'CodeIgniter\Session\Handlers\FileHandler' driver.
INFO - 2026-05-11 12:29:16 --> Session: Class initialized using 'CodeIgniter\Session\Handlers\FileHandler' driver.
INFO - 2026-05-11 12:29:16 --> Session: Class initialized using 'CodeIgniter\Session\Handlers\FileHandler' driver.
INFO - 2026-05-11 12:29:17 --> Session: Class initialized using 'CodeIgniter\Session\Handlers\FileHandler' driver.
WARNING - 2026-05-11 12:29:17 --> [DEPRECATED] error_log(): Passing null to parameter #1 ($message) of type string is deprecated in APPPATH\Controllers\Admin.php on line 203.
 1 APPPATH\Controllers\Admin.php(203): error_log(null)
 2 SYSTEMPATH\CodeIgniter.php(934): App\Controllers\Admin->getRecentAnns()
 3 SYSTEMPATH\CodeIgniter.php(499): CodeIgniter\CodeIgniter->runController(Object(App\Controllers\Admin))
 4 SYSTEMPATH\CodeIgniter.php(368): CodeIgniter\CodeIgniter->handleRequest(null, Object(Config\Cache), false)
 5 FCPATH\index.php(67): CodeIgniter\CodeIgniter->run()
INFO - 2026-05-11 12:29:17 --> Session: Class initialized using 'CodeIgniter\Session\Handlers\FileHandler' driver.
WARNING - 2026-05-11 12:29:17 --> [DEPRECATED] error_log(): Passing null to parameter #1 ($message) of type string is deprecated in APPPATH\Controllers\Admin.php on line 170.
 1 APPPATH\Controllers\Admin.php(170): error_log(null)
 2 SYSTEMPATH\CodeIgniter.php(934): App\Controllers\Admin->getRecentNews()
 3 SYSTEMPATH\CodeIgniter.php(499): CodeIgniter\CodeIgniter->runController(Object(App\Controllers\Admin))
 4 SYSTEMPATH\CodeIgniter.php(368): CodeIgniter\CodeIgniter->handleRequest(null, Object(Config\Cache), false)
 5 FCPATH\index.php(67): CodeIgniter\CodeIgniter->run()
INFO - 2026-05-11 12:29:18 --> Session: Class initialized using 'CodeIgniter\Session\Handlers\FileHandler' driver.
INFO - 2026-05-11 12:29:19 --> Session: Class initialized using 'CodeIgniter\Session\Handlers\FileHandler' driver.
INFO - 2026-05-11 12:29:25 --> Session: Class initialized using 'CodeIgniter\Session\Handlers\FileHandler' driver.
INFO - 2026-05-11 12:29:25 --> Session: Class initialized using 'CodeIgniter\Session\Handlers\FileHandler' driver.
INFO - 2026-05-11 12:29:28 --> Session: Class initialized using 'CodeIgniter\Session\Handlers\FileHandler' driver.
INFO - 2026-05-11 12:29:28 --> Session: Class initialized using 'CodeIgniter\Session\Handlers\FileHandler' driver.
INFO - 2026-05-11 12:29:29 --> Session: Class initialized using 'CodeIgniter\Session\Handlers\FileHandler' driver.
INFO - 2026-05-11 12:29:29 --> Session: Class initialized using 'CodeIgniter\Session\Handlers\FileHandler' driver.
ERROR - 2026-05-11 12:29:29 --> File not found: C:\xampp\htdocs\websitebinan\writable\uploads\CITYOFFICIAL\1753922986_227ce8d1fc7ea674144d.jpg
INFO - 2026-05-11 12:29:29 --> Session: Class initialized using 'CodeIgniter\Session\Handlers\FileHandler' driver.
ERROR - 2026-05-11 12:29:29 --> File not found: C:\xampp\htdocs\websitebinan\writable\uploads\CITYOFFICIAL\1753083832_24114289cdde9c5b51b5.jpg
INFO - 2026-05-11 12:29:29 --> Session: Class initialized using 'CodeIgniter\Session\Handlers\FileHandler' driver.
ERROR - 2026-05-11 12:29:29 --> File not found: C:\xampp\htdocs\websitebinan\writable\uploads\CITYOFFICIAL\1753083853_93342f658f89fef63002.jpg
INFO - 2026-05-11 12:29:29 --> Session: Class initialized using 'CodeIgniter\Session\Handlers\FileHandler' driver.
ERROR - 2026-05-11 12:29:29 --> File not found: C:\xampp\htdocs\websitebinan\writable\uploads\CITYOFFICIAL\1753083396_fbe1c39b9f3ce1c4ec9d.jpg
INFO - 2026-05-11 12:29:29 --> Session: Class initialized using 'CodeIgniter\Session\Handlers\FileHandler' driver.
ERROR - 2026-05-11 12:29:29 --> File not found: C:\xampp\htdocs\websitebinan\writable\uploads\CITYOFFICIAL\1753084663_e3bcd5569e63bcd451b2.jpg
INFO - 2026-05-11 12:29:29 --> Session: Class initialized using 'CodeIgniter\Session\Handlers\FileHandler' driver.
ERROR - 2026-05-11 12:29:29 --> File not found: C:\xampp\htdocs\websitebinan\writable\uploads\CITYOFFICIAL\1753921912_9e57c1101fbbccab6d7f.jpg
INFO - 2026-05-11 12:29:29 --> Session: Class initialized using 'CodeIgniter\Session\Handlers\FileHandler' driver.
ERROR - 2026-05-11 12:29:29 --> File not found: C:\xampp\htdocs\websitebinan\writable\uploads\CITYOFFICIAL\1753083427_5a98d81117130135ac4c.jpg
INFO - 2026-05-11 12:29:29 --> Session: Class initialized using 'CodeIgniter\Session\Handlers\FileHandler' driver.
ERROR - 2026-05-11 12:29:29 --> File not found: C:\xampp\htdocs\websitebinan\writable\uploads\CITYOFFICIAL\1753084385_62ff234d1d2cc3c05801.jpg
INFO - 2026-05-11 12:29:29 --> Session: Class initialized using 'CodeIgniter\Session\Handlers\FileHandler' driver.
ERROR - 2026-05-11 12:29:29 --> File not found: C:\xampp\htdocs\websitebinan\writable\uploads\CITYOFFICIAL\1753084422_665d5e3c85baeb3cc9f1.jpg
INFO - 2026-05-11 12:29:29 --> Session: Class initialized using 'CodeIgniter\Session\Handlers\FileHandler' driver.
ERROR - 2026-05-11 12:29:29 --> File not found: C:\xampp\htdocs\websitebinan\writable\uploads\CITYOFFICIAL\1753084776_3d821a873245fc3d81b5.jpg
INFO - 2026-05-11 12:29:29 --> Session: Class initialized using 'CodeIgniter\Session\Handlers\FileHandler' driver.
ERROR - 2026-05-11 12:29:29 --> File not found: C:\xampp\htdocs\websitebinan\writable\uploads\CITYOFFICIAL\1753084869_cc840c6063e319ab309b.jpg
INFO - 2026-05-11 12:29:29 --> Session: Class initialized using 'CodeIgniter\Session\Handlers\FileHandler' driver.
ERROR - 2026-05-11 12:29:29 --> File not found: C:\xampp\htdocs\websitebinan\writable\uploads\CITYOFFICIAL\1753250487_b24d55b36693b3d8f404.jpg
INFO - 2026-05-11 12:29:29 --> Session: Class initialized using 'CodeIgniter\Session\Handlers\FileHandler' driver.
ERROR - 2026-05-11 12:29:29 --> File not found: C:\xampp\htdocs\websitebinan\writable\uploads\CITYOFFICIAL\1753084959_0c206bfa3a652b57150f.jpg
INFO - 2026-05-11 12:29:29 --> Session: Class initialized using 'CodeIgniter\Session\Handlers\FileHandler' driver.
ERROR - 2026-05-11 12:29:29 --> File not found: C:\xampp\htdocs\websitebinan\writable\uploads\CITYOFFICIAL\1753085061_072a45447b58c46f586b.jpg
INFO - 2026-05-11 12:29:29 --> Session: Class initialized using 'CodeIgniter\Session\Handlers\FileHandler' driver.
ERROR - 2026-05-11 12:29:29 --> File not found: C:\xampp\htdocs\websitebinan\writable\uploads\CITYOFFICIAL\1753085167_697f94732f91231b879c.jpg
INFO - 2026-05-11 12:29:29 --> Session: Class initialized using 'CodeIgniter\Session\Handlers\FileHandler' driver.
ERROR - 2026-05-11 12:29:29 --> File not found: C:\xampp\htdocs\websitebinan\writable\uploads\CITYOFFICIAL\1753085240_c5990f3ad94929fed814.jpg
INFO - 2026-05-11 12:29:29 --> Session: Class initialized using 'CodeIgniter\Session\Handlers\FileHandler' driver.
ERROR - 2026-05-11 12:29:29 --> File not found: C:\xampp\htdocs\websitebinan\writable\uploads\CITYOFFICIAL\1770878916_b1e08558c720ec018823.jpg
INFO - 2026-05-11 12:29:32 --> Session: Class initialized using 'CodeIgniter\Session\Handlers\FileHandler' driver.
INFO - 2026-05-11 12:29:33 --> Session: Class initialized using 'CodeIgniter\Session\Handlers\FileHandler' driver.
INFO - 2026-05-11 12:29:37 --> Session: Class initialized using 'CodeIgniter\Session\Handlers\FileHandler' driver.
INFO - 2026-05-11 12:29:38 --> Session: Class initialized using 'CodeIgniter\Session\Handlers\FileHandler' driver.
INFO - 2026-05-11 12:29:38 --> Session: Class initialized using 'CodeIgniter\Session\Handlers\FileHandler' driver.
WARNING - 2026-05-11 12:29:38 --> [DEPRECATED] error_log(): Passing null to parameter #1 ($message) of type string is deprecated in APPPATH\Controllers\Admin.php on line 203.
 1 APPPATH\Controllers\Admin.php(203): error_log(null)
 2 SYSTEMPATH\CodeIgniter.php(934): App\Controllers\Admin->getRecentAnns()
 3 SYSTEMPATH\CodeIgniter.php(499): CodeIgniter\CodeIgniter->runController(Object(App\Controllers\Admin))
 4 SYSTEMPATH\CodeIgniter.php(368): CodeIgniter\CodeIgniter->handleRequest(null, Object(Config\Cache), false)
 5 FCPATH\index.php(67): CodeIgniter\CodeIgniter->run()
INFO - 2026-05-11 12:29:38 --> Session: Class initialized using 'CodeIgniter\Session\Handlers\FileHandler' driver.
WARNING - 2026-05-11 12:29:38 --> [DEPRECATED] error_log(): Passing null to parameter #1 ($message) of type string is deprecated in APPPATH\Controllers\Admin.php on line 170.
 1 APPPATH\Controllers\Admin.php(170): error_log(null)
 2 SYSTEMPATH\CodeIgniter.php(934): App\Controllers\Admin->getRecentNews()
 3 SYSTEMPATH\CodeIgniter.php(499): CodeIgniter\CodeIgniter->runController(Object(App\Controllers\Admin))
 4 SYSTEMPATH\CodeIgniter.php(368): CodeIgniter\CodeIgniter->handleRequest(null, Object(Config\Cache), false)
 5 FCPATH\index.php(67): CodeIgniter\CodeIgniter->run()
INFO - 2026-05-11 12:29:43 --> Session: Class initialized using 'CodeIgniter\Session\Handlers\FileHandler' driver.
INFO - 2026-05-11 12:29:44 --> Session: Class initialized using 'CodeIgniter\Session\Handlers\FileHandler' driver.
INFO - 2026-05-11 12:29:48 --> Session: Class initialized using 'CodeIgniter\Session\Handlers\FileHandler' driver.
INFO - 2026-05-11 12:29:48 --> Session: Class initialized using 'CodeIgniter\Session\Handlers\FileHandler' driver.
INFO - 2026-05-11 12:30:05 --> Session: Class initialized using 'CodeIgniter\Session\Handlers\FileHandler' driver.
INFO - 2026-05-11 12:30:41 --> Session: Class initialized using 'CodeIgniter\Session\Handlers\FileHandler' driver.
INFO - 2026-05-11 12:30:42 --> Session: Class initialized using 'CodeIgniter\Session\Handlers\FileHandler' driver.
INFO - 2026-05-11 12:30:45 --> Session: Class initialized using 'CodeIgniter\Session\Handlers\FileHandler' driver.
INFO - 2026-05-11 12:30:46 --> Session: Class initialized using 'CodeIgniter\Session\Handlers\FileHandler' driver.
INFO - 2026-05-11 12:30:46 --> Session: Class initialized using 'CodeIgniter\Session\Handlers\FileHandler' driver.
WARNING - 2026-05-11 12:30:46 --> [DEPRECATED] error_log(): Passing null to parameter #1 ($message) of type string is deprecated in APPPATH\Controllers\Admin.php on line 203.
 1 APPPATH\Controllers\Admin.php(203): error_log(null)
 2 SYSTEMPATH\CodeIgniter.php(934): App\Controllers\Admin->getRecentAnns()
 3 SYSTEMPATH\CodeIgniter.php(499): CodeIgniter\CodeIgniter->runController(Object(App\Controllers\Admin))
 4 SYSTEMPATH\CodeIgniter.php(368): CodeIgniter\CodeIgniter->handleRequest(null, Object(Config\Cache), false)
 5 FCPATH\index.php(67): CodeIgniter\CodeIgniter->run()
INFO - 2026-05-11 12:30:46 --> Session: Class initialized using 'CodeIgniter\Session\Handlers\FileHandler' driver.
WARNING - 2026-05-11 12:30:46 --> [DEPRECATED] error_log(): Passing null to parameter #1 ($message) of type string is deprecated in APPPATH\Controllers\Admin.php on line 170.
 1 APPPATH\Controllers\Admin.php(170): error_log(null)
 2 SYSTEMPATH\CodeIgniter.php(934): App\Controllers\Admin->getRecentNews()
 3 SYSTEMPATH\CodeIgniter.php(499): CodeIgniter\CodeIgniter->runController(Object(App\Controllers\Admin))
 4 SYSTEMPATH\CodeIgniter.php(368): CodeIgniter\CodeIgniter->handleRequest(null, Object(Config\Cache), false)
 5 FCPATH\index.php(67): CodeIgniter\CodeIgniter->run()
INFO - 2026-05-11 12:30:48 --> Session: Class initialized using 'CodeIgniter\Session\Handlers\FileHandler' driver.
INFO - 2026-05-11 12:30:48 --> Session: Class initialized using 'CodeIgniter\Session\Handlers\FileHandler' driver.
INFO - 2026-05-11 12:30:52 --> Session: Class initialized using 'CodeIgniter\Session\Handlers\FileHandler' driver.
INFO - 2026-05-11 12:30:52 --> Session: Class initialized using 'CodeIgniter\Session\Handlers\FileHandler' driver.
INFO - 2026-05-11 12:30:58 --> Session: Class initialized using 'CodeIgniter\Session\Handlers\FileHandler' driver.
INFO - 2026-05-11 12:30:59 --> Session: Class initialized using 'CodeIgniter\Session\Handlers\FileHandler' driver.
INFO - 2026-05-11 12:30:59 --> Session: Class initialized using 'CodeIgniter\Session\Handlers\FileHandler' driver.
WARNING - 2026-05-11 12:30:59 --> [DEPRECATED] error_log(): Passing null to parameter #1 ($message) of type string is deprecated in APPPATH\Controllers\Admin.php on line 203.
 1 APPPATH\Controllers\Admin.php(203): error_log(null)
 2 SYSTEMPATH\CodeIgniter.php(934): App\Controllers\Admin->getRecentAnns()
 3 SYSTEMPATH\CodeIgniter.php(499): CodeIgniter\CodeIgniter->runController(Object(App\Controllers\Admin))
 4 SYSTEMPATH\CodeIgniter.php(368): CodeIgniter\CodeIgniter->handleRequest(null, Object(Config\Cache), false)
 5 FCPATH\index.php(67): CodeIgniter\CodeIgniter->run()
INFO - 2026-05-11 12:30:59 --> Session: Class initialized using 'CodeIgniter\Session\Handlers\FileHandler' driver.
WARNING - 2026-05-11 12:30:59 --> [DEPRECATED] error_log(): Passing null to parameter #1 ($message) of type string is deprecated in APPPATH\Controllers\Admin.php on line 170.
 1 APPPATH\Controllers\Admin.php(170): error_log(null)
 2 SYSTEMPATH\CodeIgniter.php(934): App\Controllers\Admin->getRecentNews()
 3 SYSTEMPATH\CodeIgniter.php(499): CodeIgniter\CodeIgniter->runController(Object(App\Controllers\Admin))
 4 SYSTEMPATH\CodeIgniter.php(368): CodeIgniter\CodeIgniter->handleRequest(null, Object(Config\Cache), false)
 5 FCPATH\index.php(67): CodeIgniter\CodeIgniter->run()
INFO - 2026-05-11 12:31:02 --> Session: Class initialized using 'CodeIgniter\Session\Handlers\FileHandler' driver.
INFO - 2026-05-11 12:31:02 --> Session: Class initialized using 'CodeIgniter\Session\Handlers\FileHandler' driver.
INFO - 2026-05-11 12:31:05 --> Session: Class initialized using 'CodeIgniter\Session\Handlers\FileHandler' driver.
INFO - 2026-05-11 12:31:06 --> Session: Class initialized using 'CodeIgniter\Session\Handlers\FileHandler' driver.
INFO - 2026-05-11 12:31:14 --> Session: Class initialized using 'CodeIgniter\Session\Handlers\FileHandler' driver.
INFO - 2026-05-11 12:31:15 --> Session: Class initialized using 'CodeIgniter\Session\Handlers\FileHandler' driver.
INFO - 2026-05-11 12:31:16 --> Session: Class initialized using 'CodeIgniter\Session\Handlers\FileHandler' driver.
WARNING - 2026-05-11 12:31:16 --> [DEPRECATED] error_log(): Passing null to parameter #1 ($message) of type string is deprecated in APPPATH\Controllers\Admin.php on line 203.
 1 APPPATH\Controllers\Admin.php(203): error_log(null)
 2 SYSTEMPATH\CodeIgniter.php(934): App\Controllers\Admin->getRecentAnns()
 3 SYSTEMPATH\CodeIgniter.php(499): CodeIgniter\CodeIgniter->runController(Object(App\Controllers\Admin))
 4 SYSTEMPATH\CodeIgniter.php(368): CodeIgniter\CodeIgniter->handleRequest(null, Object(Config\Cache), false)
 5 FCPATH\index.php(67): CodeIgniter\CodeIgniter->run()
INFO - 2026-05-11 12:31:16 --> Session: Class initialized using 'CodeIgniter\Session\Handlers\FileHandler' driver.
WARNING - 2026-05-11 12:31:16 --> [DEPRECATED] error_log(): Passing null to parameter #1 ($message) of type string is deprecated in APPPATH\Controllers\Admin.php on line 170.
 1 APPPATH\Controllers\Admin.php(170): error_log(null)
 2 SYSTEMPATH\CodeIgniter.php(934): App\Controllers\Admin->getRecentNews()
 3 SYSTEMPATH\CodeIgniter.php(499): CodeIgniter\CodeIgniter->runController(Object(App\Controllers\Admin))
 4 SYSTEMPATH\CodeIgniter.php(368): CodeIgniter\CodeIgniter->handleRequest(null, Object(Config\Cache), false)
 5 FCPATH\index.php(67): CodeIgniter\CodeIgniter->run()
INFO - 2026-05-11 12:31:36 --> Session: Class initialized using 'CodeIgniter\Session\Handlers\FileHandler' driver.
INFO - 2026-05-11 12:31:37 --> Session: Class initialized using 'CodeIgniter\Session\Handlers\FileHandler' driver.
INFO - 2026-05-11 12:31:37 --> Session: Class initialized using 'CodeIgniter\Session\Handlers\FileHandler' driver.
INFO - 2026-05-11 12:31:38 --> Session: Class initialized using 'CodeIgniter\Session\Handlers\FileHandler' driver.
INFO - 2026-05-11 12:33:26 --> Session: Class initialized using 'CodeIgniter\Session\Handlers\FileHandler' driver.
ERROR - 2026-05-11 12:33:26 --> File not found: C:\xampp\htdocs\websitebinan\writable\uploads\FULLDISC\1778471259_34cdf10ff35a22692787.pdf
INFO - 2026-05-11 12:33:32 --> Session: Class initialized using 'CodeIgniter\Session\Handlers\FileHandler' driver.
ERROR - 2026-05-11 12:33:32 --> File not found: C:\xampp\htdocs\websitebinan\writable\uploads\FULLDISC\1778471259_34cdf10ff35a22692787.pdf
INFO - 2026-05-11 12:33:37 --> Session: Class initialized using 'CodeIgniter\Session\Handlers\FileHandler' driver.
ERROR - 2026-05-11 12:33:37 --> File not found: C:\xampp\htdocs\websitebinan\writable\uploads\FULLDISC\1778471259_34cdf10ff35a22692787.pdf
INFO - 2026-05-11 12:33:57 --> Session: Class initialized using 'CodeIgniter\Session\Handlers\FileHandler' driver.
INFO - 2026-05-11 12:33:57 --> Session: Class initialized using 'CodeIgniter\Session\Handlers\FileHandler' driver.
INFO - 2026-05-11 12:35:18 --> Session: Class initialized using 'CodeIgniter\Session\Handlers\FileHandler' driver.
INFO - 2026-05-11 12:35:19 --> Session: Class initialized using 'CodeIgniter\Session\Handlers\FileHandler' driver.
INFO - 2026-05-11 12:36:31 --> Session: Class initialized using 'CodeIgniter\Session\Handlers\FileHandler' driver.
INFO - 2026-05-11 12:36:32 --> Session: Class initialized using 'CodeIgniter\Session\Handlers\FileHandler' driver.
INFO - 2026-05-11 12:40:20 --> Session: Class initialized using 'CodeIgniter\Session\Handlers\FileHandler' driver.
INFO - 2026-05-11 12:40:21 --> Session: Class initialized using 'CodeIgniter\Session\Handlers\FileHandler' driver.
INFO - 2026-05-11 12:40:24 --> Session: Class initialized using 'CodeIgniter\Session\Handlers\FileHandler' driver.
INFO - 2026-05-11 12:40:25 --> Session: Class initialized using 'CodeIgniter\Session\Handlers\FileHandler' driver.
INFO - 2026-05-11 12:40:29 --> Session: Class initialized using 'CodeIgniter\Session\Handlers\FileHandler' driver.
INFO - 2026-05-11 12:40:35 --> Session: Class initialized using 'CodeIgniter\Session\Handlers\FileHandler' driver.
INFO - 2026-05-11 12:40:35 --> Session: Class initialized using 'CodeIgniter\Session\Handlers\FileHandler' driver.
INFO - 2026-05-11 12:40:59 --> Session: Class initialized using 'CodeIgniter\Session\Handlers\FileHandler' driver.
INFO - 2026-05-11 12:41:06 --> Session: Class initialized using 'CodeIgniter\Session\Handlers\FileHandler' driver.
INFO - 2026-05-11 12:41:06 --> Session: Class initialized using 'CodeIgniter\Session\Handlers\FileHandler' driver.
INFO - 2026-05-11 12:41:09 --> Session: Class initialized using 'CodeIgniter\Session\Handlers\FileHandler' driver.
INFO - 2026-05-11 12:41:09 --> Session: Class initialized using 'CodeIgniter\Session\Handlers\FileHandler' driver.
INFO - 2026-05-11 12:41:12 --> Session: Class initialized using 'CodeIgniter\Session\Handlers\FileHandler' driver.
INFO - 2026-05-11 12:41:13 --> Session: Class initialized using 'CodeIgniter\Session\Handlers\FileHandler' driver.
INFO - 2026-05-11 12:41:13 --> Session: Class initialized using 'CodeIgniter\Session\Handlers\FileHandler' driver.
WARNING - 2026-05-11 12:41:14 --> [DEPRECATED] error_log(): Passing null to parameter #1 ($message) of type string is deprecated in APPPATH\Controllers\Admin.php on line 203.
 1 APPPATH\Controllers\Admin.php(203): error_log(null)
 2 SYSTEMPATH\CodeIgniter.php(934): App\Controllers\Admin->getRecentAnns()
 3 SYSTEMPATH\CodeIgniter.php(499): CodeIgniter\CodeIgniter->runController(Object(App\Controllers\Admin))
 4 SYSTEMPATH\CodeIgniter.php(368): CodeIgniter\CodeIgniter->handleRequest(null, Object(Config\Cache), false)
 5 FCPATH\index.php(67): CodeIgniter\CodeIgniter->run()
INFO - 2026-05-11 12:41:14 --> Session: Class initialized using 'CodeIgniter\Session\Handlers\FileHandler' driver.
WARNING - 2026-05-11 12:41:14 --> [DEPRECATED] error_log(): Passing null to parameter #1 ($message) of type string is deprecated in APPPATH\Controllers\Admin.php on line 170.
 1 APPPATH\Controllers\Admin.php(170): error_log(null)
 2 SYSTEMPATH\CodeIgniter.php(934): App\Controllers\Admin->getRecentNews()
 3 SYSTEMPATH\CodeIgniter.php(499): CodeIgniter\CodeIgniter->runController(Object(App\Controllers\Admin))
 4 SYSTEMPATH\CodeIgniter.php(368): CodeIgniter\CodeIgniter->handleRequest(null, Object(Config\Cache), false)
 5 FCPATH\index.php(67): CodeIgniter\CodeIgniter->run()
INFO - 2026-05-11 12:41:15 --> Session: Class initialized using 'CodeIgniter\Session\Handlers\FileHandler' driver.
INFO - 2026-05-11 12:41:15 --> Session: Class initialized using 'CodeIgniter\Session\Handlers\FileHandler' driver.
INFO - 2026-05-11 12:41:22 --> Session: Class initialized using 'CodeIgniter\Session\Handlers\FileHandler' driver.
INFO - 2026-05-11 12:42:01 --> Session: Class initialized using 'CodeIgniter\Session\Handlers\FileHandler' driver.
INFO - 2026-05-11 12:42:01 --> Session: Class initialized using 'CodeIgniter\Session\Handlers\FileHandler' driver.
INFO - 2026-05-11 12:42:02 --> Session: Class initialized using 'CodeIgniter\Session\Handlers\FileHandler' driver.
INFO - 2026-05-11 12:42:07 --> Session: Class initialized using 'CodeIgniter\Session\Handlers\FileHandler' driver.
INFO - 2026-05-11 12:42:25 --> Session: Class initialized using 'CodeIgniter\Session\Handlers\FileHandler' driver.
INFO - 2026-05-11 12:42:32 --> Session: Class initialized using 'CodeIgniter\Session\Handlers\FileHandler' driver.
INFO - 2026-05-11 12:43:34 --> Session: Class initialized using 'CodeIgniter\Session\Handlers\FileHandler' driver.
INFO - 2026-05-11 12:43:34 --> Session: Class initialized using 'CodeIgniter\Session\Handlers\FileHandler' driver.
INFO - 2026-05-11 12:43:35 --> Session: Class initialized using 'CodeIgniter\Session\Handlers\FileHandler' driver.
INFO - 2026-05-11 12:43:35 --> Session: Class initialized using 'CodeIgniter\Session\Handlers\FileHandler' driver.
INFO - 2026-05-11 12:43:35 --> Session: Class initialized using 'CodeIgniter\Session\Handlers\FileHandler' driver.
INFO - 2026-05-11 12:43:35 --> Session: Class initialized using 'CodeIgniter\Session\Handlers\FileHandler' driver.
INFO - 2026-05-11 12:43:35 --> Session: Class initialized using 'CodeIgniter\Session\Handlers\FileHandler' driver.
INFO - 2026-05-11 12:43:35 --> Session: Class initialized using 'CodeIgniter\Session\Handlers\FileHandler' driver.
INFO - 2026-05-11 12:43:35 --> Session: Class initialized using 'CodeIgniter\Session\Handlers\FileHandler' driver.
INFO - 2026-05-11 12:43:35 --> Session: Class initialized using 'CodeIgniter\Session\Handlers\FileHandler' driver.
INFO - 2026-05-11 12:43:35 --> Session: Class initialized using 'CodeIgniter\Session\Handlers\FileHandler' driver.
INFO - 2026-05-11 12:43:35 --> Session: Class initialized using 'CodeIgniter\Session\Handlers\FileHandler' driver.
INFO - 2026-05-11 12:43:35 --> Session: Class initialized using 'CodeIgniter\Session\Handlers\FileHandler' driver.
INFO - 2026-05-11 12:43:35 --> Session: Class initialized using 'CodeIgniter\Session\Handlers\FileHandler' driver.
INFO - 2026-05-11 12:43:35 --> Session: Class initialized using 'CodeIgniter\Session\Handlers\FileHandler' driver.
INFO - 2026-05-11 12:43:35 --> Session: Class initialized using 'CodeIgniter\Session\Handlers\FileHandler' driver.
INFO - 2026-05-11 12:43:35 --> Session: Class initialized using 'CodeIgniter\Session\Handlers\FileHandler' driver.
INFO - 2026-05-11 12:43:35 --> Session: Class initialized using 'CodeIgniter\Session\Handlers\FileHandler' driver.
INFO - 2026-05-11 12:43:35 --> Session: Class initialized using 'CodeIgniter\Session\Handlers\FileHandler' driver.
INFO - 2026-05-11 12:43:42 --> Session: Class initialized using 'CodeIgniter\Session\Handlers\FileHandler' driver.
INFO - 2026-05-11 12:43:42 --> Session: Class initialized using 'CodeIgniter\Session\Handlers\FileHandler' driver.
INFO - 2026-05-11 12:44:32 --> Session: Class initialized using 'CodeIgniter\Session\Handlers\FileHandler' driver.
INFO - 2026-05-11 12:44:33 --> Session: Class initialized using 'CodeIgniter\Session\Handlers\FileHandler' driver.
INFO - 2026-05-11 12:44:36 --> Session: Class initialized using 'CodeIgniter\Session\Handlers\FileHandler' driver.
INFO - 2026-05-11 12:44:36 --> Session: Class initialized using 'CodeIgniter\Session\Handlers\FileHandler' driver.
INFO - 2026-05-11 12:45:31 --> Session: Class initialized using 'CodeIgniter\Session\Handlers\FileHandler' driver.
INFO - 2026-05-11 12:45:31 --> Session: Class initialized using 'CodeIgniter\Session\Handlers\FileHandler' driver.
INFO - 2026-05-11 12:45:45 --> Session: Class initialized using 'CodeIgniter\Session\Handlers\FileHandler' driver.
INFO - 2026-05-11 12:45:45 --> Session: Class initialized using 'CodeIgniter\Session\Handlers\FileHandler' driver.
INFO - 2026-05-11 12:45:54 --> Session: Class initialized using 'CodeIgniter\Session\Handlers\FileHandler' driver.
INFO - 2026-05-11 12:45:55 --> Session: Class initialized using 'CodeIgniter\Session\Handlers\FileHandler' driver.
INFO - 2026-05-11 12:45:58 --> Session: Class initialized using 'CodeIgniter\Session\Handlers\FileHandler' driver.
INFO - 2026-05-11 12:46:18 --> Session: Class initialized using 'CodeIgniter\Session\Handlers\FileHandler' driver.
INFO - 2026-05-11 12:46:18 --> Session: Class initialized using 'CodeIgniter\Session\Handlers\FileHandler' driver.
INFO - 2026-05-11 12:51:30 --> Session: Class initialized using 'CodeIgniter\Session\Handlers\FileHandler' driver.
INFO - 2026-05-11 12:51:31 --> Session: Class initialized using 'CodeIgniter\Session\Handlers\FileHandler' driver.
INFO - 2026-05-11 12:51:31 --> Session: Class initialized using 'CodeIgniter\Session\Handlers\FileHandler' driver.
INFO - 2026-05-11 12:51:31 --> Session: Class initialized using 'CodeIgniter\Session\Handlers\FileHandler' driver.
INFO - 2026-05-11 12:51:31 --> Session: Class initialized using 'CodeIgniter\Session\Handlers\FileHandler' driver.
INFO - 2026-05-11 12:51:31 --> Session: Class initialized using 'CodeIgniter\Session\Handlers\FileHandler' driver.
INFO - 2026-05-11 12:51:31 --> Session: Class initialized using 'CodeIgniter\Session\Handlers\FileHandler' driver.
INFO - 2026-05-11 12:51:31 --> Session: Class initialized using 'CodeIgniter\Session\Handlers\FileHandler' driver.
INFO - 2026-05-11 12:51:31 --> Session: Class initialized using 'CodeIgniter\Session\Handlers\FileHandler' driver.
INFO - 2026-05-11 12:51:31 --> Session: Class initialized using 'CodeIgniter\Session\Handlers\FileHandler' driver.
INFO - 2026-05-11 12:51:31 --> Session: Class initialized using 'CodeIgniter\Session\Handlers\FileHandler' driver.
INFO - 2026-05-11 12:51:31 --> Session: Class initialized using 'CodeIgniter\Session\Handlers\FileHandler' driver.
INFO - 2026-05-11 12:51:31 --> Session: Class initialized using 'CodeIgniter\Session\Handlers\FileHandler' driver.
INFO - 2026-05-11 12:51:31 --> Session: Class initialized using 'CodeIgniter\Session\Handlers\FileHandler' driver.
INFO - 2026-05-11 12:51:32 --> Session: Class initialized using 'CodeIgniter\Session\Handlers\FileHandler' driver.
INFO - 2026-05-11 12:51:32 --> Session: Class initialized using 'CodeIgniter\Session\Handlers\FileHandler' driver.
INFO - 2026-05-11 12:51:32 --> Session: Class initialized using 'CodeIgniter\Session\Handlers\FileHandler' driver.
INFO - 2026-05-11 12:51:32 --> Session: Class initialized using 'CodeIgniter\Session\Handlers\FileHandler' driver.
INFO - 2026-05-11 12:51:32 --> Session: Class initialized using 'CodeIgniter\Session\Handlers\FileHandler' driver.
INFO - 2026-05-11 12:51:32 --> Session: Class initialized using 'CodeIgniter\Session\Handlers\FileHandler' driver.
INFO - 2026-05-11 12:51:32 --> Session: Class initialized using 'CodeIgniter\Session\Handlers\FileHandler' driver.
INFO - 2026-05-11 12:51:32 --> Session: Class initialized using 'CodeIgniter\Session\Handlers\FileHandler' driver.
INFO - 2026-05-11 12:51:32 --> Session: Class initialized using 'CodeIgniter\Session\Handlers\FileHandler' driver.
INFO - 2026-05-11 12:51:32 --> Session: Class initialized using 'CodeIgniter\Session\Handlers\FileHandler' driver.
INFO - 2026-05-11 12:51:32 --> Session: Class initialized using 'CodeIgniter\Session\Handlers\FileHandler' driver.
INFO - 2026-05-11 12:51:32 --> Session: Class initialized using 'CodeIgniter\Session\Handlers\FileHandler' driver.
INFO - 2026-05-11 12:52:02 --> Session: Class initialized using 'CodeIgniter\Session\Handlers\FileHandler' driver.
INFO - 2026-05-11 12:52:03 --> Session: Class initialized using 'CodeIgniter\Session\Handlers\FileHandler' driver.
INFO - 2026-05-11 12:52:05 --> Session: Class initialized using 'CodeIgniter\Session\Handlers\FileHandler' driver.
INFO - 2026-05-11 12:52:08 --> Session: Class initialized using 'CodeIgniter\Session\Handlers\FileHandler' driver.
INFO - 2026-05-11 12:52:08 --> Session: Class initialized using 'CodeIgniter\Session\Handlers\FileHandler' driver.
INFO - 2026-05-11 12:52:11 --> Session: Class initialized using 'CodeIgniter\Session\Handlers\FileHandler' driver.
INFO - 2026-05-11 12:52:14 --> Session: Class initialized using 'CodeIgniter\Session\Handlers\FileHandler' driver.
INFO - 2026-05-11 12:52:14 --> Session: Class initialized using 'CodeIgniter\Session\Handlers\FileHandler' driver.
INFO - 2026-05-11 12:52:15 --> Session: Class initialized using 'CodeIgniter\Session\Handlers\FileHandler' driver.
INFO - 2026-05-11 12:52:15 --> Session: Class initialized using 'CodeIgniter\Session\Handlers\FileHandler' driver.
INFO - 2026-05-11 12:52:15 --> Session: Class initialized using 'CodeIgniter\Session\Handlers\FileHandler' driver.
INFO - 2026-05-11 12:52:15 --> Session: Class initialized using 'CodeIgniter\Session\Handlers\FileHandler' driver.
INFO - 2026-05-11 12:52:15 --> Session: Class initialized using 'CodeIgniter\Session\Handlers\FileHandler' driver.
INFO - 2026-05-11 12:52:15 --> Session: Class initialized using 'CodeIgniter\Session\Handlers\FileHandler' driver.
INFO - 2026-05-11 12:52:15 --> Session: Class initialized using 'CodeIgniter\Session\Handlers\FileHandler' driver.
INFO - 2026-05-11 12:52:15 --> Session: Class initialized using 'CodeIgniter\Session\Handlers\FileHandler' driver.
INFO - 2026-05-11 12:52:15 --> Session: Class initialized using 'CodeIgniter\Session\Handlers\FileHandler' driver.
INFO - 2026-05-11 12:52:15 --> Session: Class initialized using 'CodeIgniter\Session\Handlers\FileHandler' driver.
INFO - 2026-05-11 12:52:15 --> Session: Class initialized using 'CodeIgniter\Session\Handlers\FileHandler' driver.
INFO - 2026-05-11 12:52:15 --> Session: Class initialized using 'CodeIgniter\Session\Handlers\FileHandler' driver.
INFO - 2026-05-11 12:52:15 --> Session: Class initialized using 'CodeIgniter\Session\Handlers\FileHandler' driver.
INFO - 2026-05-11 12:52:15 --> Session: Class initialized using 'CodeIgniter\Session\Handlers\FileHandler' driver.
INFO - 2026-05-11 12:52:15 --> Session: Class initialized using 'CodeIgniter\Session\Handlers\FileHandler' driver.
INFO - 2026-05-11 12:52:15 --> Session: Class initialized using 'CodeIgniter\Session\Handlers\FileHandler' driver.
INFO - 2026-05-11 12:52:15 --> Session: Class initialized using 'CodeIgniter\Session\Handlers\FileHandler' driver.
INFO - 2026-05-11 12:52:19 --> Session: Class initialized using 'CodeIgniter\Session\Handlers\FileHandler' driver.
INFO - 2026-05-11 12:52:20 --> Session: Class initialized using 'CodeIgniter\Session\Handlers\FileHandler' driver.
INFO - 2026-05-11 12:52:26 --> Session: Class initialized using 'CodeIgniter\Session\Handlers\FileHandler' driver.
INFO - 2026-05-11 12:52:27 --> Session: Class initialized using 'CodeIgniter\Session\Handlers\FileHandler' driver.
INFO - 2026-05-11 12:52:32 --> Session: Class initialized using 'CodeIgniter\Session\Handlers\FileHandler' driver.
INFO - 2026-05-11 12:52:32 --> Session: Class initialized using 'CodeIgniter\Session\Handlers\FileHandler' driver.
INFO - 2026-05-11 12:53:32 --> Session: Class initialized using 'CodeIgniter\Session\Handlers\FileHandler' driver.
INFO - 2026-05-11 12:53:33 --> Session: Class initialized using 'CodeIgniter\Session\Handlers\FileHandler' driver.
INFO - 2026-05-11 12:53:38 --> Session: Class initialized using 'CodeIgniter\Session\Handlers\FileHandler' driver.
INFO - 2026-05-11 12:53:38 --> Session: Class initialized using 'CodeIgniter\Session\Handlers\FileHandler' driver.
INFO - 2026-05-11 12:53:44 --> Session: Class initialized using 'CodeIgniter\Session\Handlers\FileHandler' driver.
INFO - 2026-05-11 12:53:45 --> Session: Class initialized using 'CodeIgniter\Session\Handlers\FileHandler' driver.
INFO - 2026-05-11 12:53:49 --> Session: Class initialized using 'CodeIgniter\Session\Handlers\FileHandler' driver.
INFO - 2026-05-11 12:53:50 --> Session: Class initialized using 'CodeIgniter\Session\Handlers\FileHandler' driver.
INFO - 2026-05-11 12:53:50 --> Session: Class initialized using 'CodeIgniter\Session\Handlers\FileHandler' driver.
WARNING - 2026-05-11 12:53:50 --> [DEPRECATED] error_log(): Passing null to parameter #1 ($message) of type string is deprecated in APPPATH\Controllers\Admin.php on line 170.
 1 APPPATH\Controllers\Admin.php(170): error_log(null)
 2 SYSTEMPATH\CodeIgniter.php(934): App\Controllers\Admin->getRecentNews()
 3 SYSTEMPATH\CodeIgniter.php(499): CodeIgniter\CodeIgniter->runController(Object(App\Controllers\Admin))
 4 SYSTEMPATH\CodeIgniter.php(368): CodeIgniter\CodeIgniter->handleRequest(null, Object(Config\Cache), false)
 5 FCPATH\index.php(67): CodeIgniter\CodeIgniter->run()
INFO - 2026-05-11 12:53:51 --> Session: Class initialized using 'CodeIgniter\Session\Handlers\FileHandler' driver.
WARNING - 2026-05-11 12:53:51 --> [DEPRECATED] error_log(): Passing null to parameter #1 ($message) of type string is deprecated in APPPATH\Controllers\Admin.php on line 203.
 1 APPPATH\Controllers\Admin.php(203): error_log(null)
 2 SYSTEMPATH\CodeIgniter.php(934): App\Controllers\Admin->getRecentAnns()
 3 SYSTEMPATH\CodeIgniter.php(499): CodeIgniter\CodeIgniter->runController(Object(App\Controllers\Admin))
 4 SYSTEMPATH\CodeIgniter.php(368): CodeIgniter\CodeIgniter->handleRequest(null, Object(Config\Cache), false)
 5 FCPATH\index.php(67): CodeIgniter\CodeIgniter->run()
INFO - 2026-05-11 12:53:54 --> Session: Class initialized using 'CodeIgniter\Session\Handlers\FileHandler' driver.
INFO - 2026-05-11 12:53:55 --> Session: Class initialized using 'CodeIgniter\Session\Handlers\FileHandler' driver.
INFO - 2026-05-11 12:54:03 --> Session: Class initialized using 'CodeIgniter\Session\Handlers\FileHandler' driver.
INFO - 2026-05-11 12:54:03 --> Session: Class initialized using 'CodeIgniter\Session\Handlers\FileHandler' driver.
INFO - 2026-05-11 12:54:06 --> Session: Class initialized using 'CodeIgniter\Session\Handlers\FileHandler' driver.
INFO - 2026-05-11 12:54:07 --> Session: Class initialized using 'CodeIgniter\Session\Handlers\FileHandler' driver.
INFO - 2026-05-11 12:54:07 --> Session: Class initialized using 'CodeIgniter\Session\Handlers\FileHandler' driver.
WARNING - 2026-05-11 12:54:07 --> [DEPRECATED] error_log(): Passing null to parameter #1 ($message) of type string is deprecated in APPPATH\Controllers\Admin.php on line 170.
 1 APPPATH\Controllers\Admin.php(170): error_log(null)
 2 SYSTEMPATH\CodeIgniter.php(934): App\Controllers\Admin->getRecentNews()
 3 SYSTEMPATH\CodeIgniter.php(499): CodeIgniter\CodeIgniter->runController(Object(App\Controllers\Admin))
 4 SYSTEMPATH\CodeIgniter.php(368): CodeIgniter\CodeIgniter->handleRequest(null, Object(Config\Cache), false)
 5 FCPATH\index.php(67): CodeIgniter\CodeIgniter->run()
INFO - 2026-05-11 12:54:07 --> Session: Class initialized using 'CodeIgniter\Session\Handlers\FileHandler' driver.
WARNING - 2026-05-11 12:54:07 --> [DEPRECATED] error_log(): Passing null to parameter #1 ($message) of type string is deprecated in APPPATH\Controllers\Admin.php on line 203.
 1 APPPATH\Controllers\Admin.php(203): error_log(null)
 2 SYSTEMPATH\CodeIgniter.php(934): App\Controllers\Admin->getRecentAnns()
 3 SYSTEMPATH\CodeIgniter.php(499): CodeIgniter\CodeIgniter->runController(Object(App\Controllers\Admin))
 4 SYSTEMPATH\CodeIgniter.php(368): CodeIgniter\CodeIgniter->handleRequest(null, Object(Config\Cache), false)
 5 FCPATH\index.php(67): CodeIgniter\CodeIgniter->run()
INFO - 2026-05-11 12:54:11 --> Session: Class initialized using 'CodeIgniter\Session\Handlers\FileHandler' driver.
INFO - 2026-05-11 12:54:11 --> Session: Class initialized using 'CodeIgniter\Session\Handlers\FileHandler' driver.
INFO - 2026-05-11 12:54:17 --> Session: Class initialized using 'CodeIgniter\Session\Handlers\FileHandler' driver.
INFO - 2026-05-11 12:54:18 --> Session: Class initialized using 'CodeIgniter\Session\Handlers\FileHandler' driver.
INFO - 2026-05-11 12:54:18 --> Session: Class initialized using 'CodeIgniter\Session\Handlers\FileHandler' driver.
WARNING - 2026-05-11 12:54:18 --> [DEPRECATED] error_log(): Passing null to parameter #1 ($message) of type string is deprecated in APPPATH\Controllers\Admin.php on line 170.
 1 APPPATH\Controllers\Admin.php(170): error_log(null)
 2 SYSTEMPATH\CodeIgniter.php(934): App\Controllers\Admin->getRecentNews()
 3 SYSTEMPATH\CodeIgniter.php(499): CodeIgniter\CodeIgniter->runController(Object(App\Controllers\Admin))
 4 SYSTEMPATH\CodeIgniter.php(368): CodeIgniter\CodeIgniter->handleRequest(null, Object(Config\Cache), false)
 5 FCPATH\index.php(67): CodeIgniter\CodeIgniter->run()
INFO - 2026-05-11 12:54:19 --> Session: Class initialized using 'CodeIgniter\Session\Handlers\FileHandler' driver.
WARNING - 2026-05-11 12:54:19 --> [DEPRECATED] error_log(): Passing null to parameter #1 ($message) of type string is deprecated in APPPATH\Controllers\Admin.php on line 203.
 1 APPPATH\Controllers\Admin.php(203): error_log(null)
 2 SYSTEMPATH\CodeIgniter.php(934): App\Controllers\Admin->getRecentAnns()
 3 SYSTEMPATH\CodeIgniter.php(499): CodeIgniter\CodeIgniter->runController(Object(App\Controllers\Admin))
 4 SYSTEMPATH\CodeIgniter.php(368): CodeIgniter\CodeIgniter->handleRequest(null, Object(Config\Cache), false)
 5 FCPATH\index.php(67): CodeIgniter\CodeIgniter->run()
INFO - 2026-05-11 12:54:21 --> Session: Class initialized using 'CodeIgniter\Session\Handlers\FileHandler' driver.
INFO - 2026-05-11 12:54:22 --> Session: Class initialized using 'CodeIgniter\Session\Handlers\FileHandler' driver.
INFO - 2026-05-11 12:54:25 --> Session: Class initialized using 'CodeIgniter\Session\Handlers\FileHandler' driver.
INFO - 2026-05-11 12:54:26 --> Session: Class initialized using 'CodeIgniter\Session\Handlers\FileHandler' driver.
INFO - 2026-05-11 12:54:34 --> Session: Class initialized using 'CodeIgniter\Session\Handlers\FileHandler' driver.
INFO - 2026-05-11 12:54:34 --> Session: Class initialized using 'CodeIgniter\Session\Handlers\FileHandler' driver.
INFO - 2026-05-11 12:54:38 --> Session: Class initialized using 'CodeIgniter\Session\Handlers\FileHandler' driver.
INFO - 2026-05-11 12:54:39 --> Session: Class initialized using 'CodeIgniter\Session\Handlers\FileHandler' driver.
INFO - 2026-05-11 12:54:39 --> Session: Class initialized using 'CodeIgniter\Session\Handlers\FileHandler' driver.
INFO - 2026-05-11 12:54:39 --> Session: Class initialized using 'CodeIgniter\Session\Handlers\FileHandler' driver.
INFO - 2026-05-11 12:54:39 --> Session: Class initialized using 'CodeIgniter\Session\Handlers\FileHandler' driver.
INFO - 2026-05-11 12:54:39 --> Session: Class initialized using 'CodeIgniter\Session\Handlers\FileHandler' driver.
INFO - 2026-05-11 12:54:39 --> Session: Class initialized using 'CodeIgniter\Session\Handlers\FileHandler' driver.
INFO - 2026-05-11 12:54:39 --> Session: Class initialized using 'CodeIgniter\Session\Handlers\FileHandler' driver.
INFO - 2026-05-11 12:54:39 --> Session: Class initialized using 'CodeIgniter\Session\Handlers\FileHandler' driver.
INFO - 2026-05-11 12:54:39 --> Session: Class initialized using 'CodeIgniter\Session\Handlers\FileHandler' driver.
INFO - 2026-05-11 12:54:39 --> Session: Class initialized using 'CodeIgniter\Session\Handlers\FileHandler' driver.
INFO - 2026-05-11 12:54:39 --> Session: Class initialized using 'CodeIgniter\Session\Handlers\FileHandler' driver.
INFO - 2026-05-11 12:54:39 --> Session: Class initialized using 'CodeIgniter\Session\Handlers\FileHandler' driver.
INFO - 2026-05-11 12:54:39 --> Session: Class initialized using 'CodeIgniter\Session\Handlers\FileHandler' driver.
INFO - 2026-05-11 12:54:39 --> Session: Class initialized using 'CodeIgniter\Session\Handlers\FileHandler' driver.
INFO - 2026-05-11 12:54:39 --> Session: Class initialized using 'CodeIgniter\Session\Handlers\FileHandler' driver.
INFO - 2026-05-11 12:54:40 --> Session: Class initialized using 'CodeIgniter\Session\Handlers\FileHandler' driver.
INFO - 2026-05-11 12:54:40 --> Session: Class initialized using 'CodeIgniter\Session\Handlers\FileHandler' driver.
INFO - 2026-05-11 12:54:40 --> Session: Class initialized using 'CodeIgniter\Session\Handlers\FileHandler' driver.
INFO - 2026-05-11 12:54:40 --> Session: Class initialized using 'CodeIgniter\Session\Handlers\FileHandler' driver.
INFO - 2026-05-11 12:54:40 --> Session: Class initialized using 'CodeIgniter\Session\Handlers\FileHandler' driver.
INFO - 2026-05-11 12:54:40 --> Session: Class initialized using 'CodeIgniter\Session\Handlers\FileHandler' driver.
INFO - 2026-05-11 12:54:40 --> Session: Class initialized using 'CodeIgniter\Session\Handlers\FileHandler' driver.
INFO - 2026-05-11 12:54:40 --> Session: Class initialized using 'CodeIgniter\Session\Handlers\FileHandler' driver.
INFO - 2026-05-11 12:54:40 --> Session: Class initialized using 'CodeIgniter\Session\Handlers\FileHandler' driver.
INFO - 2026-05-11 12:54:40 --> Session: Class initialized using 'CodeIgniter\Session\Handlers\FileHandler' driver.
INFO - 2026-05-11 12:54:40 --> Session: Class initialized using 'CodeIgniter\Session\Handlers\FileHandler' driver.
INFO - 2026-05-11 12:54:40 --> Session: Class initialized using 'CodeIgniter\Session\Handlers\FileHandler' driver.
INFO - 2026-05-11 12:54:40 --> Session: Class initialized using 'CodeIgniter\Session\Handlers\FileHandler' driver.
INFO - 2026-05-11 12:54:40 --> Session: Class initialized using 'CodeIgniter\Session\Handlers\FileHandler' driver.
INFO - 2026-05-11 12:54:40 --> Session: Class initialized using 'CodeIgniter\Session\Handlers\FileHandler' driver.
INFO - 2026-05-11 12:54:40 --> Session: Class initialized using 'CodeIgniter\Session\Handlers\FileHandler' driver.
INFO - 2026-05-11 12:54:40 --> Session: Class initialized using 'CodeIgniter\Session\Handlers\FileHandler' driver.
INFO - 2026-05-11 12:54:40 --> Session: Class initialized using 'CodeIgniter\Session\Handlers\FileHandler' driver.
INFO - 2026-05-11 12:54:40 --> Session: Class initialized using 'CodeIgniter\Session\Handlers\FileHandler' driver.
INFO - 2026-05-11 12:54:40 --> Session: Class initialized using 'CodeIgniter\Session\Handlers\FileHandler' driver.
INFO - 2026-05-11 12:54:40 --> Session: Class initialized using 'CodeIgniter\Session\Handlers\FileHandler' driver.
INFO - 2026-05-11 12:54:40 --> Session: Class initialized using 'CodeIgniter\Session\Handlers\FileHandler' driver.
INFO - 2026-05-11 12:54:40 --> Session: Class initialized using 'CodeIgniter\Session\Handlers\FileHandler' driver.
INFO - 2026-05-11 12:54:40 --> Session: Class initialized using 'CodeIgniter\Session\Handlers\FileHandler' driver.
INFO - 2026-05-11 12:54:41 --> Session: Class initialized using 'CodeIgniter\Session\Handlers\FileHandler' driver.
INFO - 2026-05-11 12:54:41 --> Session: Class initialized using 'CodeIgniter\Session\Handlers\FileHandler' driver.
INFO - 2026-05-11 12:54:41 --> Session: Class initialized using 'CodeIgniter\Session\Handlers\FileHandler' driver.
INFO - 2026-05-11 12:54:41 --> Session: Class initialized using 'CodeIgniter\Session\Handlers\FileHandler' driver.
INFO - 2026-05-11 12:54:41 --> Session: Class initialized using 'CodeIgniter\Session\Handlers\FileHandler' driver.
INFO - 2026-05-11 12:55:14 --> Session: Class initialized using 'CodeIgniter\Session\Handlers\FileHandler' driver.
INFO - 2026-05-11 12:55:15 --> Session: Class initialized using 'CodeIgniter\Session\Handlers\FileHandler' driver.
INFO - 2026-05-11 12:55:22 --> Session: Class initialized using 'CodeIgniter\Session\Handlers\FileHandler' driver.
INFO - 2026-05-11 12:55:22 --> Session: Class initialized using 'CodeIgniter\Session\Handlers\FileHandler' driver.
INFO - 2026-05-11 12:55:40 --> Session: Class initialized using 'CodeIgniter\Session\Handlers\FileHandler' driver.
INFO - 2026-05-11 12:56:07 --> Session: Class initialized using 'CodeIgniter\Session\Handlers\FileHandler' driver.
INFO - 2026-05-11 12:56:09 --> Session: Class initialized using 'CodeIgniter\Session\Handlers\FileHandler' driver.
INFO - 2026-05-11 13:01:35 --> Session: Class initialized using 'CodeIgniter\Session\Handlers\FileHandler' driver.
INFO - 2026-05-11 13:01:36 --> Session: Class initialized using 'CodeIgniter\Session\Handlers\FileHandler' driver.
INFO - 2026-05-11 13:01:41 --> Session: Class initialized using 'CodeIgniter\Session\Handlers\FileHandler' driver.
INFO - 2026-05-11 13:02:11 --> Session: Class initialized using 'CodeIgniter\Session\Handlers\FileHandler' driver.
INFO - 2026-05-11 13:02:11 --> Session: Class initialized using 'CodeIgniter\Session\Handlers\FileHandler' driver.
INFO - 2026-05-11 13:02:20 --> Session: Class initialized using 'CodeIgniter\Session\Handlers\FileHandler' driver.
INFO - 2026-05-11 13:02:21 --> Session: Class initialized using 'CodeIgniter\Session\Handlers\FileHandler' driver.
INFO - 2026-05-11 13:02:21 --> Session: Class initialized using 'CodeIgniter\Session\Handlers\FileHandler' driver.
WARNING - 2026-05-11 13:02:21 --> [DEPRECATED] error_log(): Passing null to parameter #1 ($message) of type string is deprecated in APPPATH\Controllers\Admin.php on line 170.
 1 APPPATH\Controllers\Admin.php(170): error_log(null)
 2 SYSTEMPATH\CodeIgniter.php(934): App\Controllers\Admin->getRecentNews()
 3 SYSTEMPATH\CodeIgniter.php(499): CodeIgniter\CodeIgniter->runController(Object(App\Controllers\Admin))
 4 SYSTEMPATH\CodeIgniter.php(368): CodeIgniter\CodeIgniter->handleRequest(null, Object(Config\Cache), false)
 5 FCPATH\index.php(67): CodeIgniter\CodeIgniter->run()
INFO - 2026-05-11 13:02:21 --> Session: Class initialized using 'CodeIgniter\Session\Handlers\FileHandler' driver.
WARNING - 2026-05-11 13:02:21 --> [DEPRECATED] error_log(): Passing null to parameter #1 ($message) of type string is deprecated in APPPATH\Controllers\Admin.php on line 203.
 1 APPPATH\Controllers\Admin.php(203): error_log(null)
 2 SYSTEMPATH\CodeIgniter.php(934): App\Controllers\Admin->getRecentAnns()
 3 SYSTEMPATH\CodeIgniter.php(499): CodeIgniter\CodeIgniter->runController(Object(App\Controllers\Admin))
 4 SYSTEMPATH\CodeIgniter.php(368): CodeIgniter\CodeIgniter->handleRequest(null, Object(Config\Cache), false)
 5 FCPATH\index.php(67): CodeIgniter\CodeIgniter->run()
INFO - 2026-05-11 13:02:22 --> Session: Class initialized using 'CodeIgniter\Session\Handlers\FileHandler' driver.
INFO - 2026-05-11 13:02:23 --> Session: Class initialized using 'CodeIgniter\Session\Handlers\FileHandler' driver.
INFO - 2026-05-11 13:02:26 --> Session: Class initialized using 'CodeIgniter\Session\Handlers\FileHandler' driver.
INFO - 2026-05-11 13:02:27 --> Session: Class initialized using 'CodeIgniter\Session\Handlers\FileHandler' driver.
INFO - 2026-05-11 13:02:31 --> Session: Class initialized using 'CodeIgniter\Session\Handlers\FileHandler' driver.
INFO - 2026-05-11 13:02:32 --> Session: Class initialized using 'CodeIgniter\Session\Handlers\FileHandler' driver.
INFO - 2026-05-11 13:02:33 --> Session: Class initialized using 'CodeIgniter\Session\Handlers\FileHandler' driver.
WARNING - 2026-05-11 13:02:33 --> [DEPRECATED] error_log(): Passing null to parameter #1 ($message) of type string is deprecated in APPPATH\Controllers\Admin.php on line 170.
 1 APPPATH\Controllers\Admin.php(170): error_log(null)
 2 SYSTEMPATH\CodeIgniter.php(934): App\Controllers\Admin->getRecentNews()
 3 SYSTEMPATH\CodeIgniter.php(499): CodeIgniter\CodeIgniter->runController(Object(App\Controllers\Admin))
 4 SYSTEMPATH\CodeIgniter.php(368): CodeIgniter\CodeIgniter->handleRequest(null, Object(Config\Cache), false)
 5 FCPATH\index.php(67): CodeIgniter\CodeIgniter->run()
INFO - 2026-05-11 13:02:33 --> Session: Class initialized using 'CodeIgniter\Session\Handlers\FileHandler' driver.
WARNING - 2026-05-11 13:02:33 --> [DEPRECATED] error_log(): Passing null to parameter #1 ($message) of type string is deprecated in APPPATH\Controllers\Admin.php on line 203.
 1 APPPATH\Controllers\Admin.php(203): error_log(null)
 2 SYSTEMPATH\CodeIgniter.php(934): App\Controllers\Admin->getRecentAnns()
 3 SYSTEMPATH\CodeIgniter.php(499): CodeIgniter\CodeIgniter->runController(Object(App\Controllers\Admin))
 4 SYSTEMPATH\CodeIgniter.php(368): CodeIgniter\CodeIgniter->handleRequest(null, Object(Config\Cache), false)
 5 FCPATH\index.php(67): CodeIgniter\CodeIgniter->run()
INFO - 2026-05-11 13:02:35 --> Session: Class initialized using 'CodeIgniter\Session\Handlers\FileHandler' driver.
INFO - 2026-05-11 13:02:36 --> Session: Class initialized using 'CodeIgniter\Session\Handlers\FileHandler' driver.
INFO - 2026-05-11 13:02:36 --> Session: Class initialized using 'CodeIgniter\Session\Handlers\FileHandler' driver.
INFO - 2026-05-11 13:02:37 --> Session: Class initialized using 'CodeIgniter\Session\Handlers\FileHandler' driver.
INFO - 2026-05-11 13:03:06 --> Session: Class initialized using 'CodeIgniter\Session\Handlers\FileHandler' driver.
INFO - 2026-05-11 13:03:07 --> Session: Class initialized using 'CodeIgniter\Session\Handlers\FileHandler' driver.
INFO - 2026-05-11 13:03:16 --> Session: Class initialized using 'CodeIgniter\Session\Handlers\FileHandler' driver.
INFO - 2026-05-11 13:03:17 --> Session: Class initialized using 'CodeIgniter\Session\Handlers\FileHandler' driver.
INFO - 2026-05-11 13:03:18 --> Session: Class initialized using 'CodeIgniter\Session\Handlers\FileHandler' driver.
WARNING - 2026-05-11 13:03:18 --> [DEPRECATED] error_log(): Passing null to parameter #1 ($message) of type string is deprecated in APPPATH\Controllers\Admin.php on line 170.
 1 APPPATH\Controllers\Admin.php(170): error_log(null)
 2 SYSTEMPATH\CodeIgniter.php(934): App\Controllers\Admin->getRecentNews()
 3 SYSTEMPATH\CodeIgniter.php(499): CodeIgniter\CodeIgniter->runController(Object(App\Controllers\Admin))
 4 SYSTEMPATH\CodeIgniter.php(368): CodeIgniter\CodeIgniter->handleRequest(null, Object(Config\Cache), false)
 5 FCPATH\index.php(67): CodeIgniter\CodeIgniter->run()
INFO - 2026-05-11 13:03:18 --> Session: Class initialized using 'CodeIgniter\Session\Handlers\FileHandler' driver.
WARNING - 2026-05-11 13:03:18 --> [DEPRECATED] error_log(): Passing null to parameter #1 ($message) of type string is deprecated in APPPATH\Controllers\Admin.php on line 203.
 1 APPPATH\Controllers\Admin.php(203): error_log(null)
 2 SYSTEMPATH\CodeIgniter.php(934): App\Controllers\Admin->getRecentAnns()
 3 SYSTEMPATH\CodeIgniter.php(499): CodeIgniter\CodeIgniter->runController(Object(App\Controllers\Admin))
 4 SYSTEMPATH\CodeIgniter.php(368): CodeIgniter\CodeIgniter->handleRequest(null, Object(Config\Cache), false)
 5 FCPATH\index.php(67): CodeIgniter\CodeIgniter->run()
INFO - 2026-05-11 13:03:20 --> Session: Class initialized using 'CodeIgniter\Session\Handlers\FileHandler' driver.
INFO - 2026-05-11 13:03:21 --> Session: Class initialized using 'CodeIgniter\Session\Handlers\FileHandler' driver.
INFO - 2026-05-11 13:03:26 --> Session: Class initialized using 'CodeIgniter\Session\Handlers\FileHandler' driver.
INFO - 2026-05-11 13:03:26 --> Session: Class initialized using 'CodeIgniter\Session\Handlers\FileHandler' driver.
INFO - 2026-05-11 13:03:46 --> Session: Class initialized using 'CodeIgniter\Session\Handlers\FileHandler' driver.
INFO - 2026-05-11 13:03:46 --> Session: Class initialized using 'CodeIgniter\Session\Handlers\FileHandler' driver.
INFO - 2026-05-11 13:03:54 --> Session: Class initialized using 'CodeIgniter\Session\Handlers\FileHandler' driver.
INFO - 2026-05-11 13:03:54 --> Session: Class initialized using 'CodeIgniter\Session\Handlers\FileHandler' driver.
INFO - 2026-05-11 13:04:21 --> Session: Class initialized using 'CodeIgniter\Session\Handlers\FileHandler' driver.
INFO - 2026-05-11 13:04:22 --> Session: Class initialized using 'CodeIgniter\Session\Handlers\FileHandler' driver.
INFO - 2026-05-11 13:04:22 --> Session: Class initialized using 'CodeIgniter\Session\Handlers\FileHandler' driver.
WARNING - 2026-05-11 13:04:22 --> [DEPRECATED] error_log(): Passing null to parameter #1 ($message) of type string is deprecated in APPPATH\Controllers\Admin.php on line 170.
 1 APPPATH\Controllers\Admin.php(170): error_log(null)
 2 SYSTEMPATH\CodeIgniter.php(934): App\Controllers\Admin->getRecentNews()
 3 SYSTEMPATH\CodeIgniter.php(499): CodeIgniter\CodeIgniter->runController(Object(App\Controllers\Admin))
 4 SYSTEMPATH\CodeIgniter.php(368): CodeIgniter\CodeIgniter->handleRequest(null, Object(Config\Cache), false)
 5 FCPATH\index.php(67): CodeIgniter\CodeIgniter->run()
INFO - 2026-05-11 13:04:22 --> Session: Class initialized using 'CodeIgniter\Session\Handlers\FileHandler' driver.
WARNING - 2026-05-11 13:04:22 --> [DEPRECATED] error_log(): Passing null to parameter #1 ($message) of type string is deprecated in APPPATH\Controllers\Admin.php on line 203.
 1 APPPATH\Controllers\Admin.php(203): error_log(null)
 2 SYSTEMPATH\CodeIgniter.php(934): App\Controllers\Admin->getRecentAnns()
 3 SYSTEMPATH\CodeIgniter.php(499): CodeIgniter\CodeIgniter->runController(Object(App\Controllers\Admin))
 4 SYSTEMPATH\CodeIgniter.php(368): CodeIgniter\CodeIgniter->handleRequest(null, Object(Config\Cache), false)
 5 FCPATH\index.php(67): CodeIgniter\CodeIgniter->run()
INFO - 2026-05-11 13:04:24 --> Session: Class initialized using 'CodeIgniter\Session\Handlers\FileHandler' driver.
INFO - 2026-05-11 13:04:25 --> Session: Class initialized using 'CodeIgniter\Session\Handlers\FileHandler' driver.
INFO - 2026-05-11 13:04:27 --> Session: Class initialized using 'CodeIgniter\Session\Handlers\FileHandler' driver.
INFO - 2026-05-11 13:04:28 --> Session: Class initialized using 'CodeIgniter\Session\Handlers\FileHandler' driver.
INFO - 2026-05-11 13:04:29 --> Session: Class initialized using 'CodeIgniter\Session\Handlers\FileHandler' driver.
WARNING - 2026-05-11 13:04:29 --> [DEPRECATED] error_log(): Passing null to parameter #1 ($message) of type string is deprecated in APPPATH\Controllers\Admin.php on line 170.
 1 APPPATH\Controllers\Admin.php(170): error_log(null)
 2 SYSTEMPATH\CodeIgniter.php(934): App\Controllers\Admin->getRecentNews()
 3 SYSTEMPATH\CodeIgniter.php(499): CodeIgniter\CodeIgniter->runController(Object(App\Controllers\Admin))
 4 SYSTEMPATH\CodeIgniter.php(368): CodeIgniter\CodeIgniter->handleRequest(null, Object(Config\Cache), false)
 5 FCPATH\index.php(67): CodeIgniter\CodeIgniter->run()
INFO - 2026-05-11 13:04:29 --> Session: Class initialized using 'CodeIgniter\Session\Handlers\FileHandler' driver.
WARNING - 2026-05-11 13:04:29 --> [DEPRECATED] error_log(): Passing null to parameter #1 ($message) of type string is deprecated in APPPATH\Controllers\Admin.php on line 203.
 1 APPPATH\Controllers\Admin.php(203): error_log(null)
 2 SYSTEMPATH\CodeIgniter.php(934): App\Controllers\Admin->getRecentAnns()
 3 SYSTEMPATH\CodeIgniter.php(499): CodeIgniter\CodeIgniter->runController(Object(App\Controllers\Admin))
 4 SYSTEMPATH\CodeIgniter.php(368): CodeIgniter\CodeIgniter->handleRequest(null, Object(Config\Cache), false)
 5 FCPATH\index.php(67): CodeIgniter\CodeIgniter->run()
INFO - 2026-05-11 13:04:30 --> Session: Class initialized using 'CodeIgniter\Session\Handlers\FileHandler' driver.
INFO - 2026-05-11 13:04:30 --> Session: Class initialized using 'CodeIgniter\Session\Handlers\FileHandler' driver.
INFO - 2026-05-11 13:04:34 --> Session: Class initialized using 'CodeIgniter\Session\Handlers\FileHandler' driver.
INFO - 2026-05-11 13:04:35 --> Session: Class initialized using 'CodeIgniter\Session\Handlers\FileHandler' driver.
INFO - 2026-05-11 13:04:44 --> Session: Class initialized using 'CodeIgniter\Session\Handlers\FileHandler' driver.
INFO - 2026-05-11 13:04:45 --> Session: Class initialized using 'CodeIgniter\Session\Handlers\FileHandler' driver.
INFO - 2026-05-11 13:04:55 --> Session: Class initialized using 'CodeIgniter\Session\Handlers\FileHandler' driver.
INFO - 2026-05-11 13:04:55 --> Session: Class initialized using 'CodeIgniter\Session\Handlers\FileHandler' driver.
INFO - 2026-05-11 13:04:59 --> Session: Class initialized using 'CodeIgniter\Session\Handlers\FileHandler' driver.
INFO - 2026-05-11 13:05:00 --> Session: Class initialized using 'CodeIgniter\Session\Handlers\FileHandler' driver.
INFO - 2026-05-11 13:05:04 --> Session: Class initialized using 'CodeIgniter\Session\Handlers\FileHandler' driver.
INFO - 2026-05-11 13:05:04 --> Session: Class initialized using 'CodeIgniter\Session\Handlers\FileHandler' driver.
INFO - 2026-05-11 13:05:08 --> Session: Class initialized using 'CodeIgniter\Session\Handlers\FileHandler' driver.
INFO - 2026-05-11 13:05:08 --> Session: Class initialized using 'CodeIgniter\Session\Handlers\FileHandler' driver.
INFO - 2026-05-11 13:05:15 --> Session: Class initialized using 'CodeIgniter\Session\Handlers\FileHandler' driver.
INFO - 2026-05-11 13:05:16 --> Session: Class initialized using 'CodeIgniter\Session\Handlers\FileHandler' driver.
INFO - 2026-05-11 13:05:16 --> Session: Class initialized using 'CodeIgniter\Session\Handlers\FileHandler' driver.
INFO - 2026-05-11 13:05:16 --> Session: Class initialized using 'CodeIgniter\Session\Handlers\FileHandler' driver.
INFO - 2026-05-11 13:05:16 --> Session: Class initialized using 'CodeIgniter\Session\Handlers\FileHandler' driver.
INFO - 2026-05-11 13:05:16 --> Session: Class initialized using 'CodeIgniter\Session\Handlers\FileHandler' driver.
INFO - 2026-05-11 13:05:16 --> Session: Class initialized using 'CodeIgniter\Session\Handlers\FileHandler' driver.
INFO - 2026-05-11 13:05:16 --> Session: Class initialized using 'CodeIgniter\Session\Handlers\FileHandler' driver.
INFO - 2026-05-11 13:05:16 --> Session: Class initialized using 'CodeIgniter\Session\Handlers\FileHandler' driver.
INFO - 2026-05-11 13:05:16 --> Session: Class initialized using 'CodeIgniter\Session\Handlers\FileHandler' driver.
INFO - 2026-05-11 13:05:16 --> Session: Class initialized using 'CodeIgniter\Session\Handlers\FileHandler' driver.
INFO - 2026-05-11 13:05:16 --> Session: Class initialized using 'CodeIgniter\Session\Handlers\FileHandler' driver.
INFO - 2026-05-11 13:05:16 --> Session: Class initialized using 'CodeIgniter\Session\Handlers\FileHandler' driver.
INFO - 2026-05-11 13:05:16 --> Session: Class initialized using 'CodeIgniter\Session\Handlers\FileHandler' driver.
INFO - 2026-05-11 13:05:16 --> Session: Class initialized using 'CodeIgniter\Session\Handlers\FileHandler' driver.
INFO - 2026-05-11 13:05:16 --> Session: Class initialized using 'CodeIgniter\Session\Handlers\FileHandler' driver.
INFO - 2026-05-11 13:05:16 --> Session: Class initialized using 'CodeIgniter\Session\Handlers\FileHandler' driver.
INFO - 2026-05-11 13:05:17 --> Session: Class initialized using 'CodeIgniter\Session\Handlers\FileHandler' driver.
INFO - 2026-05-11 13:05:17 --> Session: Class initialized using 'CodeIgniter\Session\Handlers\FileHandler' driver.
INFO - 2026-05-11 13:05:45 --> Session: Class initialized using 'CodeIgniter\Session\Handlers\FileHandler' driver.
INFO - 2026-05-11 13:05:46 --> Session: Class initialized using 'CodeIgniter\Session\Handlers\FileHandler' driver.
INFO - 2026-05-11 13:06:04 --> Session: Class initialized using 'CodeIgniter\Session\Handlers\FileHandler' driver.
INFO - 2026-05-11 13:06:05 --> Session: Class initialized using 'CodeIgniter\Session\Handlers\FileHandler' driver.
INFO - 2026-05-11 13:06:20 --> Session: Class initialized using 'CodeIgniter\Session\Handlers\FileHandler' driver.
INFO - 2026-05-11 13:06:21 --> Session: Class initialized using 'CodeIgniter\Session\Handlers\FileHandler' driver.
INFO - 2026-05-11 13:06:23 --> Session: Class initialized using 'CodeIgniter\Session\Handlers\FileHandler' driver.
INFO - 2026-05-11 13:06:24 --> Session: Class initialized using 'CodeIgniter\Session\Handlers\FileHandler' driver.
INFO - 2026-05-11 13:06:32 --> Session: Class initialized using 'CodeIgniter\Session\Handlers\FileHandler' driver.
INFO - 2026-05-11 13:06:32 --> Session: Class initialized using 'CodeIgniter\Session\Handlers\FileHandler' driver.
INFO - 2026-05-11 13:06:39 --> Session: Class initialized using 'CodeIgniter\Session\Handlers\FileHandler' driver.
INFO - 2026-05-11 13:06:39 --> Session: Class initialized using 'CodeIgniter\Session\Handlers\FileHandler' driver.
INFO - 2026-05-11 13:06:40 --> Session: Class initialized using 'CodeIgniter\Session\Handlers\FileHandler' driver.
INFO - 2026-05-11 13:06:40 --> Session: Class initialized using 'CodeIgniter\Session\Handlers\FileHandler' driver.
INFO - 2026-05-11 13:06:40 --> Session: Class initialized using 'CodeIgniter\Session\Handlers\FileHandler' driver.
INFO - 2026-05-11 13:06:40 --> Session: Class initialized using 'CodeIgniter\Session\Handlers\FileHandler' driver.
INFO - 2026-05-11 13:06:40 --> Session: Class initialized using 'CodeIgniter\Session\Handlers\FileHandler' driver.
INFO - 2026-05-11 13:06:40 --> Session: Class initialized using 'CodeIgniter\Session\Handlers\FileHandler' driver.
INFO - 2026-05-11 13:06:40 --> Session: Class initialized using 'CodeIgniter\Session\Handlers\FileHandler' driver.
INFO - 2026-05-11 13:06:40 --> Session: Class initialized using 'CodeIgniter\Session\Handlers\FileHandler' driver.
INFO - 2026-05-11 13:06:40 --> Session: Class initialized using 'CodeIgniter\Session\Handlers\FileHandler' driver.
INFO - 2026-05-11 13:06:40 --> Session: Class initialized using 'CodeIgniter\Session\Handlers\FileHandler' driver.
INFO - 2026-05-11 13:06:40 --> Session: Class initialized using 'CodeIgniter\Session\Handlers\FileHandler' driver.
INFO - 2026-05-11 13:06:40 --> Session: Class initialized using 'CodeIgniter\Session\Handlers\FileHandler' driver.
INFO - 2026-05-11 13:06:40 --> Session: Class initialized using 'CodeIgniter\Session\Handlers\FileHandler' driver.
INFO - 2026-05-11 13:06:40 --> Session: Class initialized using 'CodeIgniter\Session\Handlers\FileHandler' driver.
INFO - 2026-05-11 13:06:40 --> Session: Class initialized using 'CodeIgniter\Session\Handlers\FileHandler' driver.
INFO - 2026-05-11 13:06:40 --> Session: Class initialized using 'CodeIgniter\Session\Handlers\FileHandler' driver.
INFO - 2026-05-11 13:06:40 --> Session: Class initialized using 'CodeIgniter\Session\Handlers\FileHandler' driver.
INFO - 2026-05-11 13:06:48 --> Session: Class initialized using 'CodeIgniter\Session\Handlers\FileHandler' driver.
INFO - 2026-05-11 13:06:48 --> Session: Class initialized using 'CodeIgniter\Session\Handlers\FileHandler' driver.
INFO - 2026-05-11 13:06:49 --> Session: Class initialized using 'CodeIgniter\Session\Handlers\FileHandler' driver.
INFO - 2026-05-11 13:06:49 --> Session: Class initialized using 'CodeIgniter\Session\Handlers\FileHandler' driver.
INFO - 2026-05-11 13:06:49 --> Session: Class initialized using 'CodeIgniter\Session\Handlers\FileHandler' driver.
INFO - 2026-05-11 13:06:49 --> Session: Class initialized using 'CodeIgniter\Session\Handlers\FileHandler' driver.
INFO - 2026-05-11 13:06:49 --> Session: Class initialized using 'CodeIgniter\Session\Handlers\FileHandler' driver.
INFO - 2026-05-11 13:06:49 --> Session: Class initialized using 'CodeIgniter\Session\Handlers\FileHandler' driver.
INFO - 2026-05-11 13:06:49 --> Session: Class initialized using 'CodeIgniter\Session\Handlers\FileHandler' driver.
INFO - 2026-05-11 13:06:49 --> Session: Class initialized using 'CodeIgniter\Session\Handlers\FileHandler' driver.
INFO - 2026-05-11 13:06:49 --> Session: Class initialized using 'CodeIgniter\Session\Handlers\FileHandler' driver.
INFO - 2026-05-11 13:06:49 --> Session: Class initialized using 'CodeIgniter\Session\Handlers\FileHandler' driver.
INFO - 2026-05-11 13:06:49 --> Session: Class initialized using 'CodeIgniter\Session\Handlers\FileHandler' driver.
INFO - 2026-05-11 13:06:49 --> Session: Class initialized using 'CodeIgniter\Session\Handlers\FileHandler' driver.
INFO - 2026-05-11 13:06:49 --> Session: Class initialized using 'CodeIgniter\Session\Handlers\FileHandler' driver.
INFO - 2026-05-11 13:06:49 --> Session: Class initialized using 'CodeIgniter\Session\Handlers\FileHandler' driver.
INFO - 2026-05-11 13:06:49 --> Session: Class initialized using 'CodeIgniter\Session\Handlers\FileHandler' driver.
INFO - 2026-05-11 13:06:49 --> Session: Class initialized using 'CodeIgniter\Session\Handlers\FileHandler' driver.
INFO - 2026-05-11 13:06:49 --> Session: Class initialized using 'CodeIgniter\Session\Handlers\FileHandler' driver.
INFO - 2026-05-11 13:06:49 --> Session: Class initialized using 'CodeIgniter\Session\Handlers\FileHandler' driver.
INFO - 2026-05-11 13:06:49 --> Session: Class initialized using 'CodeIgniter\Session\Handlers\FileHandler' driver.
INFO - 2026-05-11 13:06:50 --> Session: Class initialized using 'CodeIgniter\Session\Handlers\FileHandler' driver.
INFO - 2026-05-11 13:06:50 --> Session: Class initialized using 'CodeIgniter\Session\Handlers\FileHandler' driver.
INFO - 2026-05-11 13:06:50 --> Session: Class initialized using 'CodeIgniter\Session\Handlers\FileHandler' driver.
INFO - 2026-05-11 13:06:50 --> Session: Class initialized using 'CodeIgniter\Session\Handlers\FileHandler' driver.
INFO - 2026-05-11 13:06:50 --> Session: Class initialized using 'CodeIgniter\Session\Handlers\FileHandler' driver.
INFO - 2026-05-11 13:06:50 --> Session: Class initialized using 'CodeIgniter\Session\Handlers\FileHandler' driver.
INFO - 2026-05-11 13:06:50 --> Session: Class initialized using 'CodeIgniter\Session\Handlers\FileHandler' driver.
INFO - 2026-05-11 13:06:50 --> Session: Class initialized using 'CodeIgniter\Session\Handlers\FileHandler' driver.
INFO - 2026-05-11 13:06:50 --> Session: Class initialized using 'CodeIgniter\Session\Handlers\FileHandler' driver.
INFO - 2026-05-11 13:06:50 --> Session: Class initialized using 'CodeIgniter\Session\Handlers\FileHandler' driver.
INFO - 2026-05-11 13:06:50 --> Session: Class initialized using 'CodeIgniter\Session\Handlers\FileHandler' driver.
INFO - 2026-05-11 13:06:50 --> Session: Class initialized using 'CodeIgniter\Session\Handlers\FileHandler' driver.
INFO - 2026-05-11 13:06:50 --> Session: Class initialized using 'CodeIgniter\Session\Handlers\FileHandler' driver.
INFO - 2026-05-11 13:06:50 --> Session: Class initialized using 'CodeIgniter\Session\Handlers\FileHandler' driver.
INFO - 2026-05-11 13:06:50 --> Session: Class initialized using 'CodeIgniter\Session\Handlers\FileHandler' driver.
INFO - 2026-05-11 13:06:50 --> Session: Class initialized using 'CodeIgniter\Session\Handlers\FileHandler' driver.
INFO - 2026-05-11 13:06:50 --> Session: Class initialized using 'CodeIgniter\Session\Handlers\FileHandler' driver.
INFO - 2026-05-11 13:06:50 --> Session: Class initialized using 'CodeIgniter\Session\Handlers\FileHandler' driver.
INFO - 2026-05-11 13:06:50 --> Session: Class initialized using 'CodeIgniter\Session\Handlers\FileHandler' driver.
INFO - 2026-05-11 13:06:50 --> Session: Class initialized using 'CodeIgniter\Session\Handlers\FileHandler' driver.
INFO - 2026-05-11 13:06:50 --> Session: Class initialized using 'CodeIgniter\Session\Handlers\FileHandler' driver.
INFO - 2026-05-11 13:06:50 --> Session: Class initialized using 'CodeIgniter\Session\Handlers\FileHandler' driver.
INFO - 2026-05-11 13:07:00 --> Session: Class initialized using 'CodeIgniter\Session\Handlers\FileHandler' driver.
INFO - 2026-05-11 13:07:00 --> Session: Class initialized using 'CodeIgniter\Session\Handlers\FileHandler' driver.
INFO - 2026-05-11 13:07:01 --> Session: Class initialized using 'CodeIgniter\Session\Handlers\FileHandler' driver.
INFO - 2026-05-11 13:07:01 --> Session: Class initialized using 'CodeIgniter\Session\Handlers\FileHandler' driver.
INFO - 2026-05-11 13:07:01 --> Session: Class initialized using 'CodeIgniter\Session\Handlers\FileHandler' driver.
INFO - 2026-05-11 13:07:01 --> Session: Class initialized using 'CodeIgniter\Session\Handlers\FileHandler' driver.
INFO - 2026-05-11 13:07:01 --> Session: Class initialized using 'CodeIgniter\Session\Handlers\FileHandler' driver.
INFO - 2026-05-11 13:07:01 --> Session: Class initialized using 'CodeIgniter\Session\Handlers\FileHandler' driver.
INFO - 2026-05-11 13:07:01 --> Session: Class initialized using 'CodeIgniter\Session\Handlers\FileHandler' driver.
INFO - 2026-05-11 13:07:01 --> Session: Class initialized using 'CodeIgniter\Session\Handlers\FileHandler' driver.
INFO - 2026-05-11 13:07:01 --> Session: Class initialized using 'CodeIgniter\Session\Handlers\FileHandler' driver.
INFO - 2026-05-11 13:07:01 --> Session: Class initialized using 'CodeIgniter\Session\Handlers\FileHandler' driver.
INFO - 2026-05-11 13:07:01 --> Session: Class initialized using 'CodeIgniter\Session\Handlers\FileHandler' driver.
INFO - 2026-05-11 13:07:01 --> Session: Class initialized using 'CodeIgniter\Session\Handlers\FileHandler' driver.
INFO - 2026-05-11 13:07:01 --> Session: Class initialized using 'CodeIgniter\Session\Handlers\FileHandler' driver.
INFO - 2026-05-11 13:07:01 --> Session: Class initialized using 'CodeIgniter\Session\Handlers\FileHandler' driver.
INFO - 2026-05-11 13:07:01 --> Session: Class initialized using 'CodeIgniter\Session\Handlers\FileHandler' driver.
INFO - 2026-05-11 13:07:01 --> Session: Class initialized using 'CodeIgniter\Session\Handlers\FileHandler' driver.
INFO - 2026-05-11 13:07:01 --> Session: Class initialized using 'CodeIgniter\Session\Handlers\FileHandler' driver.
INFO - 2026-05-11 13:07:01 --> Session: Class initialized using 'CodeIgniter\Session\Handlers\FileHandler' driver.
INFO - 2026-05-11 13:07:01 --> Session: Class initialized using 'CodeIgniter\Session\Handlers\FileHandler' driver.
INFO - 2026-05-11 13:07:02 --> Session: Class initialized using 'CodeIgniter\Session\Handlers\FileHandler' driver.
INFO - 2026-05-11 13:07:02 --> Session: Class initialized using 'CodeIgniter\Session\Handlers\FileHandler' driver.
INFO - 2026-05-11 13:07:02 --> Session: Class initialized using 'CodeIgniter\Session\Handlers\FileHandler' driver.
INFO - 2026-05-11 13:07:02 --> Session: Class initialized using 'CodeIgniter\Session\Handlers\FileHandler' driver.
INFO - 2026-05-11 13:07:02 --> Session: Class initialized using 'CodeIgniter\Session\Handlers\FileHandler' driver.
INFO - 2026-05-11 13:07:04 --> Session: Class initialized using 'CodeIgniter\Session\Handlers\FileHandler' driver.
INFO - 2026-05-11 13:07:05 --> Session: Class initialized using 'CodeIgniter\Session\Handlers\FileHandler' driver.
INFO - 2026-05-11 13:07:09 --> Session: Class initialized using 'CodeIgniter\Session\Handlers\FileHandler' driver.
INFO - 2026-05-11 13:07:09 --> Session: Class initialized using 'CodeIgniter\Session\Handlers\FileHandler' driver.
INFO - 2026-05-11 13:07:10 --> Session: Class initialized using 'CodeIgniter\Session\Handlers\FileHandler' driver.
INFO - 2026-05-11 13:07:10 --> Session: Class initialized using 'CodeIgniter\Session\Handlers\FileHandler' driver.
INFO - 2026-05-11 13:07:10 --> Session: Class initialized using 'CodeIgniter\Session\Handlers\FileHandler' driver.
INFO - 2026-05-11 13:07:10 --> Session: Class initialized using 'CodeIgniter\Session\Handlers\FileHandler' driver.
INFO - 2026-05-11 13:07:10 --> Session: Class initialized using 'CodeIgniter\Session\Handlers\FileHandler' driver.
INFO - 2026-05-11 13:07:10 --> Session: Class initialized using 'CodeIgniter\Session\Handlers\FileHandler' driver.
INFO - 2026-05-11 13:07:10 --> Session: Class initialized using 'CodeIgniter\Session\Handlers\FileHandler' driver.
INFO - 2026-05-11 13:07:10 --> Session: Class initialized using 'CodeIgniter\Session\Handlers\FileHandler' driver.
INFO - 2026-05-11 13:07:13 --> Session: Class initialized using 'CodeIgniter\Session\Handlers\FileHandler' driver.
INFO - 2026-05-11 13:07:13 --> Session: Class initialized using 'CodeIgniter\Session\Handlers\FileHandler' driver.
INFO - 2026-05-11 13:07:14 --> Session: Class initialized using 'CodeIgniter\Session\Handlers\FileHandler' driver.
INFO - 2026-05-11 13:07:14 --> Session: Class initialized using 'CodeIgniter\Session\Handlers\FileHandler' driver.
INFO - 2026-05-11 13:07:14 --> Session: Class initialized using 'CodeIgniter\Session\Handlers\FileHandler' driver.
INFO - 2026-05-11 13:07:14 --> Session: Class initialized using 'CodeIgniter\Session\Handlers\FileHandler' driver.
INFO - 2026-05-11 13:07:14 --> Session: Class initialized using 'CodeIgniter\Session\Handlers\FileHandler' driver.
INFO - 2026-05-11 13:07:14 --> Session: Class initialized using 'CodeIgniter\Session\Handlers\FileHandler' driver.
INFO - 2026-05-11 13:07:14 --> Session: Class initialized using 'CodeIgniter\Session\Handlers\FileHandler' driver.
INFO - 2026-05-11 13:07:23 --> Session: Class initialized using 'CodeIgniter\Session\Handlers\FileHandler' driver.
INFO - 2026-05-11 13:07:23 --> Session: Class initialized using 'CodeIgniter\Session\Handlers\FileHandler' driver.
INFO - 2026-05-11 13:07:24 --> Session: Class initialized using 'CodeIgniter\Session\Handlers\FileHandler' driver.
INFO - 2026-05-11 13:07:24 --> Session: Class initialized using 'CodeIgniter\Session\Handlers\FileHandler' driver.
INFO - 2026-05-11 13:07:24 --> Session: Class initialized using 'CodeIgniter\Session\Handlers\FileHandler' driver.
INFO - 2026-05-11 13:07:24 --> Session: Class initialized using 'CodeIgniter\Session\Handlers\FileHandler' driver.
INFO - 2026-05-11 13:07:24 --> Session: Class initialized using 'CodeIgniter\Session\Handlers\FileHandler' driver.
INFO - 2026-05-11 13:07:24 --> Session: Class initialized using 'CodeIgniter\Session\Handlers\FileHandler' driver.
INFO - 2026-05-11 13:07:24 --> Session: Class initialized using 'CodeIgniter\Session\Handlers\FileHandler' driver.
INFO - 2026-05-11 13:07:24 --> Session: Class initialized using 'CodeIgniter\Session\Handlers\FileHandler' driver.
INFO - 2026-05-11 13:07:24 --> Session: Class initialized using 'CodeIgniter\Session\Handlers\FileHandler' driver.
INFO - 2026-05-11 13:07:24 --> Session: Class initialized using 'CodeIgniter\Session\Handlers\FileHandler' driver.
INFO - 2026-05-11 13:07:24 --> Session: Class initialized using 'CodeIgniter\Session\Handlers\FileHandler' driver.
INFO - 2026-05-11 13:07:24 --> Session: Class initialized using 'CodeIgniter\Session\Handlers\FileHandler' driver.
INFO - 2026-05-11 13:07:24 --> Session: Class initialized using 'CodeIgniter\Session\Handlers\FileHandler' driver.
INFO - 2026-05-11 13:07:24 --> Session: Class initialized using 'CodeIgniter\Session\Handlers\FileHandler' driver.
INFO - 2026-05-11 13:07:24 --> Session: Class initialized using 'CodeIgniter\Session\Handlers\FileHandler' driver.
INFO - 2026-05-11 13:07:24 --> Session: Class initialized using 'CodeIgniter\Session\Handlers\FileHandler' driver.
INFO - 2026-05-11 13:07:24 --> Session: Class initialized using 'CodeIgniter\Session\Handlers\FileHandler' driver.
INFO - 2026-05-11 13:07:24 --> Session: Class initialized using 'CodeIgniter\Session\Handlers\FileHandler' driver.
INFO - 2026-05-11 13:07:24 --> Session: Class initialized using 'CodeIgniter\Session\Handlers\FileHandler' driver.
INFO - 2026-05-11 13:07:48 --> Session: Class initialized using 'CodeIgniter\Session\Handlers\FileHandler' driver.
INFO - 2026-05-11 13:07:48 --> Session: Class initialized using 'CodeIgniter\Session\Handlers\FileHandler' driver.
INFO - 2026-05-11 13:07:48 --> Session: Class initialized using 'CodeIgniter\Session\Handlers\FileHandler' driver.
INFO - 2026-05-11 13:08:38 --> Session: Class initialized using 'CodeIgniter\Session\Handlers\FileHandler' driver.
INFO - 2026-05-11 13:08:39 --> Session: Class initialized using 'CodeIgniter\Session\Handlers\FileHandler' driver.
INFO - 2026-05-11 13:09:15 --> Session: Class initialized using 'CodeIgniter\Session\Handlers\FileHandler' driver.
INFO - 2026-05-11 13:09:15 --> Session: Class initialized using 'CodeIgniter\Session\Handlers\FileHandler' driver.
INFO - 2026-05-11 13:09:16 --> Session: Class initialized using 'CodeIgniter\Session\Handlers\FileHandler' driver.
INFO - 2026-05-11 13:09:16 --> Session: Class initialized using 'CodeIgniter\Session\Handlers\FileHandler' driver.
INFO - 2026-05-11 13:09:16 --> Session: Class initialized using 'CodeIgniter\Session\Handlers\FileHandler' driver.
INFO - 2026-05-11 13:09:16 --> Session: Class initialized using 'CodeIgniter\Session\Handlers\FileHandler' driver.
INFO - 2026-05-11 13:09:16 --> Session: Class initialized using 'CodeIgniter\Session\Handlers\FileHandler' driver.
INFO - 2026-05-11 13:09:16 --> Session: Class initialized using 'CodeIgniter\Session\Handlers\FileHandler' driver.
INFO - 2026-05-11 13:09:16 --> Session: Class initialized using 'CodeIgniter\Session\Handlers\FileHandler' driver.
INFO - 2026-05-11 13:09:16 --> Session: Class initialized using 'CodeIgniter\Session\Handlers\FileHandler' driver.
INFO - 2026-05-11 13:09:16 --> Session: Class initialized using 'CodeIgniter\Session\Handlers\FileHandler' driver.
INFO - 2026-05-11 13:09:16 --> Session: Class initialized using 'CodeIgniter\Session\Handlers\FileHandler' driver.
INFO - 2026-05-11 13:09:16 --> Session: Class initialized using 'CodeIgniter\Session\Handlers\FileHandler' driver.
INFO - 2026-05-11 13:09:16 --> Session: Class initialized using 'CodeIgniter\Session\Handlers\FileHandler' driver.
INFO - 2026-05-11 13:09:16 --> Session: Class initialized using 'CodeIgniter\Session\Handlers\FileHandler' driver.
INFO - 2026-05-11 13:09:17 --> Session: Class initialized using 'CodeIgniter\Session\Handlers\FileHandler' driver.
INFO - 2026-05-11 13:09:17 --> Session: Class initialized using 'CodeIgniter\Session\Handlers\FileHandler' driver.
INFO - 2026-05-11 13:09:17 --> Session: Class initialized using 'CodeIgniter\Session\Handlers\FileHandler' driver.
INFO - 2026-05-11 13:09:17 --> Session: Class initialized using 'CodeIgniter\Session\Handlers\FileHandler' driver.
INFO - 2026-05-11 13:09:17 --> Session: Class initialized using 'CodeIgniter\Session\Handlers\FileHandler' driver.
INFO - 2026-05-11 13:09:17 --> Session: Class initialized using 'CodeIgniter\Session\Handlers\FileHandler' driver.
INFO - 2026-05-11 13:09:17 --> Session: Class initialized using 'CodeIgniter\Session\Handlers\FileHandler' driver.
INFO - 2026-05-11 13:09:17 --> Session: Class initialized using 'CodeIgniter\Session\Handlers\FileHandler' driver.
INFO - 2026-05-11 13:09:17 --> Session: Class initialized using 'CodeIgniter\Session\Handlers\FileHandler' driver.
INFO - 2026-05-11 13:09:24 --> Session: Class initialized using 'CodeIgniter\Session\Handlers\FileHandler' driver.
INFO - 2026-05-11 13:09:24 --> Session: Class initialized using 'CodeIgniter\Session\Handlers\FileHandler' driver.
INFO - 2026-05-11 13:09:25 --> Session: Class initialized using 'CodeIgniter\Session\Handlers\FileHandler' driver.
INFO - 2026-05-11 13:09:25 --> Session: Class initialized using 'CodeIgniter\Session\Handlers\FileHandler' driver.
INFO - 2026-05-11 13:09:25 --> Session: Class initialized using 'CodeIgniter\Session\Handlers\FileHandler' driver.
INFO - 2026-05-11 13:09:25 --> Session: Class initialized using 'CodeIgniter\Session\Handlers\FileHandler' driver.
INFO - 2026-05-11 13:09:25 --> Session: Class initialized using 'CodeIgniter\Session\Handlers\FileHandler' driver.
INFO - 2026-05-11 13:09:25 --> Session: Class initialized using 'CodeIgniter\Session\Handlers\FileHandler' driver.
INFO - 2026-05-11 13:09:25 --> Session: Class initialized using 'CodeIgniter\Session\Handlers\FileHandler' driver.
INFO - 2026-05-11 13:09:26 --> Session: Class initialized using 'CodeIgniter\Session\Handlers\FileHandler' driver.
INFO - 2026-05-11 13:09:26 --> Session: Class initialized using 'CodeIgniter\Session\Handlers\FileHandler' driver.
INFO - 2026-05-11 13:09:26 --> Session: Class initialized using 'CodeIgniter\Session\Handlers\FileHandler' driver.
INFO - 2026-05-11 13:09:26 --> Session: Class initialized using 'CodeIgniter\Session\Handlers\FileHandler' driver.
INFO - 2026-05-11 13:09:26 --> Session: Class initialized using 'CodeIgniter\Session\Handlers\FileHandler' driver.
INFO - 2026-05-11 13:09:26 --> Session: Class initialized using 'CodeIgniter\Session\Handlers\FileHandler' driver.
INFO - 2026-05-11 13:09:26 --> Session: Class initialized using 'CodeIgniter\Session\Handlers\FileHandler' driver.
INFO - 2026-05-11 13:09:26 --> Session: Class initialized using 'CodeIgniter\Session\Handlers\FileHandler' driver.
INFO - 2026-05-11 13:09:26 --> Session: Class initialized using 'CodeIgniter\Session\Handlers\FileHandler' driver.
INFO - 2026-05-11 13:09:26 --> Session: Class initialized using 'CodeIgniter\Session\Handlers\FileHandler' driver.
INFO - 2026-05-11 13:09:26 --> Session: Class initialized using 'CodeIgniter\Session\Handlers\FileHandler' driver.
INFO - 2026-05-11 13:09:26 --> Session: Class initialized using 'CodeIgniter\Session\Handlers\FileHandler' driver.
INFO - 2026-05-11 13:09:26 --> Session: Class initialized using 'CodeIgniter\Session\Handlers\FileHandler' driver.
INFO - 2026-05-11 13:09:26 --> Session: Class initialized using 'CodeIgniter\Session\Handlers\FileHandler' driver.
INFO - 2026-05-11 13:11:59 --> Session: Class initialized using 'CodeIgniter\Session\Handlers\FileHandler' driver.
INFO - 2026-05-11 13:12:00 --> Session: Class initialized using 'CodeIgniter\Session\Handlers\FileHandler' driver.
INFO - 2026-05-11 13:12:00 --> Session: Class initialized using 'CodeIgniter\Session\Handlers\FileHandler' driver.
INFO - 2026-05-11 13:12:00 --> Session: Class initialized using 'CodeIgniter\Session\Handlers\FileHandler' driver.
INFO - 2026-05-11 13:12:00 --> Session: Class initialized using 'CodeIgniter\Session\Handlers\FileHandler' driver.
INFO - 2026-05-11 13:12:00 --> Session: Class initialized using 'CodeIgniter\Session\Handlers\FileHandler' driver.
INFO - 2026-05-11 13:12:00 --> Session: Class initialized using 'CodeIgniter\Session\Handlers\FileHandler' driver.
INFO - 2026-05-11 13:12:00 --> Session: Class initialized using 'CodeIgniter\Session\Handlers\FileHandler' driver.
INFO - 2026-05-11 13:12:00 --> Session: Class initialized using 'CodeIgniter\Session\Handlers\FileHandler' driver.
INFO - 2026-05-11 13:12:00 --> Session: Class initialized using 'CodeIgniter\Session\Handlers\FileHandler' driver.
INFO - 2026-05-11 13:12:00 --> Session: Class initialized using 'CodeIgniter\Session\Handlers\FileHandler' driver.
INFO - 2026-05-11 13:12:00 --> Session: Class initialized using 'CodeIgniter\Session\Handlers\FileHandler' driver.
INFO - 2026-05-11 13:12:00 --> Session: Class initialized using 'CodeIgniter\Session\Handlers\FileHandler' driver.
INFO - 2026-05-11 13:12:01 --> Session: Class initialized using 'CodeIgniter\Session\Handlers\FileHandler' driver.
INFO - 2026-05-11 13:12:01 --> Session: Class initialized using 'CodeIgniter\Session\Handlers\FileHandler' driver.
INFO - 2026-05-11 13:12:01 --> Session: Class initialized using 'CodeIgniter\Session\Handlers\FileHandler' driver.
INFO - 2026-05-11 13:12:01 --> Session: Class initialized using 'CodeIgniter\Session\Handlers\FileHandler' driver.
INFO - 2026-05-11 13:12:01 --> Session: Class initialized using 'CodeIgniter\Session\Handlers\FileHandler' driver.
INFO - 2026-05-11 13:12:01 --> Session: Class initialized using 'CodeIgniter\Session\Handlers\FileHandler' driver.
INFO - 2026-05-11 13:12:01 --> Session: Class initialized using 'CodeIgniter\Session\Handlers\FileHandler' driver.
INFO - 2026-05-11 13:12:01 --> Session: Class initialized using 'CodeIgniter\Session\Handlers\FileHandler' driver.
INFO - 2026-05-11 13:12:01 --> Session: Class initialized using 'CodeIgniter\Session\Handlers\FileHandler' driver.
INFO - 2026-05-11 13:12:01 --> Session: Class initialized using 'CodeIgniter\Session\Handlers\FileHandler' driver.
INFO - 2026-05-11 13:12:01 --> Session: Class initialized using 'CodeIgniter\Session\Handlers\FileHandler' driver.
INFO - 2026-05-11 13:12:01 --> Session: Class initialized using 'CodeIgniter\Session\Handlers\FileHandler' driver.
INFO - 2026-05-11 13:12:01 --> Session: Class initialized using 'CodeIgniter\Session\Handlers\FileHandler' driver.
INFO - 2026-05-11 13:12:01 --> Session: Class initialized using 'CodeIgniter\Session\Handlers\FileHandler' driver.
INFO - 2026-05-11 13:12:01 --> Session: Class initialized using 'CodeIgniter\Session\Handlers\FileHandler' driver.
INFO - 2026-05-11 13:12:01 --> Session: Class initialized using 'CodeIgniter\Session\Handlers\FileHandler' driver.
INFO - 2026-05-11 13:12:01 --> Session: Class initialized using 'CodeIgniter\Session\Handlers\FileHandler' driver.
INFO - 2026-05-11 13:12:01 --> Session: Class initialized using 'CodeIgniter\Session\Handlers\FileHandler' driver.
INFO - 2026-05-11 13:12:01 --> Session: Class initialized using 'CodeIgniter\Session\Handlers\FileHandler' driver.
INFO - 2026-05-11 13:12:01 --> Session: Class initialized using 'CodeIgniter\Session\Handlers\FileHandler' driver.
INFO - 2026-05-11 13:12:01 --> Session: Class initialized using 'CodeIgniter\Session\Handlers\FileHandler' driver.
INFO - 2026-05-11 13:12:01 --> Session: Class initialized using 'CodeIgniter\Session\Handlers\FileHandler' driver.
INFO - 2026-05-11 13:12:01 --> Session: Class initialized using 'CodeIgniter\Session\Handlers\FileHandler' driver.
INFO - 2026-05-11 13:12:01 --> Session: Class initialized using 'CodeIgniter\Session\Handlers\FileHandler' driver.
INFO - 2026-05-11 13:12:01 --> Session: Class initialized using 'CodeIgniter\Session\Handlers\FileHandler' driver.
INFO - 2026-05-11 13:12:02 --> Session: Class initialized using 'CodeIgniter\Session\Handlers\FileHandler' driver.
INFO - 2026-05-11 13:12:02 --> Session: Class initialized using 'CodeIgniter\Session\Handlers\FileHandler' driver.
INFO - 2026-05-11 13:12:02 --> Session: Class initialized using 'CodeIgniter\Session\Handlers\FileHandler' driver.
INFO - 2026-05-11 13:12:02 --> Session: Class initialized using 'CodeIgniter\Session\Handlers\FileHandler' driver.
INFO - 2026-05-11 13:12:02 --> Session: Class initialized using 'CodeIgniter\Session\Handlers\FileHandler' driver.
INFO - 2026-05-11 13:12:08 --> Session: Class initialized using 'CodeIgniter\Session\Handlers\FileHandler' driver.
INFO - 2026-05-11 13:12:08 --> Session: Class initialized using 'CodeIgniter\Session\Handlers\FileHandler' driver.
INFO - 2026-05-11 13:13:11 --> Session: Class initialized using 'CodeIgniter\Session\Handlers\FileHandler' driver.
INFO - 2026-05-11 13:13:11 --> Session: Class initialized using 'CodeIgniter\Session\Handlers\FileHandler' driver.
INFO - 2026-05-11 13:14:23 --> Session: Class initialized using 'CodeIgniter\Session\Handlers\FileHandler' driver.
INFO - 2026-05-11 13:14:23 --> Session: Class initialized using 'CodeIgniter\Session\Handlers\FileHandler' driver.
INFO - 2026-05-11 13:14:24 --> Session: Class initialized using 'CodeIgniter\Session\Handlers\FileHandler' driver.
INFO - 2026-05-11 13:14:24 --> Session: Class initialized using 'CodeIgniter\Session\Handlers\FileHandler' driver.
INFO - 2026-05-11 13:14:24 --> Session: Class initialized using 'CodeIgniter\Session\Handlers\FileHandler' driver.
INFO - 2026-05-11 13:14:24 --> Session: Class initialized using 'CodeIgniter\Session\Handlers\FileHandler' driver.
INFO - 2026-05-11 13:14:24 --> Session: Class initialized using 'CodeIgniter\Session\Handlers\FileHandler' driver.
INFO - 2026-05-11 13:14:24 --> Session: Class initialized using 'CodeIgniter\Session\Handlers\FileHandler' driver.
INFO - 2026-05-11 13:14:24 --> Session: Class initialized using 'CodeIgniter\Session\Handlers\FileHandler' driver.
INFO - 2026-05-11 13:14:24 --> Session: Class initialized using 'CodeIgniter\Session\Handlers\FileHandler' driver.
INFO - 2026-05-11 13:14:24 --> Session: Class initialized using 'CodeIgniter\Session\Handlers\FileHandler' driver.
INFO - 2026-05-11 13:14:24 --> Session: Class initialized using 'CodeIgniter\Session\Handlers\FileHandler' driver.
INFO - 2026-05-11 13:14:24 --> Session: Class initialized using 'CodeIgniter\Session\Handlers\FileHandler' driver.
INFO - 2026-05-11 13:14:24 --> Session: Class initialized using 'CodeIgniter\Session\Handlers\FileHandler' driver.
INFO - 2026-05-11 13:14:24 --> Session: Class initialized using 'CodeIgniter\Session\Handlers\FileHandler' driver.
INFO - 2026-05-11 13:14:24 --> Session: Class initialized using 'CodeIgniter\Session\Handlers\FileHandler' driver.
INFO - 2026-05-11 13:14:24 --> Session: Class initialized using 'CodeIgniter\Session\Handlers\FileHandler' driver.
INFO - 2026-05-11 13:14:24 --> Session: Class initialized using 'CodeIgniter\Session\Handlers\FileHandler' driver.
INFO - 2026-05-11 13:14:24 --> Session: Class initialized using 'CodeIgniter\Session\Handlers\FileHandler' driver.
INFO - 2026-05-11 13:14:24 --> Session: Class initialized using 'CodeIgniter\Session\Handlers\FileHandler' driver.
INFO - 2026-05-11 13:14:24 --> Session: Class initialized using 'CodeIgniter\Session\Handlers\FileHandler' driver.
INFO - 2026-05-11 13:14:24 --> Session: Class initialized using 'CodeIgniter\Session\Handlers\FileHandler' driver.
INFO - 2026-05-11 13:14:25 --> Session: Class initialized using 'CodeIgniter\Session\Handlers\FileHandler' driver.
INFO - 2026-05-11 13:14:25 --> Session: Class initialized using 'CodeIgniter\Session\Handlers\FileHandler' driver.
INFO - 2026-05-11 13:14:25 --> Session: Class initialized using 'CodeIgniter\Session\Handlers\FileHandler' driver.
INFO - 2026-05-11 13:14:25 --> Session: Class initialized using 'CodeIgniter\Session\Handlers\FileHandler' driver.
INFO - 2026-05-11 13:14:25 --> Session: Class initialized using 'CodeIgniter\Session\Handlers\FileHandler' driver.
INFO - 2026-05-11 13:14:25 --> Session: Class initialized using 'CodeIgniter\Session\Handlers\FileHandler' driver.
INFO - 2026-05-11 13:14:25 --> Session: Class initialized using 'CodeIgniter\Session\Handlers\FileHandler' driver.
INFO - 2026-05-11 13:14:25 --> Session: Class initialized using 'CodeIgniter\Session\Handlers\FileHandler' driver.
INFO - 2026-05-11 13:14:25 --> Session: Class initialized using 'CodeIgniter\Session\Handlers\FileHandler' driver.
INFO - 2026-05-11 13:14:25 --> Session: Class initialized using 'CodeIgniter\Session\Handlers\FileHandler' driver.
INFO - 2026-05-11 13:14:25 --> Session: Class initialized using 'CodeIgniter\Session\Handlers\FileHandler' driver.
INFO - 2026-05-11 13:14:25 --> Session: Class initialized using 'CodeIgniter\Session\Handlers\FileHandler' driver.
INFO - 2026-05-11 13:14:25 --> Session: Class initialized using 'CodeIgniter\Session\Handlers\FileHandler' driver.
INFO - 2026-05-11 13:14:25 --> Session: Class initialized using 'CodeIgniter\Session\Handlers\FileHandler' driver.
INFO - 2026-05-11 13:14:25 --> Session: Class initialized using 'CodeIgniter\Session\Handlers\FileHandler' driver.
INFO - 2026-05-11 13:14:25 --> Session: Class initialized using 'CodeIgniter\Session\Handlers\FileHandler' driver.
INFO - 2026-05-11 13:14:25 --> Session: Class initialized using 'CodeIgniter\Session\Handlers\FileHandler' driver.
INFO - 2026-05-11 13:14:25 --> Session: Class initialized using 'CodeIgniter\Session\Handlers\FileHandler' driver.
INFO - 2026-05-11 13:14:25 --> Session: Class initialized using 'CodeIgniter\Session\Handlers\FileHandler' driver.
INFO - 2026-05-11 13:14:25 --> Session: Class initialized using 'CodeIgniter\Session\Handlers\FileHandler' driver.
INFO - 2026-05-11 13:14:25 --> Session: Class initialized using 'CodeIgniter\Session\Handlers\FileHandler' driver.
INFO - 2026-05-11 13:14:29 --> Session: Class initialized using 'CodeIgniter\Session\Handlers\FileHandler' driver.
INFO - 2026-05-11 13:14:30 --> Session: Class initialized using 'CodeIgniter\Session\Handlers\FileHandler' driver.
INFO - 2026-05-11 13:14:30 --> Session: Class initialized using 'CodeIgniter\Session\Handlers\FileHandler' driver.
INFO - 2026-05-11 13:14:30 --> Session: Class initialized using 'CodeIgniter\Session\Handlers\FileHandler' driver.
INFO - 2026-05-11 13:14:30 --> Session: Class initialized using 'CodeIgniter\Session\Handlers\FileHandler' driver.
INFO - 2026-05-11 13:14:30 --> Session: Class initialized using 'CodeIgniter\Session\Handlers\FileHandler' driver.
INFO - 2026-05-11 13:14:30 --> Session: Class initialized using 'CodeIgniter\Session\Handlers\FileHandler' driver.
INFO - 2026-05-11 13:14:30 --> Session: Class initialized using 'CodeIgniter\Session\Handlers\FileHandler' driver.
INFO - 2026-05-11 13:14:31 --> Session: Class initialized using 'CodeIgniter\Session\Handlers\FileHandler' driver.
INFO - 2026-05-11 13:14:31 --> Session: Class initialized using 'CodeIgniter\Session\Handlers\FileHandler' driver.
INFO - 2026-05-11 13:14:31 --> Session: Class initialized using 'CodeIgniter\Session\Handlers\FileHandler' driver.
INFO - 2026-05-11 13:14:31 --> Session: Class initialized using 'CodeIgniter\Session\Handlers\FileHandler' driver.
INFO - 2026-05-11 13:14:31 --> Session: Class initialized using 'CodeIgniter\Session\Handlers\FileHandler' driver.
INFO - 2026-05-11 13:14:31 --> Session: Class initialized using 'CodeIgniter\Session\Handlers\FileHandler' driver.
INFO - 2026-05-11 13:14:31 --> Session: Class initialized using 'CodeIgniter\Session\Handlers\FileHandler' driver.
INFO - 2026-05-11 13:14:31 --> Session: Class initialized using 'CodeIgniter\Session\Handlers\FileHandler' driver.
INFO - 2026-05-11 13:14:31 --> Session: Class initialized using 'CodeIgniter\Session\Handlers\FileHandler' driver.
INFO - 2026-05-11 13:14:31 --> Session: Class initialized using 'CodeIgniter\Session\Handlers\FileHandler' driver.
INFO - 2026-05-11 13:14:31 --> Session: Class initialized using 'CodeIgniter\Session\Handlers\FileHandler' driver.
INFO - 2026-05-11 13:14:37 --> Session: Class initialized using 'CodeIgniter\Session\Handlers\FileHandler' driver.
INFO - 2026-05-11 13:14:37 --> Session: Class initialized using 'CodeIgniter\Session\Handlers\FileHandler' driver.
INFO - 2026-05-11 13:14:42 --> Session: Class initialized using 'CodeIgniter\Session\Handlers\FileHandler' driver.
INFO - 2026-05-11 13:14:42 --> Session: Class initialized using 'CodeIgniter\Session\Handlers\FileHandler' driver.
INFO - 2026-05-11 13:14:47 --> Session: Class initialized using 'CodeIgniter\Session\Handlers\FileHandler' driver.
INFO - 2026-05-11 13:14:47 --> Session: Class initialized using 'CodeIgniter\Session\Handlers\FileHandler' driver.
INFO - 2026-05-11 13:15:54 --> Session: Class initialized using 'CodeIgniter\Session\Handlers\FileHandler' driver.
INFO - 2026-05-11 13:15:54 --> Session: Class initialized using 'CodeIgniter\Session\Handlers\FileHandler' driver.
INFO - 2026-05-11 13:16:03 --> Session: Class initialized using 'CodeIgniter\Session\Handlers\FileHandler' driver.
INFO - 2026-05-11 13:16:44 --> Session: Class initialized using 'CodeIgniter\Session\Handlers\FileHandler' driver.
INFO - 2026-05-11 13:16:44 --> Session: Class initialized using 'CodeIgniter\Session\Handlers\FileHandler' driver.
INFO - 2026-05-11 13:16:52 --> Session: Class initialized using 'CodeIgniter\Session\Handlers\FileHandler' driver.
INFO - 2026-05-11 13:16:53 --> Session: Class initialized using 'CodeIgniter\Session\Handlers\FileHandler' driver.
INFO - 2026-05-11 13:16:53 --> Session: Class initialized using 'CodeIgniter\Session\Handlers\FileHandler' driver.
INFO - 2026-05-11 13:16:54 --> Session: Class initialized using 'CodeIgniter\Session\Handlers\FileHandler' driver.
INFO - 2026-05-11 13:16:54 --> Session: Class initialized using 'CodeIgniter\Session\Handlers\FileHandler' driver.
INFO - 2026-05-11 13:16:54 --> Session: Class initialized using 'CodeIgniter\Session\Handlers\FileHandler' driver.
INFO - 2026-05-11 13:16:54 --> Session: Class initialized using 'CodeIgniter\Session\Handlers\FileHandler' driver.
INFO - 2026-05-11 13:16:54 --> Session: Class initialized using 'CodeIgniter\Session\Handlers\FileHandler' driver.
INFO - 2026-05-11 13:16:54 --> Session: Class initialized using 'CodeIgniter\Session\Handlers\FileHandler' driver.
INFO - 2026-05-11 13:16:54 --> Session: Class initialized using 'CodeIgniter\Session\Handlers\FileHandler' driver.
INFO - 2026-05-11 13:16:54 --> Session: Class initialized using 'CodeIgniter\Session\Handlers\FileHandler' driver.
INFO - 2026-05-11 13:16:54 --> Session: Class initialized using 'CodeIgniter\Session\Handlers\FileHandler' driver.
INFO - 2026-05-11 13:16:54 --> Session: Class initialized using 'CodeIgniter\Session\Handlers\FileHandler' driver.
INFO - 2026-05-11 13:16:54 --> Session: Class initialized using 'CodeIgniter\Session\Handlers\FileHandler' driver.
INFO - 2026-05-11 13:16:54 --> Session: Class initialized using 'CodeIgniter\Session\Handlers\FileHandler' driver.
INFO - 2026-05-11 13:16:54 --> Session: Class initialized using 'CodeIgniter\Session\Handlers\FileHandler' driver.
INFO - 2026-05-11 13:16:54 --> Session: Class initialized using 'CodeIgniter\Session\Handlers\FileHandler' driver.
INFO - 2026-05-11 13:16:55 --> Session: Class initialized using 'CodeIgniter\Session\Handlers\FileHandler' driver.
INFO - 2026-05-11 13:16:55 --> Session: Class initialized using 'CodeIgniter\Session\Handlers\FileHandler' driver.
INFO - 2026-05-11 13:16:55 --> Session: Class initialized using 'CodeIgniter\Session\Handlers\FileHandler' driver.
INFO - 2026-05-11 13:16:55 --> Session: Class initialized using 'CodeIgniter\Session\Handlers\FileHandler' driver.
INFO - 2026-05-11 13:16:55 --> Session: Class initialized using 'CodeIgniter\Session\Handlers\FileHandler' driver.
INFO - 2026-05-11 13:16:55 --> Session: Class initialized using 'CodeIgniter\Session\Handlers\FileHandler' driver.
INFO - 2026-05-11 13:16:55 --> Session: Class initialized using 'CodeIgniter\Session\Handlers\FileHandler' driver.
INFO - 2026-05-11 13:16:55 --> Session: Class initialized using 'CodeIgniter\Session\Handlers\FileHandler' driver.
INFO - 2026-05-11 13:16:55 --> Session: Class initialized using 'CodeIgniter\Session\Handlers\FileHandler' driver.
INFO - 2026-05-11 13:16:55 --> Session: Class initialized using 'CodeIgniter\Session\Handlers\FileHandler' driver.
INFO - 2026-05-11 13:16:55 --> Session: Class initialized using 'CodeIgniter\Session\Handlers\FileHandler' driver.
INFO - 2026-05-11 13:16:55 --> Session: Class initialized using 'CodeIgniter\Session\Handlers\FileHandler' driver.
INFO - 2026-05-11 13:16:55 --> Session: Class initialized using 'CodeIgniter\Session\Handlers\FileHandler' driver.
INFO - 2026-05-11 13:16:56 --> Session: Class initialized using 'CodeIgniter\Session\Handlers\FileHandler' driver.
INFO - 2026-05-11 13:16:56 --> Session: Class initialized using 'CodeIgniter\Session\Handlers\FileHandler' driver.
INFO - 2026-05-11 13:16:56 --> Session: Class initialized using 'CodeIgniter\Session\Handlers\FileHandler' driver.
INFO - 2026-05-11 13:16:56 --> Session: Class initialized using 'CodeIgniter\Session\Handlers\FileHandler' driver.
INFO - 2026-05-11 13:16:56 --> Session: Class initialized using 'CodeIgniter\Session\Handlers\FileHandler' driver.
INFO - 2026-05-11 13:16:56 --> Session: Class initialized using 'CodeIgniter\Session\Handlers\FileHandler' driver.
INFO - 2026-05-11 13:16:56 --> Session: Class initialized using 'CodeIgniter\Session\Handlers\FileHandler' driver.
INFO - 2026-05-11 13:16:56 --> Session: Class initialized using 'CodeIgniter\Session\Handlers\FileHandler' driver.
INFO - 2026-05-11 13:16:56 --> Session: Class initialized using 'CodeIgniter\Session\Handlers\FileHandler' driver.
INFO - 2026-05-11 13:16:56 --> Session: Class initialized using 'CodeIgniter\Session\Handlers\FileHandler' driver.
INFO - 2026-05-11 13:16:56 --> Session: Class initialized using 'CodeIgniter\Session\Handlers\FileHandler' driver.
INFO - 2026-05-11 13:16:56 --> Session: Class initialized using 'CodeIgniter\Session\Handlers\FileHandler' driver.
INFO - 2026-05-11 13:16:56 --> Session: Class initialized using 'CodeIgniter\Session\Handlers\FileHandler' driver.
INFO - 2026-05-11 13:17:12 --> Session: Class initialized using 'CodeIgniter\Session\Handlers\FileHandler' driver.
INFO - 2026-05-11 13:17:13 --> Session: Class initialized using 'CodeIgniter\Session\Handlers\FileHandler' driver.
INFO - 2026-05-11 13:17:18 --> Session: Class initialized using 'CodeIgniter\Session\Handlers\FileHandler' driver.
INFO - 2026-05-11 13:17:19 --> Session: Class initialized using 'CodeIgniter\Session\Handlers\FileHandler' driver.
INFO - 2026-05-11 13:17:31 --> Session: Class initialized using 'CodeIgniter\Session\Handlers\FileHandler' driver.
INFO - 2026-05-11 13:17:32 --> Session: Class initialized using 'CodeIgniter\Session\Handlers\FileHandler' driver.
INFO - 2026-05-11 13:17:38 --> Session: Class initialized using 'CodeIgniter\Session\Handlers\FileHandler' driver.
INFO - 2026-05-11 13:17:38 --> Session: Class initialized using 'CodeIgniter\Session\Handlers\FileHandler' driver.
INFO - 2026-05-11 13:17:41 --> Session: Class initialized using 'CodeIgniter\Session\Handlers\FileHandler' driver.
INFO - 2026-05-11 13:17:41 --> Session: Class initialized using 'CodeIgniter\Session\Handlers\FileHandler' driver.
INFO - 2026-05-11 13:17:47 --> Session: Class initialized using 'CodeIgniter\Session\Handlers\FileHandler' driver.
INFO - 2026-05-11 13:17:47 --> Session: Class initialized using 'CodeIgniter\Session\Handlers\FileHandler' driver.
INFO - 2026-05-11 13:17:52 --> Session: Class initialized using 'CodeIgniter\Session\Handlers\FileHandler' driver.
INFO - 2026-05-11 13:17:52 --> Session: Class initialized using 'CodeIgniter\Session\Handlers\FileHandler' driver.
INFO - 2026-05-11 13:19:41 --> Session: Class initialized using 'CodeIgniter\Session\Handlers\FileHandler' driver.
INFO - 2026-05-11 13:19:41 --> Session: Class initialized using 'CodeIgniter\Session\Handlers\FileHandler' driver.
INFO - 2026-05-11 13:19:42 --> Session: Class initialized using 'CodeIgniter\Session\Handlers\FileHandler' driver.
INFO - 2026-05-11 13:19:42 --> Session: Class initialized using 'CodeIgniter\Session\Handlers\FileHandler' driver.
INFO - 2026-05-11 13:19:42 --> Session: Class initialized using 'CodeIgniter\Session\Handlers\FileHandler' driver.
INFO - 2026-05-11 13:19:42 --> Session: Class initialized using 'CodeIgniter\Session\Handlers\FileHandler' driver.
INFO - 2026-05-11 13:19:42 --> Session: Class initialized using 'CodeIgniter\Session\Handlers\FileHandler' driver.
INFO - 2026-05-11 13:19:42 --> Session: Class initialized using 'CodeIgniter\Session\Handlers\FileHandler' driver.
INFO - 2026-05-11 13:19:42 --> Session: Class initialized using 'CodeIgniter\Session\Handlers\FileHandler' driver.
INFO - 2026-05-11 13:19:42 --> Session: Class initialized using 'CodeIgniter\Session\Handlers\FileHandler' driver.
INFO - 2026-05-11 13:19:42 --> Session: Class initialized using 'CodeIgniter\Session\Handlers\FileHandler' driver.
INFO - 2026-05-11 13:19:42 --> Session: Class initialized using 'CodeIgniter\Session\Handlers\FileHandler' driver.
INFO - 2026-05-11 13:19:42 --> Session: Class initialized using 'CodeIgniter\Session\Handlers\FileHandler' driver.
INFO - 2026-05-11 13:19:42 --> Session: Class initialized using 'CodeIgniter\Session\Handlers\FileHandler' driver.
INFO - 2026-05-11 13:19:42 --> Session: Class initialized using 'CodeIgniter\Session\Handlers\FileHandler' driver.
INFO - 2026-05-11 13:19:42 --> Session: Class initialized using 'CodeIgniter\Session\Handlers\FileHandler' driver.
INFO - 2026-05-11 13:19:42 --> Session: Class initialized using 'CodeIgniter\Session\Handlers\FileHandler' driver.
INFO - 2026-05-11 13:19:42 --> Session: Class initialized using 'CodeIgniter\Session\Handlers\FileHandler' driver.
INFO - 2026-05-11 13:19:42 --> Session: Class initialized using 'CodeIgniter\Session\Handlers\FileHandler' driver.
INFO - 2026-05-11 13:19:42 --> Session: Class initialized using 'CodeIgniter\Session\Handlers\FileHandler' driver.
INFO - 2026-05-11 13:19:42 --> Session: Class initialized using 'CodeIgniter\Session\Handlers\FileHandler' driver.
INFO - 2026-05-11 13:19:42 --> Session: Class initialized using 'CodeIgniter\Session\Handlers\FileHandler' driver.
INFO - 2026-05-11 13:19:50 --> Session: Class initialized using 'CodeIgniter\Session\Handlers\FileHandler' driver.
INFO - 2026-05-11 13:19:50 --> Session: Class initialized using 'CodeIgniter\Session\Handlers\FileHandler' driver.
INFO - 2026-05-11 13:19:50 --> Session: Class initialized using 'CodeIgniter\Session\Handlers\FileHandler' driver.
INFO - 2026-05-11 13:19:50 --> Session: Class initialized using 'CodeIgniter\Session\Handlers\FileHandler' driver.
INFO - 2026-05-11 13:19:50 --> Session: Class initialized using 'CodeIgniter\Session\Handlers\FileHandler' driver.
INFO - 2026-05-11 13:19:50 --> Session: Class initialized using 'CodeIgniter\Session\Handlers\FileHandler' driver.
INFO - 2026-05-11 13:19:50 --> Session: Class initialized using 'CodeIgniter\Session\Handlers\FileHandler' driver.
INFO - 2026-05-11 13:19:50 --> Session: Class initialized using 'CodeIgniter\Session\Handlers\FileHandler' driver.
INFO - 2026-05-11 13:19:50 --> Session: Class initialized using 'CodeIgniter\Session\Handlers\FileHandler' driver.
INFO - 2026-05-11 13:19:50 --> Session: Class initialized using 'CodeIgniter\Session\Handlers\FileHandler' driver.
INFO - 2026-05-11 13:20:06 --> Session: Class initialized using 'CodeIgniter\Session\Handlers\FileHandler' driver.
INFO - 2026-05-11 13:20:06 --> Session: Class initialized using 'CodeIgniter\Session\Handlers\FileHandler' driver.
INFO - 2026-05-11 13:20:06 --> Session: Class initialized using 'CodeIgniter\Session\Handlers\FileHandler' driver.
INFO - 2026-05-11 13:20:06 --> Session: Class initialized using 'CodeIgniter\Session\Handlers\FileHandler' driver.
INFO - 2026-05-11 13:20:06 --> Session: Class initialized using 'CodeIgniter\Session\Handlers\FileHandler' driver.
INFO - 2026-05-11 13:20:06 --> Session: Class initialized using 'CodeIgniter\Session\Handlers\FileHandler' driver.
INFO - 2026-05-11 13:20:06 --> Session: Class initialized using 'CodeIgniter\Session\Handlers\FileHandler' driver.
INFO - 2026-05-11 13:20:06 --> Session: Class initialized using 'CodeIgniter\Session\Handlers\FileHandler' driver.
INFO - 2026-05-11 13:20:06 --> Session: Class initialized using 'CodeIgniter\Session\Handlers\FileHandler' driver.
INFO - 2026-05-11 13:20:06 --> Session: Class initialized using 'CodeIgniter\Session\Handlers\FileHandler' driver.
INFO - 2026-05-11 13:20:08 --> Session: Class initialized using 'CodeIgniter\Session\Handlers\FileHandler' driver.
INFO - 2026-05-11 13:20:08 --> Session: Class initialized using 'CodeIgniter\Session\Handlers\FileHandler' driver.
INFO - 2026-05-11 13:20:09 --> Session: Class initialized using 'CodeIgniter\Session\Handlers\FileHandler' driver.
INFO - 2026-05-11 13:20:14 --> Session: Class initialized using 'CodeIgniter\Session\Handlers\FileHandler' driver.
INFO - 2026-05-11 13:20:15 --> Session: Class initialized using 'CodeIgniter\Session\Handlers\FileHandler' driver.
INFO - 2026-05-11 13:20:41 --> Session: Class initialized using 'CodeIgniter\Session\Handlers\FileHandler' driver.
INFO - 2026-05-11 13:20:41 --> Session: Class initialized using 'CodeIgniter\Session\Handlers\FileHandler' driver.
INFO - 2026-05-11 13:20:48 --> Session: Class initialized using 'CodeIgniter\Session\Handlers\FileHandler' driver.
INFO - 2026-05-11 13:20:48 --> Session: Class initialized using 'CodeIgniter\Session\Handlers\FileHandler' driver.
INFO - 2026-05-11 13:22:05 --> Session: Class initialized using 'CodeIgniter\Session\Handlers\FileHandler' driver.
INFO - 2026-05-11 13:22:06 --> Session: Class initialized using 'CodeIgniter\Session\Handlers\FileHandler' driver.
INFO - 2026-05-11 13:22:40 --> Session: Class initialized using 'CodeIgniter\Session\Handlers\FileHandler' driver.
INFO - 2026-05-11 13:22:41 --> Session: Class initialized using 'CodeIgniter\Session\Handlers\FileHandler' driver.
INFO - 2026-05-11 13:23:04 --> Session: Class initialized using 'CodeIgniter\Session\Handlers\FileHandler' driver.
INFO - 2026-05-11 13:23:04 --> Session: Class initialized using 'CodeIgniter\Session\Handlers\FileHandler' driver.
INFO - 2026-05-11 13:23:23 --> Session: Class initialized using 'CodeIgniter\Session\Handlers\FileHandler' driver.
INFO - 2026-05-11 13:23:23 --> Session: Class initialized using 'CodeIgniter\Session\Handlers\FileHandler' driver.
INFO - 2026-05-11 13:24:04 --> Session: Class initialized using 'CodeIgniter\Session\Handlers\FileHandler' driver.
INFO - 2026-05-11 13:24:05 --> Session: Class initialized using 'CodeIgniter\Session\Handlers\FileHandler' driver.
INFO - 2026-05-11 13:24:05 --> Session: Class initialized using 'CodeIgniter\Session\Handlers\FileHandler' driver.
INFO - 2026-05-11 13:24:05 --> Session: Class initialized using 'CodeIgniter\Session\Handlers\FileHandler' driver.
INFO - 2026-05-11 13:24:05 --> Session: Class initialized using 'CodeIgniter\Session\Handlers\FileHandler' driver.
INFO - 2026-05-11 13:24:05 --> Session: Class initialized using 'CodeIgniter\Session\Handlers\FileHandler' driver.
INFO - 2026-05-11 13:24:05 --> Session: Class initialized using 'CodeIgniter\Session\Handlers\FileHandler' driver.
INFO - 2026-05-11 13:24:05 --> Session: Class initialized using 'CodeIgniter\Session\Handlers\FileHandler' driver.
INFO - 2026-05-11 13:24:05 --> Session: Class initialized using 'CodeIgniter\Session\Handlers\FileHandler' driver.
INFO - 2026-05-11 13:24:05 --> Session: Class initialized using 'CodeIgniter\Session\Handlers\FileHandler' driver.
INFO - 2026-05-11 13:24:05 --> Session: Class initialized using 'CodeIgniter\Session\Handlers\FileHandler' driver.
INFO - 2026-05-11 13:24:05 --> Session: Class initialized using 'CodeIgniter\Session\Handlers\FileHandler' driver.
INFO - 2026-05-11 13:24:05 --> Session: Class initialized using 'CodeIgniter\Session\Handlers\FileHandler' driver.
INFO - 2026-05-11 13:24:05 --> Session: Class initialized using 'CodeIgniter\Session\Handlers\FileHandler' driver.
INFO - 2026-05-11 13:24:05 --> Session: Class initialized using 'CodeIgniter\Session\Handlers\FileHandler' driver.
INFO - 2026-05-11 13:24:05 --> Session: Class initialized using 'CodeIgniter\Session\Handlers\FileHandler' driver.
INFO - 2026-05-11 13:24:05 --> Session: Class initialized using 'CodeIgniter\Session\Handlers\FileHandler' driver.
INFO - 2026-05-11 13:24:05 --> Session: Class initialized using 'CodeIgniter\Session\Handlers\FileHandler' driver.
INFO - 2026-05-11 13:24:05 --> Session: Class initialized using 'CodeIgniter\Session\Handlers\FileHandler' driver.
INFO - 2026-05-11 13:24:12 --> Session: Class initialized using 'CodeIgniter\Session\Handlers\FileHandler' driver.
INFO - 2026-05-11 13:24:13 --> Session: Class initialized using 'CodeIgniter\Session\Handlers\FileHandler' driver.
INFO - 2026-05-11 13:24:16 --> Session: Class initialized using 'CodeIgniter\Session\Handlers\FileHandler' driver.
INFO - 2026-05-11 13:24:16 --> Session: Class initialized using 'CodeIgniter\Session\Handlers\FileHandler' driver.
INFO - 2026-05-11 13:24:18 --> Session: Class initialized using 'CodeIgniter\Session\Handlers\FileHandler' driver.
INFO - 2026-05-11 13:24:19 --> Session: Class initialized using 'CodeIgniter\Session\Handlers\FileHandler' driver.
INFO - 2026-05-11 13:24:21 --> Session: Class initialized using 'CodeIgniter\Session\Handlers\FileHandler' driver.
INFO - 2026-05-11 13:24:22 --> Session: Class initialized using 'CodeIgniter\Session\Handlers\FileHandler' driver.
INFO - 2026-05-11 13:24:29 --> Session: Class initialized using 'CodeIgniter\Session\Handlers\FileHandler' driver.
INFO - 2026-05-11 13:24:30 --> Session: Class initialized using 'CodeIgniter\Session\Handlers\FileHandler' driver.
INFO - 2026-05-11 13:24:35 --> Session: Class initialized using 'CodeIgniter\Session\Handlers\FileHandler' driver.
INFO - 2026-05-11 13:24:35 --> Session: Class initialized using 'CodeIgniter\Session\Handlers\FileHandler' driver.
INFO - 2026-05-11 13:24:40 --> Session: Class initialized using 'CodeIgniter\Session\Handlers\FileHandler' driver.
INFO - 2026-05-11 13:24:40 --> Session: Class initialized using 'CodeIgniter\Session\Handlers\FileHandler' driver.
INFO - 2026-05-11 13:25:53 --> Session: Class initialized using 'CodeIgniter\Session\Handlers\FileHandler' driver.
INFO - 2026-05-11 13:25:53 --> Session: Class initialized using 'CodeIgniter\Session\Handlers\FileHandler' driver.
INFO - 2026-05-11 13:25:57 --> Session: Class initialized using 'CodeIgniter\Session\Handlers\FileHandler' driver.
INFO - 2026-05-11 13:25:58 --> Session: Class initialized using 'CodeIgniter\Session\Handlers\FileHandler' driver.
INFO - 2026-05-11 13:25:58 --> Session: Class initialized using 'CodeIgniter\Session\Handlers\FileHandler' driver.
WARNING - 2026-05-11 13:25:58 --> [DEPRECATED] error_log(): Passing null to parameter #1 ($message) of type string is deprecated in APPPATH\Controllers\Admin.php on line 170.
 1 APPPATH\Controllers\Admin.php(170): error_log(null)
 2 SYSTEMPATH\CodeIgniter.php(934): App\Controllers\Admin->getRecentNews()
 3 SYSTEMPATH\CodeIgniter.php(499): CodeIgniter\CodeIgniter->runController(Object(App\Controllers\Admin))
 4 SYSTEMPATH\CodeIgniter.php(368): CodeIgniter\CodeIgniter->handleRequest(null, Object(Config\Cache), false)
 5 FCPATH\index.php(67): CodeIgniter\CodeIgniter->run()
INFO - 2026-05-11 13:25:58 --> Session: Class initialized using 'CodeIgniter\Session\Handlers\FileHandler' driver.
WARNING - 2026-05-11 13:25:59 --> [DEPRECATED] error_log(): Passing null to parameter #1 ($message) of type string is deprecated in APPPATH\Controllers\Admin.php on line 203.
 1 APPPATH\Controllers\Admin.php(203): error_log(null)
 2 SYSTEMPATH\CodeIgniter.php(934): App\Controllers\Admin->getRecentAnns()
 3 SYSTEMPATH\CodeIgniter.php(499): CodeIgniter\CodeIgniter->runController(Object(App\Controllers\Admin))
 4 SYSTEMPATH\CodeIgniter.php(368): CodeIgniter\CodeIgniter->handleRequest(null, Object(Config\Cache), false)
 5 FCPATH\index.php(67): CodeIgniter\CodeIgniter->run()
INFO - 2026-05-11 13:25:59 --> Session: Class initialized using 'CodeIgniter\Session\Handlers\FileHandler' driver.
INFO - 2026-05-11 13:26:00 --> Session: Class initialized using 'CodeIgniter\Session\Handlers\FileHandler' driver.
INFO - 2026-05-11 13:26:11 --> Session: Class initialized using 'CodeIgniter\Session\Handlers\FileHandler' driver.
INFO - 2026-05-11 13:26:24 --> Session: Class initialized using 'CodeIgniter\Session\Handlers\FileHandler' driver.
INFO - 2026-05-11 13:26:28 --> Session: Class initialized using 'CodeIgniter\Session\Handlers\FileHandler' driver.
INFO - 2026-05-11 13:26:30 --> Session: Class initialized using 'CodeIgniter\Session\Handlers\FileHandler' driver.
INFO - 2026-05-11 13:26:32 --> Session: Class initialized using 'CodeIgniter\Session\Handlers\FileHandler' driver.
INFO - 2026-05-11 13:27:39 --> Session: Class initialized using 'CodeIgniter\Session\Handlers\FileHandler' driver.
INFO - 2026-05-11 13:27:39 --> Session: Class initialized using 'CodeIgniter\Session\Handlers\FileHandler' driver.
INFO - 2026-05-11 13:27:45 --> Session: Class initialized using 'CodeIgniter\Session\Handlers\FileHandler' driver.
INFO - 2026-05-11 13:27:46 --> Session: Class initialized using 'CodeIgniter\Session\Handlers\FileHandler' driver.
INFO - 2026-05-11 13:27:47 --> Session: Class initialized using 'CodeIgniter\Session\Handlers\FileHandler' driver.
WARNING - 2026-05-11 13:27:47 --> [DEPRECATED] error_log(): Passing null to parameter #1 ($message) of type string is deprecated in APPPATH\Controllers\Admin.php on line 170.
 1 APPPATH\Controllers\Admin.php(170): error_log(null)
 2 SYSTEMPATH\CodeIgniter.php(934): App\Controllers\Admin->getRecentNews()
 3 SYSTEMPATH\CodeIgniter.php(499): CodeIgniter\CodeIgniter->runController(Object(App\Controllers\Admin))
 4 SYSTEMPATH\CodeIgniter.php(368): CodeIgniter\CodeIgniter->handleRequest(null, Object(Config\Cache), false)
 5 FCPATH\index.php(67): CodeIgniter\CodeIgniter->run()
INFO - 2026-05-11 13:27:47 --> Session: Class initialized using 'CodeIgniter\Session\Handlers\FileHandler' driver.
WARNING - 2026-05-11 13:27:47 --> [DEPRECATED] error_log(): Passing null to parameter #1 ($message) of type string is deprecated in APPPATH\Controllers\Admin.php on line 203.
 1 APPPATH\Controllers\Admin.php(203): error_log(null)
 2 SYSTEMPATH\CodeIgniter.php(934): App\Controllers\Admin->getRecentAnns()
 3 SYSTEMPATH\CodeIgniter.php(499): CodeIgniter\CodeIgniter->runController(Object(App\Controllers\Admin))
 4 SYSTEMPATH\CodeIgniter.php(368): CodeIgniter\CodeIgniter->handleRequest(null, Object(Config\Cache), false)
 5 FCPATH\index.php(67): CodeIgniter\CodeIgniter->run()
INFO - 2026-05-11 13:27:48 --> Session: Class initialized using 'CodeIgniter\Session\Handlers\FileHandler' driver.
INFO - 2026-05-11 13:27:49 --> Session: Class initialized using 'CodeIgniter\Session\Handlers\FileHandler' driver.
INFO - 2026-05-11 13:27:51 --> Session: Class initialized using 'CodeIgniter\Session\Handlers\FileHandler' driver.
INFO - 2026-05-11 13:27:51 --> Session: Class initialized using 'CodeIgniter\Session\Handlers\FileHandler' driver.
INFO - 2026-05-11 13:27:57 --> Session: Class initialized using 'CodeIgniter\Session\Handlers\FileHandler' driver.
INFO - 2026-05-11 13:27:58 --> Session: Class initialized using 'CodeIgniter\Session\Handlers\FileHandler' driver.
INFO - 2026-05-11 13:28:05 --> Session: Class initialized using 'CodeIgniter\Session\Handlers\FileHandler' driver.
INFO - 2026-05-11 13:28:05 --> Session: Class initialized using 'CodeIgniter\Session\Handlers\FileHandler' driver.
INFO - 2026-05-11 13:29:39 --> Session: Class initialized using 'CodeIgniter\Session\Handlers\FileHandler' driver.
INFO - 2026-05-11 13:29:47 --> Session: Class initialized using 'CodeIgniter\Session\Handlers\FileHandler' driver.
INFO - 2026-05-11 13:29:52 --> Session: Class initialized using 'CodeIgniter\Session\Handlers\FileHandler' driver.
INFO - 2026-05-11 13:29:56 --> Session: Class initialized using 'CodeIgniter\Session\Handlers\FileHandler' driver.
INFO - 2026-05-11 13:30:20 --> Session: Class initialized using 'CodeIgniter\Session\Handlers\FileHandler' driver.
INFO - 2026-05-11 13:30:22 --> Session: Class initialized using 'CodeIgniter\Session\Handlers\FileHandler' driver.
INFO - 2026-05-11 13:30:35 --> Session: Class initialized using 'CodeIgniter\Session\Handlers\FileHandler' driver.
INFO - 2026-05-11 13:30:44 --> Session: Class initialized using 'CodeIgniter\Session\Handlers\FileHandler' driver.
INFO - 2026-05-11 13:30:54 --> Session: Class initialized using 'CodeIgniter\Session\Handlers\FileHandler' driver.
INFO - 2026-05-11 13:30:57 --> Session: Class initialized using 'CodeIgniter\Session\Handlers\FileHandler' driver.
INFO - 2026-05-11 13:31:21 --> Session: Class initialized using 'CodeIgniter\Session\Handlers\FileHandler' driver.
INFO - 2026-05-11 13:41:05 --> Session: Class initialized using 'CodeIgniter\Session\Handlers\FileHandler' driver.
INFO - 2026-05-11 13:41:06 --> Session: Class initialized using 'CodeIgniter\Session\Handlers\FileHandler' driver.
INFO - 2026-05-11 13:41:12 --> Session: Class initialized using 'CodeIgniter\Session\Handlers\FileHandler' driver.
INFO - 2026-05-11 13:41:12 --> Session: Class initialized using 'CodeIgniter\Session\Handlers\FileHandler' driver.
INFO - 2026-05-11 13:41:13 --> Session: Class initialized using 'CodeIgniter\Session\Handlers\FileHandler' driver.
INFO - 2026-05-11 13:41:13 --> Session: Class initialized using 'CodeIgniter\Session\Handlers\FileHandler' driver.
INFO - 2026-05-11 13:41:13 --> Session: Class initialized using 'CodeIgniter\Session\Handlers\FileHandler' driver.
INFO - 2026-05-11 13:41:13 --> Session: Class initialized using 'CodeIgniter\Session\Handlers\FileHandler' driver.
INFO - 2026-05-11 13:41:13 --> Session: Class initialized using 'CodeIgniter\Session\Handlers\FileHandler' driver.
INFO - 2026-05-11 13:41:13 --> Session: Class initialized using 'CodeIgniter\Session\Handlers\FileHandler' driver.
INFO - 2026-05-11 13:41:13 --> Session: Class initialized using 'CodeIgniter\Session\Handlers\FileHandler' driver.
INFO - 2026-05-11 13:41:13 --> Session: Class initialized using 'CodeIgniter\Session\Handlers\FileHandler' driver.
INFO - 2026-05-11 13:41:13 --> Session: Class initialized using 'CodeIgniter\Session\Handlers\FileHandler' driver.
INFO - 2026-05-11 13:41:13 --> Session: Class initialized using 'CodeIgniter\Session\Handlers\FileHandler' driver.
INFO - 2026-05-11 13:41:13 --> Session: Class initialized using 'CodeIgniter\Session\Handlers\FileHandler' driver.
INFO - 2026-05-11 13:41:13 --> Session: Class initialized using 'CodeIgniter\Session\Handlers\FileHandler' driver.
INFO - 2026-05-11 13:41:13 --> Session: Class initialized using 'CodeIgniter\Session\Handlers\FileHandler' driver.
INFO - 2026-05-11 13:41:13 --> Session: Class initialized using 'CodeIgniter\Session\Handlers\FileHandler' driver.
INFO - 2026-05-11 13:41:13 --> Session: Class initialized using 'CodeIgniter\Session\Handlers\FileHandler' driver.
INFO - 2026-05-11 13:41:13 --> Session: Class initialized using 'CodeIgniter\Session\Handlers\FileHandler' driver.
INFO - 2026-05-11 13:41:13 --> Session: Class initialized using 'CodeIgniter\Session\Handlers\FileHandler' driver.
INFO - 2026-05-11 13:41:13 --> Session: Class initialized using 'CodeIgniter\Session\Handlers\FileHandler' driver.
INFO - 2026-05-11 13:41:13 --> Session: Class initialized using 'CodeIgniter\Session\Handlers\FileHandler' driver.
INFO - 2026-05-11 13:41:13 --> Session: Class initialized using 'CodeIgniter\Session\Handlers\FileHandler' driver.
INFO - 2026-05-11 13:41:20 --> Session: Class initialized using 'CodeIgniter\Session\Handlers\FileHandler' driver.
INFO - 2026-05-11 13:41:20 --> Session: Class initialized using 'CodeIgniter\Session\Handlers\FileHandler' driver.
INFO - 2026-05-11 13:41:21 --> Session: Class initialized using 'CodeIgniter\Session\Handlers\FileHandler' driver.
INFO - 2026-05-11 13:41:21 --> Session: Class initialized using 'CodeIgniter\Session\Handlers\FileHandler' driver.
INFO - 2026-05-11 13:41:21 --> Session: Class initialized using 'CodeIgniter\Session\Handlers\FileHandler' driver.
INFO - 2026-05-11 13:41:21 --> Session: Class initialized using 'CodeIgniter\Session\Handlers\FileHandler' driver.
INFO - 2026-05-11 13:41:21 --> Session: Class initialized using 'CodeIgniter\Session\Handlers\FileHandler' driver.
INFO - 2026-05-11 13:41:21 --> Session: Class initialized using 'CodeIgniter\Session\Handlers\FileHandler' driver.
INFO - 2026-05-11 13:41:21 --> Session: Class initialized using 'CodeIgniter\Session\Handlers\FileHandler' driver.
INFO - 2026-05-11 13:41:21 --> Session: Class initialized using 'CodeIgniter\Session\Handlers\FileHandler' driver.
INFO - 2026-05-11 13:41:21 --> Session: Class initialized using 'CodeIgniter\Session\Handlers\FileHandler' driver.
INFO - 2026-05-11 13:41:21 --> Session: Class initialized using 'CodeIgniter\Session\Handlers\FileHandler' driver.
INFO - 2026-05-11 13:41:21 --> Session: Class initialized using 'CodeIgniter\Session\Handlers\FileHandler' driver.
INFO - 2026-05-11 13:41:21 --> Session: Class initialized using 'CodeIgniter\Session\Handlers\FileHandler' driver.
INFO - 2026-05-11 13:41:21 --> Session: Class initialized using 'CodeIgniter\Session\Handlers\FileHandler' driver.
INFO - 2026-05-11 13:41:21 --> Session: Class initialized using 'CodeIgniter\Session\Handlers\FileHandler' driver.
INFO - 2026-05-11 13:41:21 --> Session: Class initialized using 'CodeIgniter\Session\Handlers\FileHandler' driver.
INFO - 2026-05-11 13:41:21 --> Session: Class initialized using 'CodeIgniter\Session\Handlers\FileHandler' driver.
INFO - 2026-05-11 13:41:21 --> Session: Class initialized using 'CodeIgniter\Session\Handlers\FileHandler' driver.
INFO - 2026-05-11 13:41:21 --> Session: Class initialized using 'CodeIgniter\Session\Handlers\FileHandler' driver.
INFO - 2026-05-11 13:41:21 --> Session: Class initialized using 'CodeIgniter\Session\Handlers\FileHandler' driver.
INFO - 2026-05-11 13:41:22 --> Session: Class initialized using 'CodeIgniter\Session\Handlers\FileHandler' driver.
INFO - 2026-05-11 13:49:43 --> Session: Class initialized using 'CodeIgniter\Session\Handlers\FileHandler' driver.
INFO - 2026-05-11 13:49:44 --> Session: Class initialized using 'CodeIgniter\Session\Handlers\FileHandler' driver.
INFO - 2026-05-11 13:49:45 --> Session: Class initialized using 'CodeIgniter\Session\Handlers\FileHandler' driver.
INFO - 2026-05-11 13:51:21 --> Session: Class initialized using 'CodeIgniter\Session\Handlers\FileHandler' driver.
INFO - 2026-05-11 13:51:22 --> Session: Class initialized using 'CodeIgniter\Session\Handlers\FileHandler' driver.
INFO - 2026-05-11 13:51:22 --> Session: Class initialized using 'CodeIgniter\Session\Handlers\FileHandler' driver.
INFO - 2026-05-11 13:51:22 --> Session: Class initialized using 'CodeIgniter\Session\Handlers\FileHandler' driver.
INFO - 2026-05-11 13:51:22 --> Session: Class initialized using 'CodeIgniter\Session\Handlers\FileHandler' driver.
INFO - 2026-05-11 13:51:22 --> Session: Class initialized using 'CodeIgniter\Session\Handlers\FileHandler' driver.
INFO - 2026-05-11 13:51:22 --> Session: Class initialized using 'CodeIgniter\Session\Handlers\FileHandler' driver.
INFO - 2026-05-11 13:51:22 --> Session: Class initialized using 'CodeIgniter\Session\Handlers\FileHandler' driver.
INFO - 2026-05-11 13:51:23 --> Session: Class initialized using 'CodeIgniter\Session\Handlers\FileHandler' driver.
INFO - 2026-05-11 13:51:23 --> Session: Class initialized using 'CodeIgniter\Session\Handlers\FileHandler' driver.
INFO - 2026-05-11 13:51:23 --> Session: Class initialized using 'CodeIgniter\Session\Handlers\FileHandler' driver.
INFO - 2026-05-11 13:51:23 --> Session: Class initialized using 'CodeIgniter\Session\Handlers\FileHandler' driver.
INFO - 2026-05-11 13:51:23 --> Session: Class initialized using 'CodeIgniter\Session\Handlers\FileHandler' driver.
INFO - 2026-05-11 13:51:23 --> Session: Class initialized using 'CodeIgniter\Session\Handlers\FileHandler' driver.
INFO - 2026-05-11 13:51:23 --> Session: Class initialized using 'CodeIgniter\Session\Handlers\FileHandler' driver.
INFO - 2026-05-11 13:51:23 --> Session: Class initialized using 'CodeIgniter\Session\Handlers\FileHandler' driver.
INFO - 2026-05-11 13:51:23 --> Session: Class initialized using 'CodeIgniter\Session\Handlers\FileHandler' driver.
INFO - 2026-05-11 13:51:23 --> Session: Class initialized using 'CodeIgniter\Session\Handlers\FileHandler' driver.
INFO - 2026-05-11 13:51:23 --> Session: Class initialized using 'CodeIgniter\Session\Handlers\FileHandler' driver.
INFO - 2026-05-11 13:51:23 --> Session: Class initialized using 'CodeIgniter\Session\Handlers\FileHandler' driver.
INFO - 2026-05-11 13:51:23 --> Session: Class initialized using 'CodeIgniter\Session\Handlers\FileHandler' driver.
INFO - 2026-05-11 13:51:23 --> Session: Class initialized using 'CodeIgniter\Session\Handlers\FileHandler' driver.
INFO - 2026-05-11 13:51:23 --> Session: Class initialized using 'CodeIgniter\Session\Handlers\FileHandler' driver.
INFO - 2026-05-11 13:51:23 --> Session: Class initialized using 'CodeIgniter\Session\Handlers\FileHandler' driver.
INFO - 2026-05-11 13:51:23 --> Session: Class initialized using 'CodeIgniter\Session\Handlers\FileHandler' driver.
INFO - 2026-05-11 13:51:23 --> Session: Class initialized using 'CodeIgniter\Session\Handlers\FileHandler' driver.
INFO - 2026-05-11 13:51:34 --> Session: Class initialized using 'CodeIgniter\Session\Handlers\FileHandler' driver.
INFO - 2026-05-11 13:51:35 --> Session: Class initialized using 'CodeIgniter\Session\Handlers\FileHandler' driver.
INFO - 2026-05-11 13:51:35 --> Session: Class initialized using 'CodeIgniter\Session\Handlers\FileHandler' driver.
INFO - 2026-05-11 13:51:35 --> Session: Class initialized using 'CodeIgniter\Session\Handlers\FileHandler' driver.
INFO - 2026-05-11 13:51:35 --> Session: Class initialized using 'CodeIgniter\Session\Handlers\FileHandler' driver.
INFO - 2026-05-11 13:51:35 --> Session: Class initialized using 'CodeIgniter\Session\Handlers\FileHandler' driver.
INFO - 2026-05-11 13:51:35 --> Session: Class initialized using 'CodeIgniter\Session\Handlers\FileHandler' driver.
INFO - 2026-05-11 13:51:35 --> Session: Class initialized using 'CodeIgniter\Session\Handlers\FileHandler' driver.
INFO - 2026-05-11 13:51:35 --> Session: Class initialized using 'CodeIgniter\Session\Handlers\FileHandler' driver.
INFO - 2026-05-11 13:51:35 --> Session: Class initialized using 'CodeIgniter\Session\Handlers\FileHandler' driver.
INFO - 2026-05-11 13:51:35 --> Session: Class initialized using 'CodeIgniter\Session\Handlers\FileHandler' driver.
INFO - 2026-05-11 13:51:35 --> Session: Class initialized using 'CodeIgniter\Session\Handlers\FileHandler' driver.
INFO - 2026-05-11 13:51:35 --> Session: Class initialized using 'CodeIgniter\Session\Handlers\FileHandler' driver.
INFO - 2026-05-11 13:51:35 --> Session: Class initialized using 'CodeIgniter\Session\Handlers\FileHandler' driver.
INFO - 2026-05-11 13:51:35 --> Session: Class initialized using 'CodeIgniter\Session\Handlers\FileHandler' driver.
INFO - 2026-05-11 13:51:35 --> Session: Class initialized using 'CodeIgniter\Session\Handlers\FileHandler' driver.
INFO - 2026-05-11 13:51:35 --> Session: Class initialized using 'CodeIgniter\Session\Handlers\FileHandler' driver.
INFO - 2026-05-11 13:51:35 --> Session: Class initialized using 'CodeIgniter\Session\Handlers\FileHandler' driver.
INFO - 2026-05-11 13:51:35 --> Session: Class initialized using 'CodeIgniter\Session\Handlers\FileHandler' driver.
INFO - 2026-05-11 13:51:36 --> Session: Class initialized using 'CodeIgniter\Session\Handlers\FileHandler' driver.
INFO - 2026-05-11 13:51:36 --> Session: Class initialized using 'CodeIgniter\Session\Handlers\FileHandler' driver.
INFO - 2026-05-11 13:51:36 --> Session: Class initialized using 'CodeIgniter\Session\Handlers\FileHandler' driver.
INFO - 2026-05-11 13:51:36 --> Session: Class initialized using 'CodeIgniter\Session\Handlers\FileHandler' driver.
INFO - 2026-05-11 13:51:36 --> Session: Class initialized using 'CodeIgniter\Session\Handlers\FileHandler' driver.
INFO - 2026-05-11 13:51:36 --> Session: Class initialized using 'CodeIgniter\Session\Handlers\FileHandler' driver.
INFO - 2026-05-11 13:51:36 --> Session: Class initialized using 'CodeIgniter\Session\Handlers\FileHandler' driver.
INFO - 2026-05-11 13:51:36 --> Session: Class initialized using 'CodeIgniter\Session\Handlers\FileHandler' driver.
INFO - 2026-05-11 13:51:36 --> Session: Class initialized using 'CodeIgniter\Session\Handlers\FileHandler' driver.
INFO - 2026-05-11 13:51:36 --> Session: Class initialized using 'CodeIgniter\Session\Handlers\FileHandler' driver.
INFO - 2026-05-11 13:51:36 --> Session: Class initialized using 'CodeIgniter\Session\Handlers\FileHandler' driver.
INFO - 2026-05-11 13:51:36 --> Session: Class initialized using 'CodeIgniter\Session\Handlers\FileHandler' driver.
INFO - 2026-05-11 13:51:36 --> Session: Class initialized using 'CodeIgniter\Session\Handlers\FileHandler' driver.
INFO - 2026-05-11 13:51:36 --> Session: Class initialized using 'CodeIgniter\Session\Handlers\FileHandler' driver.
INFO - 2026-05-11 13:51:36 --> Session: Class initialized using 'CodeIgniter\Session\Handlers\FileHandler' driver.
INFO - 2026-05-11 13:51:36 --> Session: Class initialized using 'CodeIgniter\Session\Handlers\FileHandler' driver.
INFO - 2026-05-11 13:51:36 --> Session: Class initialized using 'CodeIgniter\Session\Handlers\FileHandler' driver.
INFO - 2026-05-11 13:51:36 --> Session: Class initialized using 'CodeIgniter\Session\Handlers\FileHandler' driver.
INFO - 2026-05-11 13:51:36 --> Session: Class initialized using 'CodeIgniter\Session\Handlers\FileHandler' driver.
INFO - 2026-05-11 13:51:36 --> Session: Class initialized using 'CodeIgniter\Session\Handlers\FileHandler' driver.
INFO - 2026-05-11 13:51:36 --> Session: Class initialized using 'CodeIgniter\Session\Handlers\FileHandler' driver.
INFO - 2026-05-11 13:51:36 --> Session: Class initialized using 'CodeIgniter\Session\Handlers\FileHandler' driver.
INFO - 2026-05-11 13:51:36 --> Session: Class initialized using 'CodeIgniter\Session\Handlers\FileHandler' driver.
INFO - 2026-05-11 13:51:36 --> Session: Class initialized using 'CodeIgniter\Session\Handlers\FileHandler' driver.
INFO - 2026-05-11 13:51:43 --> Session: Class initialized using 'CodeIgniter\Session\Handlers\FileHandler' driver.
INFO - 2026-05-11 13:51:43 --> Session: Class initialized using 'CodeIgniter\Session\Handlers\FileHandler' driver.
INFO - 2026-05-11 13:51:44 --> Session: Class initialized using 'CodeIgniter\Session\Handlers\FileHandler' driver.
INFO - 2026-05-11 13:51:44 --> Session: Class initialized using 'CodeIgniter\Session\Handlers\FileHandler' driver.
INFO - 2026-05-11 13:51:44 --> Session: Class initialized using 'CodeIgniter\Session\Handlers\FileHandler' driver.
INFO - 2026-05-11 13:51:44 --> Session: Class initialized using 'CodeIgniter\Session\Handlers\FileHandler' driver.
INFO - 2026-05-11 13:51:44 --> Session: Class initialized using 'CodeIgniter\Session\Handlers\FileHandler' driver.
INFO - 2026-05-11 13:51:44 --> Session: Class initialized using 'CodeIgniter\Session\Handlers\FileHandler' driver.
INFO - 2026-05-11 13:51:44 --> Session: Class initialized using 'CodeIgniter\Session\Handlers\FileHandler' driver.
INFO - 2026-05-11 13:51:44 --> Session: Class initialized using 'CodeIgniter\Session\Handlers\FileHandler' driver.
INFO - 2026-05-11 13:51:44 --> Session: Class initialized using 'CodeIgniter\Session\Handlers\FileHandler' driver.
INFO - 2026-05-11 13:51:44 --> Session: Class initialized using 'CodeIgniter\Session\Handlers\FileHandler' driver.
INFO - 2026-05-11 13:51:44 --> Session: Class initialized using 'CodeIgniter\Session\Handlers\FileHandler' driver.
INFO - 2026-05-11 13:51:44 --> Session: Class initialized using 'CodeIgniter\Session\Handlers\FileHandler' driver.
INFO - 2026-05-11 13:51:44 --> Session: Class initialized using 'CodeIgniter\Session\Handlers\FileHandler' driver.
INFO - 2026-05-11 13:51:44 --> Session: Class initialized using 'CodeIgniter\Session\Handlers\FileHandler' driver.
INFO - 2026-05-11 13:51:44 --> Session: Class initialized using 'CodeIgniter\Session\Handlers\FileHandler' driver.
INFO - 2026-05-11 13:51:44 --> Session: Class initialized using 'CodeIgniter\Session\Handlers\FileHandler' driver.
INFO - 2026-05-11 13:51:44 --> Session: Class initialized using 'CodeIgniter\Session\Handlers\FileHandler' driver.
INFO - 2026-05-11 13:51:44 --> Session: Class initialized using 'CodeIgniter\Session\Handlers\FileHandler' driver.
INFO - 2026-05-11 13:51:44 --> Session: Class initialized using 'CodeIgniter\Session\Handlers\FileHandler' driver.
INFO - 2026-05-11 13:51:44 --> Session: Class initialized using 'CodeIgniter\Session\Handlers\FileHandler' driver.
INFO - 2026-05-11 13:51:44 --> Session: Class initialized using 'CodeIgniter\Session\Handlers\FileHandler' driver.
INFO - 2026-05-11 13:51:45 --> Session: Class initialized using 'CodeIgniter\Session\Handlers\FileHandler' driver.
INFO - 2026-05-11 13:51:45 --> Session: Class initialized using 'CodeIgniter\Session\Handlers\FileHandler' driver.
INFO - 2026-05-11 13:51:45 --> Session: Class initialized using 'CodeIgniter\Session\Handlers\FileHandler' driver.
INFO - 2026-05-11 13:51:52 --> Session: Class initialized using 'CodeIgniter\Session\Handlers\FileHandler' driver.
INFO - 2026-05-11 13:51:53 --> Session: Class initialized using 'CodeIgniter\Session\Handlers\FileHandler' driver.
INFO - 2026-05-11 13:51:59 --> Session: Class initialized using 'CodeIgniter\Session\Handlers\FileHandler' driver.
INFO - 2026-05-11 13:54:31 --> Session: Class initialized using 'CodeIgniter\Session\Handlers\FileHandler' driver.
INFO - 2026-05-11 13:54:32 --> Session: Class initialized using 'CodeIgniter\Session\Handlers\FileHandler' driver.
INFO - 2026-05-11 13:54:32 --> Session: Class initialized using 'CodeIgniter\Session\Handlers\FileHandler' driver.
INFO - 2026-05-11 13:54:33 --> Session: Class initialized using 'CodeIgniter\Session\Handlers\FileHandler' driver.
INFO - 2026-05-11 13:54:33 --> Session: Class initialized using 'CodeIgniter\Session\Handlers\FileHandler' driver.
INFO - 2026-05-11 13:54:33 --> Session: Class initialized using 'CodeIgniter\Session\Handlers\FileHandler' driver.
INFO - 2026-05-11 13:54:33 --> Session: Class initialized using 'CodeIgniter\Session\Handlers\FileHandler' driver.
INFO - 2026-05-11 13:54:33 --> Session: Class initialized using 'CodeIgniter\Session\Handlers\FileHandler' driver.
INFO - 2026-05-11 13:54:33 --> Session: Class initialized using 'CodeIgniter\Session\Handlers\FileHandler' driver.
INFO - 2026-05-11 13:54:33 --> Session: Class initialized using 'CodeIgniter\Session\Handlers\FileHandler' driver.
INFO - 2026-05-11 13:54:33 --> Session: Class initialized using 'CodeIgniter\Session\Handlers\FileHandler' driver.
INFO - 2026-05-11 13:54:33 --> Session: Class initialized using 'CodeIgniter\Session\Handlers\FileHandler' driver.
INFO - 2026-05-11 13:54:33 --> Session: Class initialized using 'CodeIgniter\Session\Handlers\FileHandler' driver.
INFO - 2026-05-11 13:54:33 --> Session: Class initialized using 'CodeIgniter\Session\Handlers\FileHandler' driver.
INFO - 2026-05-11 13:54:33 --> Session: Class initialized using 'CodeIgniter\Session\Handlers\FileHandler' driver.
INFO - 2026-05-11 13:54:33 --> Session: Class initialized using 'CodeIgniter\Session\Handlers\FileHandler' driver.
INFO - 2026-05-11 13:54:33 --> Session: Class initialized using 'CodeIgniter\Session\Handlers\FileHandler' driver.
INFO - 2026-05-11 13:54:33 --> Session: Class initialized using 'CodeIgniter\Session\Handlers\FileHandler' driver.
INFO - 2026-05-11 13:54:33 --> Session: Class initialized using 'CodeIgniter\Session\Handlers\FileHandler' driver.
INFO - 2026-05-11 13:54:33 --> Session: Class initialized using 'CodeIgniter\Session\Handlers\FileHandler' driver.
INFO - 2026-05-11 13:54:33 --> Session: Class initialized using 'CodeIgniter\Session\Handlers\FileHandler' driver.
INFO - 2026-05-11 13:54:33 --> Session: Class initialized using 'CodeIgniter\Session\Handlers\FileHandler' driver.
INFO - 2026-05-11 13:54:33 --> Session: Class initialized using 'CodeIgniter\Session\Handlers\FileHandler' driver.
INFO - 2026-05-11 13:54:37 --> Session: Class initialized using 'CodeIgniter\Session\Handlers\FileHandler' driver.
INFO - 2026-05-11 13:54:37 --> Session: Class initialized using 'CodeIgniter\Session\Handlers\FileHandler' driver.
INFO - 2026-05-11 13:54:38 --> Session: Class initialized using 'CodeIgniter\Session\Handlers\FileHandler' driver.
INFO - 2026-05-11 13:54:38 --> Session: Class initialized using 'CodeIgniter\Session\Handlers\FileHandler' driver.
INFO - 2026-05-11 13:54:38 --> Session: Class initialized using 'CodeIgniter\Session\Handlers\FileHandler' driver.
INFO - 2026-05-11 13:54:38 --> Session: Class initialized using 'CodeIgniter\Session\Handlers\FileHandler' driver.
INFO - 2026-05-11 13:54:38 --> Session: Class initialized using 'CodeIgniter\Session\Handlers\FileHandler' driver.
INFO - 2026-05-11 13:54:38 --> Session: Class initialized using 'CodeIgniter\Session\Handlers\FileHandler' driver.
INFO - 2026-05-11 13:54:38 --> Session: Class initialized using 'CodeIgniter\Session\Handlers\FileHandler' driver.
INFO - 2026-05-11 13:54:43 --> Session: Class initialized using 'CodeIgniter\Session\Handlers\FileHandler' driver.
INFO - 2026-05-11 13:54:43 --> Session: Class initialized using 'CodeIgniter\Session\Handlers\FileHandler' driver.
INFO - 2026-05-11 13:54:44 --> Session: Class initialized using 'CodeIgniter\Session\Handlers\FileHandler' driver.
INFO - 2026-05-11 13:54:44 --> Session: Class initialized using 'CodeIgniter\Session\Handlers\FileHandler' driver.
INFO - 2026-05-11 13:54:44 --> Session: Class initialized using 'CodeIgniter\Session\Handlers\FileHandler' driver.
INFO - 2026-05-11 13:54:44 --> Session: Class initialized using 'CodeIgniter\Session\Handlers\FileHandler' driver.
INFO - 2026-05-11 13:54:44 --> Session: Class initialized using 'CodeIgniter\Session\Handlers\FileHandler' driver.
INFO - 2026-05-11 13:54:44 --> Session: Class initialized using 'CodeIgniter\Session\Handlers\FileHandler' driver.
INFO - 2026-05-11 13:54:44 --> Session: Class initialized using 'CodeIgniter\Session\Handlers\FileHandler' driver.
INFO - 2026-05-11 13:54:44 --> Session: Class initialized using 'CodeIgniter\Session\Handlers\FileHandler' driver.
INFO - 2026-05-11 13:54:53 --> Session: Class initialized using 'CodeIgniter\Session\Handlers\FileHandler' driver.
INFO - 2026-05-11 13:54:54 --> Session: Class initialized using 'CodeIgniter\Session\Handlers\FileHandler' driver.
INFO - 2026-05-11 13:54:59 --> Session: Class initialized using 'CodeIgniter\Session\Handlers\FileHandler' driver.
INFO - 2026-05-11 13:54:59 --> Session: Class initialized using 'CodeIgniter\Session\Handlers\FileHandler' driver.
INFO - 2026-05-11 13:55:00 --> Session: Class initialized using 'CodeIgniter\Session\Handlers\FileHandler' driver.
INFO - 2026-05-11 13:55:00 --> Session: Class initialized using 'CodeIgniter\Session\Handlers\FileHandler' driver.
INFO - 2026-05-11 13:55:00 --> Session: Class initialized using 'CodeIgniter\Session\Handlers\FileHandler' driver.
INFO - 2026-05-11 13:55:00 --> Session: Class initialized using 'CodeIgniter\Session\Handlers\FileHandler' driver.
INFO - 2026-05-11 13:55:00 --> Session: Class initialized using 'CodeIgniter\Session\Handlers\FileHandler' driver.
INFO - 2026-05-11 13:55:00 --> Session: Class initialized using 'CodeIgniter\Session\Handlers\FileHandler' driver.
INFO - 2026-05-11 13:55:00 --> Session: Class initialized using 'CodeIgniter\Session\Handlers\FileHandler' driver.
INFO - 2026-05-11 13:55:00 --> Session: Class initialized using 'CodeIgniter\Session\Handlers\FileHandler' driver.
INFO - 2026-05-11 13:55:00 --> Session: Class initialized using 'CodeIgniter\Session\Handlers\FileHandler' driver.
INFO - 2026-05-11 13:55:00 --> Session: Class initialized using 'CodeIgniter\Session\Handlers\FileHandler' driver.
INFO - 2026-05-11 13:55:00 --> Session: Class initialized using 'CodeIgniter\Session\Handlers\FileHandler' driver.
INFO - 2026-05-11 13:55:00 --> Session: Class initialized using 'CodeIgniter\Session\Handlers\FileHandler' driver.
INFO - 2026-05-11 13:55:00 --> Session: Class initialized using 'CodeIgniter\Session\Handlers\FileHandler' driver.
INFO - 2026-05-11 13:55:00 --> Session: Class initialized using 'CodeIgniter\Session\Handlers\FileHandler' driver.
INFO - 2026-05-11 13:55:00 --> Session: Class initialized using 'CodeIgniter\Session\Handlers\FileHandler' driver.
INFO - 2026-05-11 13:55:00 --> Session: Class initialized using 'CodeIgniter\Session\Handlers\FileHandler' driver.
INFO - 2026-05-11 13:55:00 --> Session: Class initialized using 'CodeIgniter\Session\Handlers\FileHandler' driver.
INFO - 2026-05-11 13:55:00 --> Session: Class initialized using 'CodeIgniter\Session\Handlers\FileHandler' driver.
INFO - 2026-05-11 13:55:00 --> Session: Class initialized using 'CodeIgniter\Session\Handlers\FileHandler' driver.
INFO - 2026-05-11 13:55:00 --> Session: Class initialized using 'CodeIgniter\Session\Handlers\FileHandler' driver.
INFO - 2026-05-11 13:55:00 --> Session: Class initialized using 'CodeIgniter\Session\Handlers\FileHandler' driver.
INFO - 2026-05-11 13:55:00 --> Session: Class initialized using 'CodeIgniter\Session\Handlers\FileHandler' driver.
INFO - 2026-05-11 13:55:00 --> Session: Class initialized using 'CodeIgniter\Session\Handlers\FileHandler' driver.
INFO - 2026-05-11 13:55:00 --> Session: Class initialized using 'CodeIgniter\Session\Handlers\FileHandler' driver.
INFO - 2026-05-11 13:55:00 --> Session: Class initialized using 'CodeIgniter\Session\Handlers\FileHandler' driver.
INFO - 2026-05-11 13:55:01 --> Session: Class initialized using 'CodeIgniter\Session\Handlers\FileHandler' driver.
INFO - 2026-05-11 13:55:01 --> Session: Class initialized using 'CodeIgniter\Session\Handlers\FileHandler' driver.
INFO - 2026-05-11 13:55:01 --> Session: Class initialized using 'CodeIgniter\Session\Handlers\FileHandler' driver.
INFO - 2026-05-11 13:55:01 --> Session: Class initialized using 'CodeIgniter\Session\Handlers\FileHandler' driver.
INFO - 2026-05-11 13:55:01 --> Session: Class initialized using 'CodeIgniter\Session\Handlers\FileHandler' driver.
INFO - 2026-05-11 13:55:01 --> Session: Class initialized using 'CodeIgniter\Session\Handlers\FileHandler' driver.
INFO - 2026-05-11 13:55:01 --> Session: Class initialized using 'CodeIgniter\Session\Handlers\FileHandler' driver.
INFO - 2026-05-11 13:55:01 --> Session: Class initialized using 'CodeIgniter\Session\Handlers\FileHandler' driver.
INFO - 2026-05-11 13:55:01 --> Session: Class initialized using 'CodeIgniter\Session\Handlers\FileHandler' driver.
INFO - 2026-05-11 13:55:01 --> Session: Class initialized using 'CodeIgniter\Session\Handlers\FileHandler' driver.
INFO - 2026-05-11 13:55:01 --> Session: Class initialized using 'CodeIgniter\Session\Handlers\FileHandler' driver.
INFO - 2026-05-11 13:55:02 --> Session: Class initialized using 'CodeIgniter\Session\Handlers\FileHandler' driver.
INFO - 2026-05-11 13:55:02 --> Session: Class initialized using 'CodeIgniter\Session\Handlers\FileHandler' driver.
INFO - 2026-05-11 13:55:02 --> Session: Class initialized using 'CodeIgniter\Session\Handlers\FileHandler' driver.
INFO - 2026-05-11 13:55:02 --> Session: Class initialized using 'CodeIgniter\Session\Handlers\FileHandler' driver.
INFO - 2026-05-11 13:55:02 --> Session: Class initialized using 'CodeIgniter\Session\Handlers\FileHandler' driver.
INFO - 2026-05-11 13:55:02 --> Session: Class initialized using 'CodeIgniter\Session\Handlers\FileHandler' driver.
INFO - 2026-05-11 13:55:02 --> Session: Class initialized using 'CodeIgniter\Session\Handlers\FileHandler' driver.
INFO - 2026-05-11 13:55:02 --> Session: Class initialized using 'CodeIgniter\Session\Handlers\FileHandler' driver.
INFO - 2026-05-11 13:55:02 --> Session: Class initialized using 'CodeIgniter\Session\Handlers\FileHandler' driver.
INFO - 2026-05-11 13:55:02 --> Session: Class initialized using 'CodeIgniter\Session\Handlers\FileHandler' driver.
INFO - 2026-05-11 13:55:02 --> Session: Class initialized using 'CodeIgniter\Session\Handlers\FileHandler' driver.
INFO - 2026-05-11 13:55:02 --> Session: Class initialized using 'CodeIgniter\Session\Handlers\FileHandler' driver.
INFO - 2026-05-11 13:55:02 --> Session: Class initialized using 'CodeIgniter\Session\Handlers\FileHandler' driver.
INFO - 2026-05-11 13:55:02 --> Session: Class initialized using 'CodeIgniter\Session\Handlers\FileHandler' driver.
INFO - 2026-05-11 13:55:02 --> Session: Class initialized using 'CodeIgniter\Session\Handlers\FileHandler' driver.
INFO - 2026-05-11 13:55:02 --> Session: Class initialized using 'CodeIgniter\Session\Handlers\FileHandler' driver.
INFO - 2026-05-11 13:55:02 --> Session: Class initialized using 'CodeIgniter\Session\Handlers\FileHandler' driver.
INFO - 2026-05-11 13:55:02 --> Session: Class initialized using 'CodeIgniter\Session\Handlers\FileHandler' driver.
INFO - 2026-05-11 13:55:02 --> Session: Class initialized using 'CodeIgniter\Session\Handlers\FileHandler' driver.
INFO - 2026-05-11 13:55:02 --> Session: Class initialized using 'CodeIgniter\Session\Handlers\FileHandler' driver.
INFO - 2026-05-11 13:55:02 --> Session: Class initialized using 'CodeIgniter\Session\Handlers\FileHandler' driver.
INFO - 2026-05-11 13:55:02 --> Session: Class initialized using 'CodeIgniter\Session\Handlers\FileHandler' driver.
INFO - 2026-05-11 13:55:02 --> Session: Class initialized using 'CodeIgniter\Session\Handlers\FileHandler' driver.
INFO - 2026-05-11 13:55:03 --> Session: Class initialized using 'CodeIgniter\Session\Handlers\FileHandler' driver.
INFO - 2026-05-11 13:55:03 --> Session: Class initialized using 'CodeIgniter\Session\Handlers\FileHandler' driver.
INFO - 2026-05-11 13:55:03 --> Session: Class initialized using 'CodeIgniter\Session\Handlers\FileHandler' driver.
INFO - 2026-05-11 13:55:03 --> Session: Class initialized using 'CodeIgniter\Session\Handlers\FileHandler' driver.
INFO - 2026-05-11 13:55:03 --> Session: Class initialized using 'CodeIgniter\Session\Handlers\FileHandler' driver.
INFO - 2026-05-11 13:55:03 --> Session: Class initialized using 'CodeIgniter\Session\Handlers\FileHandler' driver.
INFO - 2026-05-11 13:55:03 --> Session: Class initialized using 'CodeIgniter\Session\Handlers\FileHandler' driver.
INFO - 2026-05-11 13:55:03 --> Session: Class initialized using 'CodeIgniter\Session\Handlers\FileHandler' driver.
INFO - 2026-05-11 13:55:03 --> Session: Class initialized using 'CodeIgniter\Session\Handlers\FileHandler' driver.
INFO - 2026-05-11 13:55:03 --> Session: Class initialized using 'CodeIgniter\Session\Handlers\FileHandler' driver.
INFO - 2026-05-11 13:55:03 --> Session: Class initialized using 'CodeIgniter\Session\Handlers\FileHandler' driver.
INFO - 2026-05-11 13:55:03 --> Session: Class initialized using 'CodeIgniter\Session\Handlers\FileHandler' driver.
INFO - 2026-05-11 13:55:03 --> Session: Class initialized using 'CodeIgniter\Session\Handlers\FileHandler' driver.
INFO - 2026-05-11 13:55:04 --> Session: Class initialized using 'CodeIgniter\Session\Handlers\FileHandler' driver.
INFO - 2026-05-11 13:55:04 --> Session: Class initialized using 'CodeIgniter\Session\Handlers\FileHandler' driver.
INFO - 2026-05-11 13:55:04 --> Session: Class initialized using 'CodeIgniter\Session\Handlers\FileHandler' driver.
INFO - 2026-05-11 13:55:04 --> Session: Class initialized using 'CodeIgniter\Session\Handlers\FileHandler' driver.
INFO - 2026-05-11 13:55:04 --> Session: Class initialized using 'CodeIgniter\Session\Handlers\FileHandler' driver.
INFO - 2026-05-11 13:55:04 --> Session: Class initialized using 'CodeIgniter\Session\Handlers\FileHandler' driver.
INFO - 2026-05-11 13:55:04 --> Session: Class initialized using 'CodeIgniter\Session\Handlers\FileHandler' driver.
INFO - 2026-05-11 13:55:04 --> Session: Class initialized using 'CodeIgniter\Session\Handlers\FileHandler' driver.
INFO - 2026-05-11 13:55:04 --> Session: Class initialized using 'CodeIgniter\Session\Handlers\FileHandler' driver.
INFO - 2026-05-11 13:55:04 --> Session: Class initialized using 'CodeIgniter\Session\Handlers\FileHandler' driver.
INFO - 2026-05-11 13:55:04 --> Session: Class initialized using 'CodeIgniter\Session\Handlers\FileHandler' driver.
INFO - 2026-05-11 13:55:04 --> Session: Class initialized using 'CodeIgniter\Session\Handlers\FileHandler' driver.
INFO - 2026-05-11 13:55:04 --> Session: Class initialized using 'CodeIgniter\Session\Handlers\FileHandler' driver.
INFO - 2026-05-11 13:55:09 --> Session: Class initialized using 'CodeIgniter\Session\Handlers\FileHandler' driver.
INFO - 2026-05-11 13:55:10 --> Session: Class initialized using 'CodeIgniter\Session\Handlers\FileHandler' driver.
INFO - 2026-05-11 13:55:10 --> Session: Class initialized using 'CodeIgniter\Session\Handlers\FileHandler' driver.
INFO - 2026-05-11 13:55:10 --> Session: Class initialized using 'CodeIgniter\Session\Handlers\FileHandler' driver.
INFO - 2026-05-11 13:55:10 --> Session: Class initialized using 'CodeIgniter\Session\Handlers\FileHandler' driver.
INFO - 2026-05-11 13:55:10 --> Session: Class initialized using 'CodeIgniter\Session\Handlers\FileHandler' driver.
INFO - 2026-05-11 13:55:10 --> Session: Class initialized using 'CodeIgniter\Session\Handlers\FileHandler' driver.
INFO - 2026-05-11 13:55:10 --> Session: Class initialized using 'CodeIgniter\Session\Handlers\FileHandler' driver.
INFO - 2026-05-11 13:55:10 --> Session: Class initialized using 'CodeIgniter\Session\Handlers\FileHandler' driver.
INFO - 2026-05-11 13:55:10 --> Session: Class initialized using 'CodeIgniter\Session\Handlers\FileHandler' driver.
INFO - 2026-05-11 13:55:10 --> Session: Class initialized using 'CodeIgniter\Session\Handlers\FileHandler' driver.
INFO - 2026-05-11 13:55:10 --> Session: Class initialized using 'CodeIgniter\Session\Handlers\FileHandler' driver.
INFO - 2026-05-11 13:55:10 --> Session: Class initialized using 'CodeIgniter\Session\Handlers\FileHandler' driver.
INFO - 2026-05-11 13:55:10 --> Session: Class initialized using 'CodeIgniter\Session\Handlers\FileHandler' driver.
INFO - 2026-05-11 13:55:10 --> Session: Class initialized using 'CodeIgniter\Session\Handlers\FileHandler' driver.
INFO - 2026-05-11 13:55:10 --> Session: Class initialized using 'CodeIgniter\Session\Handlers\FileHandler' driver.
INFO - 2026-05-11 13:55:10 --> Session: Class initialized using 'CodeIgniter\Session\Handlers\FileHandler' driver.
INFO - 2026-05-11 13:55:11 --> Session: Class initialized using 'CodeIgniter\Session\Handlers\FileHandler' driver.
INFO - 2026-05-11 13:55:11 --> Session: Class initialized using 'CodeIgniter\Session\Handlers\FileHandler' driver.
INFO - 2026-05-11 13:55:11 --> Session: Class initialized using 'CodeIgniter\Session\Handlers\FileHandler' driver.
INFO - 2026-05-11 13:55:11 --> Session: Class initialized using 'CodeIgniter\Session\Handlers\FileHandler' driver.
INFO - 2026-05-11 13:55:11 --> Session: Class initialized using 'CodeIgniter\Session\Handlers\FileHandler' driver.
INFO - 2026-05-11 13:55:11 --> Session: Class initialized using 'CodeIgniter\Session\Handlers\FileHandler' driver.
INFO - 2026-05-11 13:55:11 --> Session: Class initialized using 'CodeIgniter\Session\Handlers\FileHandler' driver.
INFO - 2026-05-11 13:55:11 --> Session: Class initialized using 'CodeIgniter\Session\Handlers\FileHandler' driver.
INFO - 2026-05-11 13:55:11 --> Session: Class initialized using 'CodeIgniter\Session\Handlers\FileHandler' driver.
INFO - 2026-05-11 13:55:11 --> Session: Class initialized using 'CodeIgniter\Session\Handlers\FileHandler' driver.
INFO - 2026-05-11 13:55:11 --> Session: Class initialized using 'CodeIgniter\Session\Handlers\FileHandler' driver.
INFO - 2026-05-11 13:55:11 --> Session: Class initialized using 'CodeIgniter\Session\Handlers\FileHandler' driver.
INFO - 2026-05-11 13:55:11 --> Session: Class initialized using 'CodeIgniter\Session\Handlers\FileHandler' driver.
INFO - 2026-05-11 13:55:11 --> Session: Class initialized using 'CodeIgniter\Session\Handlers\FileHandler' driver.
INFO - 2026-05-11 13:55:11 --> Session: Class initialized using 'CodeIgniter\Session\Handlers\FileHandler' driver.
INFO - 2026-05-11 13:55:11 --> Session: Class initialized using 'CodeIgniter\Session\Handlers\FileHandler' driver.
INFO - 2026-05-11 13:55:11 --> Session: Class initialized using 'CodeIgniter\Session\Handlers\FileHandler' driver.
INFO - 2026-05-11 13:55:11 --> Session: Class initialized using 'CodeIgniter\Session\Handlers\FileHandler' driver.
INFO - 2026-05-11 13:55:11 --> Session: Class initialized using 'CodeIgniter\Session\Handlers\FileHandler' driver.
INFO - 2026-05-11 13:55:11 --> Session: Class initialized using 'CodeIgniter\Session\Handlers\FileHandler' driver.
INFO - 2026-05-11 13:55:11 --> Session: Class initialized using 'CodeIgniter\Session\Handlers\FileHandler' driver.
INFO - 2026-05-11 13:55:11 --> Session: Class initialized using 'CodeIgniter\Session\Handlers\FileHandler' driver.
INFO - 2026-05-11 13:55:11 --> Session: Class initialized using 'CodeIgniter\Session\Handlers\FileHandler' driver.
INFO - 2026-05-11 13:55:11 --> Session: Class initialized using 'CodeIgniter\Session\Handlers\FileHandler' driver.
INFO - 2026-05-11 13:55:11 --> Session: Class initialized using 'CodeIgniter\Session\Handlers\FileHandler' driver.
INFO - 2026-05-11 13:55:12 --> Session: Class initialized using 'CodeIgniter\Session\Handlers\FileHandler' driver.
INFO - 2026-05-11 13:55:15 --> Session: Class initialized using 'CodeIgniter\Session\Handlers\FileHandler' driver.
INFO - 2026-05-11 13:55:15 --> Session: Class initialized using 'CodeIgniter\Session\Handlers\FileHandler' driver.
INFO - 2026-05-11 13:55:16 --> Session: Class initialized using 'CodeIgniter\Session\Handlers\FileHandler' driver.
INFO - 2026-05-11 13:55:16 --> Session: Class initialized using 'CodeIgniter\Session\Handlers\FileHandler' driver.
INFO - 2026-05-11 13:55:16 --> Session: Class initialized using 'CodeIgniter\Session\Handlers\FileHandler' driver.
INFO - 2026-05-11 13:55:16 --> Session: Class initialized using 'CodeIgniter\Session\Handlers\FileHandler' driver.
INFO - 2026-05-11 13:55:16 --> Session: Class initialized using 'CodeIgniter\Session\Handlers\FileHandler' driver.
INFO - 2026-05-11 13:55:16 --> Session: Class initialized using 'CodeIgniter\Session\Handlers\FileHandler' driver.
INFO - 2026-05-11 13:55:16 --> Session: Class initialized using 'CodeIgniter\Session\Handlers\FileHandler' driver.
INFO - 2026-05-11 13:55:16 --> Session: Class initialized using 'CodeIgniter\Session\Handlers\FileHandler' driver.
INFO - 2026-05-11 13:55:16 --> Session: Class initialized using 'CodeIgniter\Session\Handlers\FileHandler' driver.
INFO - 2026-05-11 13:55:16 --> Session: Class initialized using 'CodeIgniter\Session\Handlers\FileHandler' driver.
INFO - 2026-05-11 13:55:16 --> Session: Class initialized using 'CodeIgniter\Session\Handlers\FileHandler' driver.
INFO - 2026-05-11 13:55:16 --> Session: Class initialized using 'CodeIgniter\Session\Handlers\FileHandler' driver.
INFO - 2026-05-11 13:55:16 --> Session: Class initialized using 'CodeIgniter\Session\Handlers\FileHandler' driver.
INFO - 2026-05-11 13:55:16 --> Session: Class initialized using 'CodeIgniter\Session\Handlers\FileHandler' driver.
INFO - 2026-05-11 13:55:16 --> Session: Class initialized using 'CodeIgniter\Session\Handlers\FileHandler' driver.
INFO - 2026-05-11 13:55:16 --> Session: Class initialized using 'CodeIgniter\Session\Handlers\FileHandler' driver.
INFO - 2026-05-11 13:55:16 --> Session: Class initialized using 'CodeIgniter\Session\Handlers\FileHandler' driver.
INFO - 2026-05-11 13:55:16 --> Session: Class initialized using 'CodeIgniter\Session\Handlers\FileHandler' driver.
INFO - 2026-05-11 13:55:16 --> Session: Class initialized using 'CodeIgniter\Session\Handlers\FileHandler' driver.
INFO - 2026-05-11 13:55:16 --> Session: Class initialized using 'CodeIgniter\Session\Handlers\FileHandler' driver.
INFO - 2026-05-11 13:58:57 --> Session: Class initialized using 'CodeIgniter\Session\Handlers\FileHandler' driver.
INFO - 2026-05-11 13:58:57 --> Session: Class initialized using 'CodeIgniter\Session\Handlers\FileHandler' driver.
INFO - 2026-05-11 13:58:58 --> Session: Class initialized using 'CodeIgniter\Session\Handlers\FileHandler' driver.
INFO - 2026-05-11 13:58:58 --> Session: Class initialized using 'CodeIgniter\Session\Handlers\FileHandler' driver.
INFO - 2026-05-11 13:58:58 --> Session: Class initialized using 'CodeIgniter\Session\Handlers\FileHandler' driver.
INFO - 2026-05-11 13:58:58 --> Session: Class initialized using 'CodeIgniter\Session\Handlers\FileHandler' driver.
INFO - 2026-05-11 13:58:58 --> Session: Class initialized using 'CodeIgniter\Session\Handlers\FileHandler' driver.
INFO - 2026-05-11 13:58:58 --> Session: Class initialized using 'CodeIgniter\Session\Handlers\FileHandler' driver.
INFO - 2026-05-11 13:58:58 --> Session: Class initialized using 'CodeIgniter\Session\Handlers\FileHandler' driver.
INFO - 2026-05-11 13:59:03 --> Session: Class initialized using 'CodeIgniter\Session\Handlers\FileHandler' driver.
INFO - 2026-05-11 13:59:04 --> Session: Class initialized using 'CodeIgniter\Session\Handlers\FileHandler' driver.
INFO - 2026-05-11 13:59:04 --> Session: Class initialized using 'CodeIgniter\Session\Handlers\FileHandler' driver.
INFO - 2026-05-11 13:59:04 --> Session: Class initialized using 'CodeIgniter\Session\Handlers\FileHandler' driver.
INFO - 2026-05-11 13:59:04 --> Session: Class initialized using 'CodeIgniter\Session\Handlers\FileHandler' driver.
INFO - 2026-05-11 13:59:04 --> Session: Class initialized using 'CodeIgniter\Session\Handlers\FileHandler' driver.
INFO - 2026-05-11 13:59:04 --> Session: Class initialized using 'CodeIgniter\Session\Handlers\FileHandler' driver.
INFO - 2026-05-11 13:59:04 --> Session: Class initialized using 'CodeIgniter\Session\Handlers\FileHandler' driver.
INFO - 2026-05-11 13:59:04 --> Session: Class initialized using 'CodeIgniter\Session\Handlers\FileHandler' driver.
INFO - 2026-05-11 13:59:04 --> Session: Class initialized using 'CodeIgniter\Session\Handlers\FileHandler' driver.
INFO - 2026-05-11 13:59:22 --> Session: Class initialized using 'CodeIgniter\Session\Handlers\FileHandler' driver.
INFO - 2026-05-11 13:59:22 --> Session: Class initialized using 'CodeIgniter\Session\Handlers\FileHandler' driver.
INFO - 2026-05-11 13:59:23 --> Session: Class initialized using 'CodeIgniter\Session\Handlers\FileHandler' driver.
INFO - 2026-05-11 13:59:23 --> Session: Class initialized using 'CodeIgniter\Session\Handlers\FileHandler' driver.
INFO - 2026-05-11 13:59:23 --> Session: Class initialized using 'CodeIgniter\Session\Handlers\FileHandler' driver.
INFO - 2026-05-11 13:59:23 --> Session: Class initialized using 'CodeIgniter\Session\Handlers\FileHandler' driver.
INFO - 2026-05-11 13:59:23 --> Session: Class initialized using 'CodeIgniter\Session\Handlers\FileHandler' driver.
INFO - 2026-05-11 13:59:23 --> Session: Class initialized using 'CodeIgniter\Session\Handlers\FileHandler' driver.
INFO - 2026-05-11 13:59:23 --> Session: Class initialized using 'CodeIgniter\Session\Handlers\FileHandler' driver.
INFO - 2026-05-11 13:59:23 --> Session: Class initialized using 'CodeIgniter\Session\Handlers\FileHandler' driver.
INFO - 2026-05-11 13:59:23 --> Session: Class initialized using 'CodeIgniter\Session\Handlers\FileHandler' driver.
INFO - 2026-05-11 13:59:23 --> Session: Class initialized using 'CodeIgniter\Session\Handlers\FileHandler' driver.
INFO - 2026-05-11 13:59:23 --> Session: Class initialized using 'CodeIgniter\Session\Handlers\FileHandler' driver.
INFO - 2026-05-11 13:59:23 --> Session: Class initialized using 'CodeIgniter\Session\Handlers\FileHandler' driver.
INFO - 2026-05-11 13:59:23 --> Session: Class initialized using 'CodeIgniter\Session\Handlers\FileHandler' driver.
INFO - 2026-05-11 13:59:24 --> Session: Class initialized using 'CodeIgniter\Session\Handlers\FileHandler' driver.
INFO - 2026-05-11 13:59:37 --> Session: Class initialized using 'CodeIgniter\Session\Handlers\FileHandler' driver.
INFO - 2026-05-11 13:59:37 --> Session: Class initialized using 'CodeIgniter\Session\Handlers\FileHandler' driver.
INFO - 2026-05-11 13:59:38 --> Session: Class initialized using 'CodeIgniter\Session\Handlers\FileHandler' driver.
INFO - 2026-05-11 13:59:38 --> Session: Class initialized using 'CodeIgniter\Session\Handlers\FileHandler' driver.
INFO - 2026-05-11 13:59:38 --> Session: Class initialized using 'CodeIgniter\Session\Handlers\FileHandler' driver.
INFO - 2026-05-11 13:59:38 --> Session: Class initialized using 'CodeIgniter\Session\Handlers\FileHandler' driver.
INFO - 2026-05-11 13:59:38 --> Session: Class initialized using 'CodeIgniter\Session\Handlers\FileHandler' driver.
INFO - 2026-05-11 13:59:38 --> Session: Class initialized using 'CodeIgniter\Session\Handlers\FileHandler' driver.
INFO - 2026-05-11 13:59:38 --> Session: Class initialized using 'CodeIgniter\Session\Handlers\FileHandler' driver.
INFO - 2026-05-11 13:59:38 --> Session: Class initialized using 'CodeIgniter\Session\Handlers\FileHandler' driver.
INFO - 2026-05-11 13:59:38 --> Session: Class initialized using 'CodeIgniter\Session\Handlers\FileHandler' driver.
INFO - 2026-05-11 13:59:38 --> Session: Class initialized using 'CodeIgniter\Session\Handlers\FileHandler' driver.
INFO - 2026-05-11 13:59:38 --> Session: Class initialized using 'CodeIgniter\Session\Handlers\FileHandler' driver.
INFO - 2026-05-11 13:59:38 --> Session: Class initialized using 'CodeIgniter\Session\Handlers\FileHandler' driver.
INFO - 2026-05-11 13:59:38 --> Session: Class initialized using 'CodeIgniter\Session\Handlers\FileHandler' driver.
INFO - 2026-05-11 13:59:38 --> Session: Class initialized using 'CodeIgniter\Session\Handlers\FileHandler' driver.
INFO - 2026-05-11 13:59:38 --> Session: Class initialized using 'CodeIgniter\Session\Handlers\FileHandler' driver.
INFO - 2026-05-11 13:59:38 --> Session: Class initialized using 'CodeIgniter\Session\Handlers\FileHandler' driver.
INFO - 2026-05-11 13:59:38 --> Session: Class initialized using 'CodeIgniter\Session\Handlers\FileHandler' driver.
INFO - 2026-05-11 13:59:38 --> Session: Class initialized using 'CodeIgniter\Session\Handlers\FileHandler' driver.
INFO - 2026-05-11 13:59:38 --> Session: Class initialized using 'CodeIgniter\Session\Handlers\FileHandler' driver.
INFO - 2026-05-11 13:59:38 --> Session: Class initialized using 'CodeIgniter\Session\Handlers\FileHandler' driver.
INFO - 2026-05-11 13:59:38 --> Session: Class initialized using 'CodeIgniter\Session\Handlers\FileHandler' driver.
INFO - 2026-05-11 13:59:38 --> Session: Class initialized using 'CodeIgniter\Session\Handlers\FileHandler' driver.
INFO - 2026-05-11 13:59:38 --> Session: Class initialized using 'CodeIgniter\Session\Handlers\FileHandler' driver.
INFO - 2026-05-11 13:59:38 --> Session: Class initialized using 'CodeIgniter\Session\Handlers\FileHandler' driver.
INFO - 2026-05-11 13:59:48 --> Session: Class initialized using 'CodeIgniter\Session\Handlers\FileHandler' driver.
INFO - 2026-05-11 13:59:48 --> Session: Class initialized using 'CodeIgniter\Session\Handlers\FileHandler' driver.
INFO - 2026-05-11 13:59:49 --> Session: Class initialized using 'CodeIgniter\Session\Handlers\FileHandler' driver.
INFO - 2026-05-11 13:59:49 --> Session: Class initialized using 'CodeIgniter\Session\Handlers\FileHandler' driver.
INFO - 2026-05-11 13:59:49 --> Session: Class initialized using 'CodeIgniter\Session\Handlers\FileHandler' driver.
INFO - 2026-05-11 13:59:49 --> Session: Class initialized using 'CodeIgniter\Session\Handlers\FileHandler' driver.
INFO - 2026-05-11 13:59:49 --> Session: Class initialized using 'CodeIgniter\Session\Handlers\FileHandler' driver.
INFO - 2026-05-11 13:59:49 --> Session: Class initialized using 'CodeIgniter\Session\Handlers\FileHandler' driver.
INFO - 2026-05-11 13:59:49 --> Session: Class initialized using 'CodeIgniter\Session\Handlers\FileHandler' driver.
INFO - 2026-05-11 13:59:49 --> Session: Class initialized using 'CodeIgniter\Session\Handlers\FileHandler' driver.
INFO - 2026-05-11 13:59:49 --> Session: Class initialized using 'CodeIgniter\Session\Handlers\FileHandler' driver.
INFO - 2026-05-11 13:59:49 --> Session: Class initialized using 'CodeIgniter\Session\Handlers\FileHandler' driver.
INFO - 2026-05-11 13:59:49 --> Session: Class initialized using 'CodeIgniter\Session\Handlers\FileHandler' driver.
INFO - 2026-05-11 13:59:49 --> Session: Class initialized using 'CodeIgniter\Session\Handlers\FileHandler' driver.
INFO - 2026-05-11 13:59:49 --> Session: Class initialized using 'CodeIgniter\Session\Handlers\FileHandler' driver.
INFO - 2026-05-11 13:59:49 --> Session: Class initialized using 'CodeIgniter\Session\Handlers\FileHandler' driver.
INFO - 2026-05-11 13:59:49 --> Session: Class initialized using 'CodeIgniter\Session\Handlers\FileHandler' driver.
INFO - 2026-05-11 13:59:49 --> Session: Class initialized using 'CodeIgniter\Session\Handlers\FileHandler' driver.
INFO - 2026-05-11 13:59:49 --> Session: Class initialized using 'CodeIgniter\Session\Handlers\FileHandler' driver.
INFO - 2026-05-11 13:59:49 --> Session: Class initialized using 'CodeIgniter\Session\Handlers\FileHandler' driver.
INFO - 2026-05-11 13:59:50 --> Session: Class initialized using 'CodeIgniter\Session\Handlers\FileHandler' driver.
INFO - 2026-05-11 13:59:50 --> Session: Class initialized using 'CodeIgniter\Session\Handlers\FileHandler' driver.
INFO - 2026-05-11 13:59:50 --> Session: Class initialized using 'CodeIgniter\Session\Handlers\FileHandler' driver.
INFO - 2026-05-11 13:59:50 --> Session: Class initialized using 'CodeIgniter\Session\Handlers\FileHandler' driver.
INFO - 2026-05-11 13:59:50 --> Session: Class initialized using 'CodeIgniter\Session\Handlers\FileHandler' driver.
INFO - 2026-05-11 13:59:50 --> Session: Class initialized using 'CodeIgniter\Session\Handlers\FileHandler' driver.
INFO - 2026-05-11 13:59:50 --> Session: Class initialized using 'CodeIgniter\Session\Handlers\FileHandler' driver.
INFO - 2026-05-11 13:59:50 --> Session: Class initialized using 'CodeIgniter\Session\Handlers\FileHandler' driver.
INFO - 2026-05-11 13:59:50 --> Session: Class initialized using 'CodeIgniter\Session\Handlers\FileHandler' driver.
INFO - 2026-05-11 13:59:50 --> Session: Class initialized using 'CodeIgniter\Session\Handlers\FileHandler' driver.
INFO - 2026-05-11 13:59:50 --> Session: Class initialized using 'CodeIgniter\Session\Handlers\FileHandler' driver.
INFO - 2026-05-11 13:59:50 --> Session: Class initialized using 'CodeIgniter\Session\Handlers\FileHandler' driver.
INFO - 2026-05-11 13:59:50 --> Session: Class initialized using 'CodeIgniter\Session\Handlers\FileHandler' driver.
INFO - 2026-05-11 13:59:50 --> Session: Class initialized using 'CodeIgniter\Session\Handlers\FileHandler' driver.
INFO - 2026-05-11 13:59:50 --> Session: Class initialized using 'CodeIgniter\Session\Handlers\FileHandler' driver.
INFO - 2026-05-11 13:59:50 --> Session: Class initialized using 'CodeIgniter\Session\Handlers\FileHandler' driver.
INFO - 2026-05-11 13:59:50 --> Session: Class initialized using 'CodeIgniter\Session\Handlers\FileHandler' driver.
INFO - 2026-05-11 13:59:50 --> Session: Class initialized using 'CodeIgniter\Session\Handlers\FileHandler' driver.
INFO - 2026-05-11 13:59:50 --> Session: Class initialized using 'CodeIgniter\Session\Handlers\FileHandler' driver.
INFO - 2026-05-11 13:59:50 --> Session: Class initialized using 'CodeIgniter\Session\Handlers\FileHandler' driver.
INFO - 2026-05-11 13:59:50 --> Session: Class initialized using 'CodeIgniter\Session\Handlers\FileHandler' driver.
INFO - 2026-05-11 13:59:50 --> Session: Class initialized using 'CodeIgniter\Session\Handlers\FileHandler' driver.
INFO - 2026-05-11 13:59:50 --> Session: Class initialized using 'CodeIgniter\Session\Handlers\FileHandler' driver.
INFO - 2026-05-11 13:59:57 --> Session: Class initialized using 'CodeIgniter\Session\Handlers\FileHandler' driver.
INFO - 2026-05-11 13:59:58 --> Session: Class initialized using 'CodeIgniter\Session\Handlers\FileHandler' driver.
INFO - 2026-05-11 13:59:58 --> Session: Class initialized using 'CodeIgniter\Session\Handlers\FileHandler' driver.
INFO - 2026-05-11 13:59:58 --> Session: Class initialized using 'CodeIgniter\Session\Handlers\FileHandler' driver.
INFO - 2026-05-11 13:59:58 --> Session: Class initialized using 'CodeIgniter\Session\Handlers\FileHandler' driver.
INFO - 2026-05-11 13:59:58 --> Session: Class initialized using 'CodeIgniter\Session\Handlers\FileHandler' driver.
INFO - 2026-05-11 13:59:58 --> Session: Class initialized using 'CodeIgniter\Session\Handlers\FileHandler' driver.
INFO - 2026-05-11 13:59:58 --> Session: Class initialized using 'CodeIgniter\Session\Handlers\FileHandler' driver.
INFO - 2026-05-11 13:59:58 --> Session: Class initialized using 'CodeIgniter\Session\Handlers\FileHandler' driver.
INFO - 2026-05-11 13:59:58 --> Session: Class initialized using 'CodeIgniter\Session\Handlers\FileHandler' driver.
INFO - 2026-05-11 13:59:58 --> Session: Class initialized using 'CodeIgniter\Session\Handlers\FileHandler' driver.
INFO - 2026-05-11 13:59:58 --> Session: Class initialized using 'CodeIgniter\Session\Handlers\FileHandler' driver.
INFO - 2026-05-11 13:59:58 --> Session: Class initialized using 'CodeIgniter\Session\Handlers\FileHandler' driver.
INFO - 2026-05-11 13:59:58 --> Session: Class initialized using 'CodeIgniter\Session\Handlers\FileHandler' driver.
INFO - 2026-05-11 13:59:58 --> Session: Class initialized using 'CodeIgniter\Session\Handlers\FileHandler' driver.
INFO - 2026-05-11 13:59:59 --> Session: Class initialized using 'CodeIgniter\Session\Handlers\FileHandler' driver.
INFO - 2026-05-11 13:59:59 --> Session: Class initialized using 'CodeIgniter\Session\Handlers\FileHandler' driver.
INFO - 2026-05-11 13:59:59 --> Session: Class initialized using 'CodeIgniter\Session\Handlers\FileHandler' driver.
INFO - 2026-05-11 13:59:59 --> Session: Class initialized using 'CodeIgniter\Session\Handlers\FileHandler' driver.
INFO - 2026-05-11 14:00:15 --> Session: Class initialized using 'CodeIgniter\Session\Handlers\FileHandler' driver.
INFO - 2026-05-11 14:00:16 --> Session: Class initialized using 'CodeIgniter\Session\Handlers\FileHandler' driver.
INFO - 2026-05-11 14:00:21 --> Session: Class initialized using 'CodeIgniter\Session\Handlers\FileHandler' driver.
INFO - 2026-05-11 14:00:22 --> Session: Class initialized using 'CodeIgniter\Session\Handlers\FileHandler' driver.
INFO - 2026-05-11 14:00:25 --> Session: Class initialized using 'CodeIgniter\Session\Handlers\FileHandler' driver.
INFO - 2026-05-11 14:00:26 --> Session: Class initialized using 'CodeIgniter\Session\Handlers\FileHandler' driver.
INFO - 2026-05-11 14:00:30 --> Session: Class initialized using 'CodeIgniter\Session\Handlers\FileHandler' driver.
INFO - 2026-05-11 14:00:30 --> Session: Class initialized using 'CodeIgniter\Session\Handlers\FileHandler' driver.
INFO - 2026-05-11 14:00:33 --> Session: Class initialized using 'CodeIgniter\Session\Handlers\FileHandler' driver.
INFO - 2026-05-11 14:00:34 --> Session: Class initialized using 'CodeIgniter\Session\Handlers\FileHandler' driver.
INFO - 2026-05-11 14:23:52 --> Session: Class initialized using 'CodeIgniter\Session\Handlers\FileHandler' driver.
INFO - 2026-05-11 14:23:52 --> Session: Class initialized using 'CodeIgniter\Session\Handlers\FileHandler' driver.
INFO - 2026-05-11 14:23:54 --> Session: Class initialized using 'CodeIgniter\Session\Handlers\FileHandler' driver.
INFO - 2026-05-11 14:23:54 --> Session: Class initialized using 'CodeIgniter\Session\Handlers\FileHandler' driver.
WARNING - 2026-05-11 14:23:54 --> [DEPRECATED] error_log(): Passing null to parameter #1 ($message) of type string is deprecated in APPPATH\Controllers\Admin.php on line 170.
 1 APPPATH\Controllers\Admin.php(170): error_log(null)
 2 SYSTEMPATH\CodeIgniter.php(934): App\Controllers\Admin->getRecentNews()
 3 SYSTEMPATH\CodeIgniter.php(499): CodeIgniter\CodeIgniter->runController(Object(App\Controllers\Admin))
 4 SYSTEMPATH\CodeIgniter.php(368): CodeIgniter\CodeIgniter->handleRequest(null, Object(Config\Cache), false)
 5 FCPATH\index.php(67): CodeIgniter\CodeIgniter->run()
INFO - 2026-05-11 14:23:54 --> Session: Class initialized using 'CodeIgniter\Session\Handlers\FileHandler' driver.
WARNING - 2026-05-11 14:23:55 --> [DEPRECATED] error_log(): Passing null to parameter #1 ($message) of type string is deprecated in APPPATH\Controllers\Admin.php on line 203.
 1 APPPATH\Controllers\Admin.php(203): error_log(null)
 2 SYSTEMPATH\CodeIgniter.php(934): App\Controllers\Admin->getRecentAnns()
 3 SYSTEMPATH\CodeIgniter.php(499): CodeIgniter\CodeIgniter->runController(Object(App\Controllers\Admin))
 4 SYSTEMPATH\CodeIgniter.php(368): CodeIgniter\CodeIgniter->handleRequest(null, Object(Config\Cache), false)
 5 FCPATH\index.php(67): CodeIgniter\CodeIgniter->run()
INFO - 2026-05-11 14:23:55 --> Session: Class initialized using 'CodeIgniter\Session\Handlers\FileHandler' driver.
INFO - 2026-05-11 14:23:55 --> Session: Class initialized using 'CodeIgniter\Session\Handlers\FileHandler' driver.
INFO - 2026-05-11 14:23:56 --> Session: Class initialized using 'CodeIgniter\Session\Handlers\FileHandler' driver.
INFO - 2026-05-11 14:23:56 --> Session: Class initialized using 'CodeIgniter\Session\Handlers\FileHandler' driver.
INFO - 2026-05-11 14:23:56 --> Session: Class initialized using 'CodeIgniter\Session\Handlers\FileHandler' driver.
INFO - 2026-05-11 14:23:56 --> Session: Class initialized using 'CodeIgniter\Session\Handlers\FileHandler' driver.
INFO - 2026-05-11 14:23:56 --> Session: Class initialized using 'CodeIgniter\Session\Handlers\FileHandler' driver.
INFO - 2026-05-11 14:23:56 --> Session: Class initialized using 'CodeIgniter\Session\Handlers\FileHandler' driver.
INFO - 2026-05-11 14:23:56 --> Session: Class initialized using 'CodeIgniter\Session\Handlers\FileHandler' driver.
INFO - 2026-05-11 14:23:56 --> Session: Class initialized using 'CodeIgniter\Session\Handlers\FileHandler' driver.
INFO - 2026-05-11 14:23:56 --> Session: Class initialized using 'CodeIgniter\Session\Handlers\FileHandler' driver.
INFO - 2026-05-11 14:23:56 --> Session: Class initialized using 'CodeIgniter\Session\Handlers\FileHandler' driver.
INFO - 2026-05-11 14:23:56 --> Session: Class initialized using 'CodeIgniter\Session\Handlers\FileHandler' driver.
INFO - 2026-05-11 14:23:56 --> Session: Class initialized using 'CodeIgniter\Session\Handlers\FileHandler' driver.
INFO - 2026-05-11 14:23:56 --> Session: Class initialized using 'CodeIgniter\Session\Handlers\FileHandler' driver.
INFO - 2026-05-11 14:23:56 --> Session: Class initialized using 'CodeIgniter\Session\Handlers\FileHandler' driver.
INFO - 2026-05-11 14:23:56 --> Session: Class initialized using 'CodeIgniter\Session\Handlers\FileHandler' driver.
INFO - 2026-05-11 14:23:56 --> Session: Class initialized using 'CodeIgniter\Session\Handlers\FileHandler' driver.
INFO - 2026-05-11 14:23:56 --> Session: Class initialized using 'CodeIgniter\Session\Handlers\FileHandler' driver.
INFO - 2026-05-11 14:23:56 --> Session: Class initialized using 'CodeIgniter\Session\Handlers\FileHandler' driver.
INFO - 2026-05-11 14:23:56 --> Session: Class initialized using 'CodeIgniter\Session\Handlers\FileHandler' driver.
INFO - 2026-05-11 14:23:56 --> Session: Class initialized using 'CodeIgniter\Session\Handlers\FileHandler' driver.
INFO - 2026-05-11 14:23:59 --> Session: Class initialized using 'CodeIgniter\Session\Handlers\FileHandler' driver.
INFO - 2026-05-11 14:24:00 --> Session: Class initialized using 'CodeIgniter\Session\Handlers\FileHandler' driver.
INFO - 2026-05-11 14:24:00 --> Session: Class initialized using 'CodeIgniter\Session\Handlers\FileHandler' driver.
INFO - 2026-05-11 14:24:00 --> Session: Class initialized using 'CodeIgniter\Session\Handlers\FileHandler' driver.
INFO - 2026-05-11 14:24:00 --> Session: Class initialized using 'CodeIgniter\Session\Handlers\FileHandler' driver.
INFO - 2026-05-11 14:24:00 --> Session: Class initialized using 'CodeIgniter\Session\Handlers\FileHandler' driver.
INFO - 2026-05-11 14:24:00 --> Session: Class initialized using 'CodeIgniter\Session\Handlers\FileHandler' driver.
INFO - 2026-05-11 14:24:00 --> Session: Class initialized using 'CodeIgniter\Session\Handlers\FileHandler' driver.
INFO - 2026-05-11 14:24:01 --> Session: Class initialized using 'CodeIgniter\Session\Handlers\FileHandler' driver.
INFO - 2026-05-11 14:24:01 --> Session: Class initialized using 'CodeIgniter\Session\Handlers\FileHandler' driver.
INFO - 2026-05-11 14:24:04 --> Session: Class initialized using 'CodeIgniter\Session\Handlers\FileHandler' driver.
INFO - 2026-05-11 14:24:05 --> Session: Class initialized using 'CodeIgniter\Session\Handlers\FileHandler' driver.
INFO - 2026-05-11 14:24:09 --> Session: Class initialized using 'CodeIgniter\Session\Handlers\FileHandler' driver.
INFO - 2026-05-11 14:24:09 --> Session: Class initialized using 'CodeIgniter\Session\Handlers\FileHandler' driver.
INFO - 2026-05-11 14:24:10 --> Session: Class initialized using 'CodeIgniter\Session\Handlers\FileHandler' driver.
INFO - 2026-05-11 14:24:10 --> Session: Class initialized using 'CodeIgniter\Session\Handlers\FileHandler' driver.
INFO - 2026-05-11 14:24:10 --> Session: Class initialized using 'CodeIgniter\Session\Handlers\FileHandler' driver.
INFO - 2026-05-11 14:24:10 --> Session: Class initialized using 'CodeIgniter\Session\Handlers\FileHandler' driver.
INFO - 2026-05-11 14:24:10 --> Session: Class initialized using 'CodeIgniter\Session\Handlers\FileHandler' driver.
INFO - 2026-05-11 14:24:10 --> Session: Class initialized using 'CodeIgniter\Session\Handlers\FileHandler' driver.
INFO - 2026-05-11 14:24:10 --> Session: Class initialized using 'CodeIgniter\Session\Handlers\FileHandler' driver.
INFO - 2026-05-11 14:24:10 --> Session: Class initialized using 'CodeIgniter\Session\Handlers\FileHandler' driver.
INFO - 2026-05-11 14:24:14 --> Session: Class initialized using 'CodeIgniter\Session\Handlers\FileHandler' driver.
INFO - 2026-05-11 14:24:14 --> Session: Class initialized using 'CodeIgniter\Session\Handlers\FileHandler' driver.
INFO - 2026-05-11 14:24:18 --> Session: Class initialized using 'CodeIgniter\Session\Handlers\FileHandler' driver.
INFO - 2026-05-11 14:24:18 --> Session: Class initialized using 'CodeIgniter\Session\Handlers\FileHandler' driver.
INFO - 2026-05-11 14:24:23 --> Session: Class initialized using 'CodeIgniter\Session\Handlers\FileHandler' driver.
INFO - 2026-05-11 14:24:24 --> Session: Class initialized using 'CodeIgniter\Session\Handlers\FileHandler' driver.
INFO - 2026-05-11 14:24:28 --> Session: Class initialized using 'CodeIgniter\Session\Handlers\FileHandler' driver.
INFO - 2026-05-11 14:24:29 --> Session: Class initialized using 'CodeIgniter\Session\Handlers\FileHandler' driver.
INFO - 2026-05-11 14:24:33 --> Session: Class initialized using 'CodeIgniter\Session\Handlers\FileHandler' driver.
INFO - 2026-05-11 14:24:33 --> Session: Class initialized using 'CodeIgniter\Session\Handlers\FileHandler' driver.
INFO - 2026-05-11 14:24:39 --> Session: Class initialized using 'CodeIgniter\Session\Handlers\FileHandler' driver.
INFO - 2026-05-11 14:24:40 --> Session: Class initialized using 'CodeIgniter\Session\Handlers\FileHandler' driver.
INFO - 2026-05-11 14:24:40 --> Session: Class initialized using 'CodeIgniter\Session\Handlers\FileHandler' driver.
INFO - 2026-05-11 14:24:40 --> Session: Class initialized using 'CodeIgniter\Session\Handlers\FileHandler' driver.
INFO - 2026-05-11 14:24:40 --> Session: Class initialized using 'CodeIgniter\Session\Handlers\FileHandler' driver.
INFO - 2026-05-11 14:24:40 --> Session: Class initialized using 'CodeIgniter\Session\Handlers\FileHandler' driver.
INFO - 2026-05-11 14:24:40 --> Session: Class initialized using 'CodeIgniter\Session\Handlers\FileHandler' driver.
INFO - 2026-05-11 14:24:40 --> Session: Class initialized using 'CodeIgniter\Session\Handlers\FileHandler' driver.
INFO - 2026-05-11 14:24:40 --> Session: Class initialized using 'CodeIgniter\Session\Handlers\FileHandler' driver.
INFO - 2026-05-11 14:24:40 --> Session: Class initialized using 'CodeIgniter\Session\Handlers\FileHandler' driver.
INFO - 2026-05-11 14:24:40 --> Session: Class initialized using 'CodeIgniter\Session\Handlers\FileHandler' driver.
INFO - 2026-05-11 14:24:40 --> Session: Class initialized using 'CodeIgniter\Session\Handlers\FileHandler' driver.
INFO - 2026-05-11 14:24:40 --> Session: Class initialized using 'CodeIgniter\Session\Handlers\FileHandler' driver.
INFO - 2026-05-11 14:24:41 --> Session: Class initialized using 'CodeIgniter\Session\Handlers\FileHandler' driver.
INFO - 2026-05-11 14:24:41 --> Session: Class initialized using 'CodeIgniter\Session\Handlers\FileHandler' driver.
INFO - 2026-05-11 14:24:41 --> Session: Class initialized using 'CodeIgniter\Session\Handlers\FileHandler' driver.
INFO - 2026-05-11 14:24:41 --> Session: Class initialized using 'CodeIgniter\Session\Handlers\FileHandler' driver.
INFO - 2026-05-11 14:24:41 --> Session: Class initialized using 'CodeIgniter\Session\Handlers\FileHandler' driver.
INFO - 2026-05-11 14:24:41 --> Session: Class initialized using 'CodeIgniter\Session\Handlers\FileHandler' driver.
INFO - 2026-05-11 14:24:41 --> Session: Class initialized using 'CodeIgniter\Session\Handlers\FileHandler' driver.
INFO - 2026-05-11 14:24:41 --> Session: Class initialized using 'CodeIgniter\Session\Handlers\FileHandler' driver.
INFO - 2026-05-11 14:24:41 --> Session: Class initialized using 'CodeIgniter\Session\Handlers\FileHandler' driver.
INFO - 2026-05-11 14:24:41 --> Session: Class initialized using 'CodeIgniter\Session\Handlers\FileHandler' driver.
INFO - 2026-05-11 14:24:41 --> Session: Class initialized using 'CodeIgniter\Session\Handlers\FileHandler' driver.
INFO - 2026-05-11 14:24:41 --> Session: Class initialized using 'CodeIgniter\Session\Handlers\FileHandler' driver.
INFO - 2026-05-11 14:24:41 --> Session: Class initialized using 'CodeIgniter\Session\Handlers\FileHandler' driver.
INFO - 2026-05-11 14:24:44 --> Session: Class initialized using 'CodeIgniter\Session\Handlers\FileHandler' driver.
INFO - 2026-05-11 14:24:44 --> Session: Class initialized using 'CodeIgniter\Session\Handlers\FileHandler' driver.
INFO - 2026-05-11 14:24:50 --> Session: Class initialized using 'CodeIgniter\Session\Handlers\FileHandler' driver.
INFO - 2026-05-11 14:24:50 --> Session: Class initialized using 'CodeIgniter\Session\Handlers\FileHandler' driver.
INFO - 2026-05-11 14:24:54 --> Session: Class initialized using 'CodeIgniter\Session\Handlers\FileHandler' driver.
INFO - 2026-05-11 14:24:54 --> Session: Class initialized using 'CodeIgniter\Session\Handlers\FileHandler' driver.
INFO - 2026-05-11 14:24:54 --> Session: Class initialized using 'CodeIgniter\Session\Handlers\FileHandler' driver.
INFO - 2026-05-11 14:24:54 --> Session: Class initialized using 'CodeIgniter\Session\Handlers\FileHandler' driver.
INFO - 2026-05-11 14:24:55 --> Session: Class initialized using 'CodeIgniter\Session\Handlers\FileHandler' driver.
INFO - 2026-05-11 14:24:55 --> Session: Class initialized using 'CodeIgniter\Session\Handlers\FileHandler' driver.
INFO - 2026-05-11 14:24:55 --> Session: Class initialized using 'CodeIgniter\Session\Handlers\FileHandler' driver.
INFO - 2026-05-11 14:24:55 --> Session: Class initialized using 'CodeIgniter\Session\Handlers\FileHandler' driver.
INFO - 2026-05-11 14:24:55 --> Session: Class initialized using 'CodeIgniter\Session\Handlers\FileHandler' driver.
INFO - 2026-05-11 14:24:55 --> Session: Class initialized using 'CodeIgniter\Session\Handlers\FileHandler' driver.
INFO - 2026-05-11 14:24:55 --> Session: Class initialized using 'CodeIgniter\Session\Handlers\FileHandler' driver.
INFO - 2026-05-11 14:24:55 --> Session: Class initialized using 'CodeIgniter\Session\Handlers\FileHandler' driver.
INFO - 2026-05-11 14:24:55 --> Session: Class initialized using 'CodeIgniter\Session\Handlers\FileHandler' driver.
INFO - 2026-05-11 14:24:55 --> Session: Class initialized using 'CodeIgniter\Session\Handlers\FileHandler' driver.
INFO - 2026-05-11 14:24:55 --> Session: Class initialized using 'CodeIgniter\Session\Handlers\FileHandler' driver.
INFO - 2026-05-11 14:24:55 --> Session: Class initialized using 'CodeIgniter\Session\Handlers\FileHandler' driver.
INFO - 2026-05-11 14:24:55 --> Session: Class initialized using 'CodeIgniter\Session\Handlers\FileHandler' driver.
INFO - 2026-05-11 14:24:55 --> Session: Class initialized using 'CodeIgniter\Session\Handlers\FileHandler' driver.
INFO - 2026-05-11 14:24:55 --> Session: Class initialized using 'CodeIgniter\Session\Handlers\FileHandler' driver.
INFO - 2026-05-11 14:24:55 --> Session: Class initialized using 'CodeIgniter\Session\Handlers\FileHandler' driver.
INFO - 2026-05-11 14:24:55 --> Session: Class initialized using 'CodeIgniter\Session\Handlers\FileHandler' driver.
INFO - 2026-05-11 14:24:55 --> Session: Class initialized using 'CodeIgniter\Session\Handlers\FileHandler' driver.
INFO - 2026-05-11 14:24:55 --> Session: Class initialized using 'CodeIgniter\Session\Handlers\FileHandler' driver.
INFO - 2026-05-11 14:24:55 --> Session: Class initialized using 'CodeIgniter\Session\Handlers\FileHandler' driver.
INFO - 2026-05-11 14:24:55 --> Session: Class initialized using 'CodeIgniter\Session\Handlers\FileHandler' driver.
INFO - 2026-05-11 14:24:55 --> Session: Class initialized using 'CodeIgniter\Session\Handlers\FileHandler' driver.
INFO - 2026-05-11 14:24:55 --> Session: Class initialized using 'CodeIgniter\Session\Handlers\FileHandler' driver.
INFO - 2026-05-11 14:24:55 --> Session: Class initialized using 'CodeIgniter\Session\Handlers\FileHandler' driver.
INFO - 2026-05-11 14:24:56 --> Session: Class initialized using 'CodeIgniter\Session\Handlers\FileHandler' driver.
INFO - 2026-05-11 14:24:56 --> Session: Class initialized using 'CodeIgniter\Session\Handlers\FileHandler' driver.
INFO - 2026-05-11 14:24:56 --> Session: Class initialized using 'CodeIgniter\Session\Handlers\FileHandler' driver.
INFO - 2026-05-11 14:24:56 --> Session: Class initialized using 'CodeIgniter\Session\Handlers\FileHandler' driver.
INFO - 2026-05-11 14:24:56 --> Session: Class initialized using 'CodeIgniter\Session\Handlers\FileHandler' driver.
INFO - 2026-05-11 14:24:56 --> Session: Class initialized using 'CodeIgniter\Session\Handlers\FileHandler' driver.
INFO - 2026-05-11 14:24:56 --> Session: Class initialized using 'CodeIgniter\Session\Handlers\FileHandler' driver.
INFO - 2026-05-11 14:24:56 --> Session: Class initialized using 'CodeIgniter\Session\Handlers\FileHandler' driver.
INFO - 2026-05-11 14:24:56 --> Session: Class initialized using 'CodeIgniter\Session\Handlers\FileHandler' driver.
INFO - 2026-05-11 14:24:56 --> Session: Class initialized using 'CodeIgniter\Session\Handlers\FileHandler' driver.
INFO - 2026-05-11 14:24:56 --> Session: Class initialized using 'CodeIgniter\Session\Handlers\FileHandler' driver.
INFO - 2026-05-11 14:24:56 --> Session: Class initialized using 'CodeIgniter\Session\Handlers\FileHandler' driver.
INFO - 2026-05-11 14:24:56 --> Session: Class initialized using 'CodeIgniter\Session\Handlers\FileHandler' driver.
INFO - 2026-05-11 14:24:56 --> Session: Class initialized using 'CodeIgniter\Session\Handlers\FileHandler' driver.
INFO - 2026-05-11 14:24:56 --> Session: Class initialized using 'CodeIgniter\Session\Handlers\FileHandler' driver.
INFO - 2026-05-11 14:24:57 --> Session: Class initialized using 'CodeIgniter\Session\Handlers\FileHandler' driver.
INFO - 2026-05-11 14:24:57 --> Session: Class initialized using 'CodeIgniter\Session\Handlers\FileHandler' driver.
INFO - 2026-05-11 14:25:05 --> Session: Class initialized using 'CodeIgniter\Session\Handlers\FileHandler' driver.
INFO - 2026-05-11 14:25:06 --> Session: Class initialized using 'CodeIgniter\Session\Handlers\FileHandler' driver.
INFO - 2026-05-11 14:25:07 --> Session: Class initialized using 'CodeIgniter\Session\Handlers\FileHandler' driver.
INFO - 2026-05-11 14:25:08 --> Session: Class initialized using 'CodeIgniter\Session\Handlers\FileHandler' driver.
INFO - 2026-05-11 14:25:08 --> Session: Class initialized using 'CodeIgniter\Session\Handlers\FileHandler' driver.
INFO - 2026-05-11 14:25:08 --> Session: Class initialized using 'CodeIgniter\Session\Handlers\FileHandler' driver.
INFO - 2026-05-11 14:25:08 --> Session: Class initialized using 'CodeIgniter\Session\Handlers\FileHandler' driver.
INFO - 2026-05-11 14:25:08 --> Session: Class initialized using 'CodeIgniter\Session\Handlers\FileHandler' driver.
INFO - 2026-05-11 14:25:08 --> Session: Class initialized using 'CodeIgniter\Session\Handlers\FileHandler' driver.
INFO - 2026-05-11 14:25:08 --> Session: Class initialized using 'CodeIgniter\Session\Handlers\FileHandler' driver.
INFO - 2026-05-11 14:25:09 --> Session: Class initialized using 'CodeIgniter\Session\Handlers\FileHandler' driver.
INFO - 2026-05-11 14:25:09 --> Session: Class initialized using 'CodeIgniter\Session\Handlers\FileHandler' driver.
INFO - 2026-05-11 14:25:09 --> Session: Class initialized using 'CodeIgniter\Session\Handlers\FileHandler' driver.
INFO - 2026-05-11 14:25:09 --> Session: Class initialized using 'CodeIgniter\Session\Handlers\FileHandler' driver.
INFO - 2026-05-11 14:25:09 --> Session: Class initialized using 'CodeIgniter\Session\Handlers\FileHandler' driver.
INFO - 2026-05-11 14:25:09 --> Session: Class initialized using 'CodeIgniter\Session\Handlers\FileHandler' driver.
INFO - 2026-05-11 14:25:09 --> Session: Class initialized using 'CodeIgniter\Session\Handlers\FileHandler' driver.
INFO - 2026-05-11 14:25:09 --> Session: Class initialized using 'CodeIgniter\Session\Handlers\FileHandler' driver.
INFO - 2026-05-11 14:25:09 --> Session: Class initialized using 'CodeIgniter\Session\Handlers\FileHandler' driver.
INFO - 2026-05-11 14:25:09 --> Session: Class initialized using 'CodeIgniter\Session\Handlers\FileHandler' driver.
INFO - 2026-05-11 14:25:09 --> Session: Class initialized using 'CodeIgniter\Session\Handlers\FileHandler' driver.
INFO - 2026-05-11 14:27:13 --> Session: Class initialized using 'CodeIgniter\Session\Handlers\FileHandler' driver.
INFO - 2026-05-11 14:27:13 --> Session: Class initialized using 'CodeIgniter\Session\Handlers\FileHandler' driver.
INFO - 2026-05-11 14:27:18 --> Session: Class initialized using 'CodeIgniter\Session\Handlers\FileHandler' driver.
INFO - 2026-05-11 14:27:18 --> Session: Class initialized using 'CodeIgniter\Session\Handlers\FileHandler' driver.
INFO - 2026-05-11 14:27:23 --> Session: Class initialized using 'CodeIgniter\Session\Handlers\FileHandler' driver.
INFO - 2026-05-11 14:27:23 --> Session: Class initialized using 'CodeIgniter\Session\Handlers\FileHandler' driver.
INFO - 2026-05-11 14:27:26 --> Session: Class initialized using 'CodeIgniter\Session\Handlers\FileHandler' driver.
INFO - 2026-05-11 14:27:26 --> Session: Class initialized using 'CodeIgniter\Session\Handlers\FileHandler' driver.
INFO - 2026-05-11 14:27:31 --> Session: Class initialized using 'CodeIgniter\Session\Handlers\FileHandler' driver.
INFO - 2026-05-11 14:27:31 --> Session: Class initialized using 'CodeIgniter\Session\Handlers\FileHandler' driver.
INFO - 2026-05-11 14:27:35 --> Session: Class initialized using 'CodeIgniter\Session\Handlers\FileHandler' driver.
INFO - 2026-05-11 14:27:35 --> Session: Class initialized using 'CodeIgniter\Session\Handlers\FileHandler' driver.
INFO - 2026-05-11 14:27:38 --> Session: Class initialized using 'CodeIgniter\Session\Handlers\FileHandler' driver.
INFO - 2026-05-11 14:27:38 --> Session: Class initialized using 'CodeIgniter\Session\Handlers\FileHandler' driver.
INFO - 2026-05-11 14:27:42 --> Session: Class initialized using 'CodeIgniter\Session\Handlers\FileHandler' driver.
INFO - 2026-05-11 14:27:42 --> Session: Class initialized using 'CodeIgniter\Session\Handlers\FileHandler' driver.
INFO - 2026-05-11 14:27:46 --> Session: Class initialized using 'CodeIgniter\Session\Handlers\FileHandler' driver.
INFO - 2026-05-11 14:27:46 --> Session: Class initialized using 'CodeIgniter\Session\Handlers\FileHandler' driver.
INFO - 2026-05-11 14:27:48 --> Session: Class initialized using 'CodeIgniter\Session\Handlers\FileHandler' driver.
INFO - 2026-05-11 14:27:49 --> Session: Class initialized using 'CodeIgniter\Session\Handlers\FileHandler' driver.
INFO - 2026-05-11 14:27:52 --> Session: Class initialized using 'CodeIgniter\Session\Handlers\FileHandler' driver.
INFO - 2026-05-11 14:27:52 --> Session: Class initialized using 'CodeIgniter\Session\Handlers\FileHandler' driver.
INFO - 2026-05-11 14:28:00 --> Session: Class initialized using 'CodeIgniter\Session\Handlers\FileHandler' driver.
INFO - 2026-05-11 14:28:01 --> Session: Class initialized using 'CodeIgniter\Session\Handlers\FileHandler' driver.
INFO - 2026-05-11 14:28:09 --> Session: Class initialized using 'CodeIgniter\Session\Handlers\FileHandler' driver.
INFO - 2026-05-11 14:28:10 --> Session: Class initialized using 'CodeIgniter\Session\Handlers\FileHandler' driver.
INFO - 2026-05-11 14:28:19 --> Session: Class initialized using 'CodeIgniter\Session\Handlers\FileHandler' driver.
INFO - 2026-05-11 14:28:20 --> Session: Class initialized using 'CodeIgniter\Session\Handlers\FileHandler' driver.
INFO - 2026-05-11 14:30:36 --> Session: Class initialized using 'CodeIgniter\Session\Handlers\FileHandler' driver.
INFO - 2026-05-11 14:30:36 --> Session: Class initialized using 'CodeIgniter\Session\Handlers\FileHandler' driver.
INFO - 2026-05-11 14:30:37 --> Session: Class initialized using 'CodeIgniter\Session\Handlers\FileHandler' driver.
INFO - 2026-05-11 14:30:44 --> Session: Class initialized using 'CodeIgniter\Session\Handlers\FileHandler' driver.
INFO - 2026-05-11 14:30:44 --> Session: Class initialized using 'CodeIgniter\Session\Handlers\FileHandler' driver.
INFO - 2026-05-11 14:30:58 --> Session: Class initialized using 'CodeIgniter\Session\Handlers\FileHandler' driver.
INFO - 2026-05-11 14:30:58 --> Session: Class initialized using 'CodeIgniter\Session\Handlers\FileHandler' driver.
INFO - 2026-05-11 14:35:18 --> Session: Class initialized using 'CodeIgniter\Session\Handlers\FileHandler' driver.
INFO - 2026-05-11 14:35:30 --> Session: Class initialized using 'CodeIgniter\Session\Handlers\FileHandler' driver.
INFO - 2026-05-11 14:35:30 --> Session: Class initialized using 'CodeIgniter\Session\Handlers\FileHandler' driver.
INFO - 2026-05-11 14:35:30 --> Session: Class initialized using 'CodeIgniter\Session\Handlers\FileHandler' driver.
INFO - 2026-05-11 14:35:30 --> Session: Class initialized using 'CodeIgniter\Session\Handlers\FileHandler' driver.
INFO - 2026-05-11 14:35:30 --> Session: Class initialized using 'CodeIgniter\Session\Handlers\FileHandler' driver.
INFO - 2026-05-11 14:35:30 --> Session: Class initialized using 'CodeIgniter\Session\Handlers\FileHandler' driver.
INFO - 2026-05-11 14:35:30 --> Session: Class initialized using 'CodeIgniter\Session\Handlers\FileHandler' driver.
INFO - 2026-05-11 14:35:43 --> Session: Class initialized using 'CodeIgniter\Session\Handlers\FileHandler' driver.
INFO - 2026-05-11 14:39:28 --> Session: Class initialized using 'CodeIgniter\Session\Handlers\FileHandler' driver.
INFO - 2026-05-11 14:39:28 --> Session: Class initialized using 'CodeIgniter\Session\Handlers\FileHandler' driver.
INFO - 2026-05-11 14:39:29 --> Session: Class initialized using 'CodeIgniter\Session\Handlers\FileHandler' driver.
INFO - 2026-05-11 14:39:29 --> Session: Class initialized using 'CodeIgniter\Session\Handlers\FileHandler' driver.
INFO - 2026-05-11 14:39:29 --> Session: Class initialized using 'CodeIgniter\Session\Handlers\FileHandler' driver.
INFO - 2026-05-11 14:39:29 --> Session: Class initialized using 'CodeIgniter\Session\Handlers\FileHandler' driver.
INFO - 2026-05-11 14:39:29 --> Session: Class initialized using 'CodeIgniter\Session\Handlers\FileHandler' driver.
INFO - 2026-05-11 14:39:29 --> Session: Class initialized using 'CodeIgniter\Session\Handlers\FileHandler' driver.
INFO - 2026-05-11 14:39:29 --> Session: Class initialized using 'CodeIgniter\Session\Handlers\FileHandler' driver.
INFO - 2026-05-11 14:39:29 --> Session: Class initialized using 'CodeIgniter\Session\Handlers\FileHandler' driver.
INFO - 2026-05-11 14:39:29 --> Session: Class initialized using 'CodeIgniter\Session\Handlers\FileHandler' driver.
INFO - 2026-05-11 14:39:29 --> Session: Class initialized using 'CodeIgniter\Session\Handlers\FileHandler' driver.
INFO - 2026-05-11 14:39:29 --> Session: Class initialized using 'CodeIgniter\Session\Handlers\FileHandler' driver.
INFO - 2026-05-11 14:39:29 --> Session: Class initialized using 'CodeIgniter\Session\Handlers\FileHandler' driver.
INFO - 2026-05-11 14:39:29 --> Session: Class initialized using 'CodeIgniter\Session\Handlers\FileHandler' driver.
INFO - 2026-05-11 14:39:29 --> Session: Class initialized using 'CodeIgniter\Session\Handlers\FileHandler' driver.
INFO - 2026-05-11 14:39:29 --> Session: Class initialized using 'CodeIgniter\Session\Handlers\FileHandler' driver.
INFO - 2026-05-11 14:39:29 --> Session: Class initialized using 'CodeIgniter\Session\Handlers\FileHandler' driver.
INFO - 2026-05-11 14:39:29 --> Session: Class initialized using 'CodeIgniter\Session\Handlers\FileHandler' driver.
INFO - 2026-05-11 14:39:29 --> Session: Class initialized using 'CodeIgniter\Session\Handlers\FileHandler' driver.
INFO - 2026-05-11 14:39:30 --> Session: Class initialized using 'CodeIgniter\Session\Handlers\FileHandler' driver.
INFO - 2026-05-11 14:39:30 --> Session: Class initialized using 'CodeIgniter\Session\Handlers\FileHandler' driver.
INFO - 2026-05-11 14:39:30 --> Session: Class initialized using 'CodeIgniter\Session\Handlers\FileHandler' driver.
INFO - 2026-05-11 14:39:30 --> Session: Class initialized using 'CodeIgniter\Session\Handlers\FileHandler' driver.
INFO - 2026-05-11 14:39:30 --> Session: Class initialized using 'CodeIgniter\Session\Handlers\FileHandler' driver.
INFO - 2026-05-11 14:39:30 --> Session: Class initialized using 'CodeIgniter\Session\Handlers\FileHandler' driver.
INFO - 2026-05-11 14:39:30 --> Session: Class initialized using 'CodeIgniter\Session\Handlers\FileHandler' driver.
INFO - 2026-05-11 14:39:31 --> Session: Class initialized using 'CodeIgniter\Session\Handlers\FileHandler' driver.
INFO - 2026-05-11 14:39:31 --> Session: Class initialized using 'CodeIgniter\Session\Handlers\FileHandler' driver.
INFO - 2026-05-11 14:39:31 --> Session: Class initialized using 'CodeIgniter\Session\Handlers\FileHandler' driver.
INFO - 2026-05-11 14:39:31 --> Session: Class initialized using 'CodeIgniter\Session\Handlers\FileHandler' driver.
INFO - 2026-05-11 14:39:31 --> Session: Class initialized using 'CodeIgniter\Session\Handlers\FileHandler' driver.
INFO - 2026-05-11 14:39:31 --> Session: Class initialized using 'CodeIgniter\Session\Handlers\FileHandler' driver.
INFO - 2026-05-11 14:39:31 --> Session: Class initialized using 'CodeIgniter\Session\Handlers\FileHandler' driver.
INFO - 2026-05-11 14:39:31 --> Session: Class initialized using 'CodeIgniter\Session\Handlers\FileHandler' driver.
INFO - 2026-05-11 14:39:31 --> Session: Class initialized using 'CodeIgniter\Session\Handlers\FileHandler' driver.
INFO - 2026-05-11 14:39:31 --> Session: Class initialized using 'CodeIgniter\Session\Handlers\FileHandler' driver.
INFO - 2026-05-11 14:39:31 --> Session: Class initialized using 'CodeIgniter\Session\Handlers\FileHandler' driver.
INFO - 2026-05-11 14:39:36 --> Session: Class initialized using 'CodeIgniter\Session\Handlers\FileHandler' driver.
INFO - 2026-05-11 14:39:36 --> Session: Class initialized using 'CodeIgniter\Session\Handlers\FileHandler' driver.
INFO - 2026-05-11 14:39:41 --> Session: Class initialized using 'CodeIgniter\Session\Handlers\FileHandler' driver.
INFO - 2026-05-11 14:39:41 --> Session: Class initialized using 'CodeIgniter\Session\Handlers\FileHandler' driver.
