<<<<<<< HEAD
INFO - 2024-05-29 00:20:55 --> Session: Class initialized using 'CodeIgniter\Session\Handlers\FileHandler' driver.
CRITICAL - 2024-05-29 00:20:55 --> Trying to get property 'fname' of non-object
in APPPATH\Views\admin\admin_page.php on line 49.
 1 APPPATH\Views\admin\admin_page.php(49): CodeIgniter\Debug\Exceptions->errorHandler(8, 'Trying to get property \'fname\' of non-object', 'APPPATH\\Views\\admin\\admin_page.php', 49, [...])
 2 SYSTEMPATH\View\View.php(213): include('APPPATH\\Views\\admin\\admin_page.php')
 3 SYSTEMPATH\View\View.php(216): CodeIgniter\View\View->CodeIgniter\View\{closure}()
 4 SYSTEMPATH\Common.php(1184): CodeIgniter\View\View->render('admin/admin_page', [], true)
 5 APPPATH\Controllers\Admin.php(70): view('admin/admin_page', [...])
 6 SYSTEMPATH\CodeIgniter.php(934): App\Controllers\Admin->mode('cityOff')
 7 SYSTEMPATH\CodeIgniter.php(499): CodeIgniter\CodeIgniter->runController(Object(App\Controllers\Admin))
 8 SYSTEMPATH\CodeIgniter.php(368): CodeIgniter\CodeIgniter->handleRequest(null, Object(Config\Cache), false)
 9 FCPATH\index.php(67): CodeIgniter\CodeIgniter->run()
INFO - 2024-05-29 00:21:04 --> Session: Class initialized using 'CodeIgniter\Session\Handlers\FileHandler' driver.
CRITICAL - 2024-05-29 00:21:04 --> Trying to get property 'fname' of non-object
in APPPATH\Views\admin\admin_page.php on line 49.
 1 APPPATH\Views\admin\admin_page.php(49): CodeIgniter\Debug\Exceptions->errorHandler(8, 'Trying to get property \'fname\' of non-object', 'APPPATH\\Views\\admin\\admin_page.php', 49, [...])
 2 SYSTEMPATH\View\View.php(213): include('APPPATH\\Views\\admin\\admin_page.php')
 3 SYSTEMPATH\View\View.php(216): CodeIgniter\View\View->CodeIgniter\View\{closure}()
 4 SYSTEMPATH\Common.php(1184): CodeIgniter\View\View->render('admin/admin_page', [], true)
 5 APPPATH\Controllers\Admin.php(70): view('admin/admin_page', [...])
 6 SYSTEMPATH\CodeIgniter.php(934): App\Controllers\Admin->mode('cityOff')
 7 SYSTEMPATH\CodeIgniter.php(499): CodeIgniter\CodeIgniter->runController(Object(App\Controllers\Admin))
 8 SYSTEMPATH\CodeIgniter.php(368): CodeIgniter\CodeIgniter->handleRequest(null, Object(Config\Cache), false)
 9 FCPATH\index.php(67): CodeIgniter\CodeIgniter->run()
INFO - 2024-05-29 00:21:05 --> Session: Class initialized using 'CodeIgniter\Session\Handlers\FileHandler' driver.
CRITICAL - 2024-05-29 00:21:05 --> Trying to get property 'fname' of non-object
in APPPATH\Views\admin\admin_page.php on line 49.
 1 APPPATH\Views\admin\admin_page.php(49): CodeIgniter\Debug\Exceptions->errorHandler(8, 'Trying to get property \'fname\' of non-object', 'APPPATH\\Views\\admin\\admin_page.php', 49, [...])
 2 SYSTEMPATH\View\View.php(213): include('APPPATH\\Views\\admin\\admin_page.php')
 3 SYSTEMPATH\View\View.php(216): CodeIgniter\View\View->CodeIgniter\View\{closure}()
 4 SYSTEMPATH\Common.php(1184): CodeIgniter\View\View->render('admin/admin_page', [], true)
 5 APPPATH\Controllers\Admin.php(70): view('admin/admin_page', [...])
 6 SYSTEMPATH\CodeIgniter.php(934): App\Controllers\Admin->mode('dept')
 7 SYSTEMPATH\CodeIgniter.php(499): CodeIgniter\CodeIgniter->runController(Object(App\Controllers\Admin))
 8 SYSTEMPATH\CodeIgniter.php(368): CodeIgniter\CodeIgniter->handleRequest(null, Object(Config\Cache), false)
 9 FCPATH\index.php(67): CodeIgniter\CodeIgniter->run()
INFO - 2024-05-29 00:21:06 --> Session: Class initialized using 'CodeIgniter\Session\Handlers\FileHandler' driver.
CRITICAL - 2024-05-29 00:21:06 --> Trying to get property 'fname' of non-object
=======
INFO - 2024-05-29 00:20:27 --> Session: Class initialized using 'CodeIgniter\Session\Handlers\FileHandler' driver.
INFO - 2024-05-29 00:20:33 --> Session: Class initialized using 'CodeIgniter\Session\Handlers\FileHandler' driver.
ERROR - 2024-05-29 00:20:37 --> Error connecting to the database: mysqli_sql_exception: No connection could be made because the target machine actively refused it.
 in C:\xampp_7_4\htdocs\websitebinan\system\Database\MySQLi\Connection.php:174
Stack trace:
#0 C:\xampp_7_4\htdocs\websitebinan\system\Database\MySQLi\Connection.php(174): mysqli->real_connect('localhost', 'root', '', 'websitebinan', 3306, '', 0)
#1 C:\xampp_7_4\htdocs\websitebinan\system\Database\BaseConnection.php(391): CodeIgniter\Database\MySQLi\Connection->connect(false)
#2 C:\xampp_7_4\htdocs\websitebinan\system\Database\BaseConnection.php(573): CodeIgniter\Database\BaseConnection->initialize()
#3 C:\xampp_7_4\htdocs\websitebinan\system\Database\BaseBuilder.php(1616): CodeIgniter\Database\BaseConnection->query('SELECT *\nFROM `...', Array, false)
#4 C:\xampp_7_4\htdocs\websitebinan\system\Model.php(268): CodeIgniter\Database\BaseBuilder->get()
#5 C:\xampp_7_4\htdocs\websitebinan\system\BaseModel.php(656): CodeIgniter\Model->doFirst()
#6 C:\xampp_7_4\htdocs\websitebinan\app\Controllers\Auther.php(69): CodeIgniter\BaseModel->first()
#7 C:\xampp_7_4\htdocs\websitebinan\system\CodeIgniter.php(934): App\Controllers\Auther->ajax('login')
#8 C:\xampp_7_4\htdocs\websitebinan\system\CodeIgniter.php(499): CodeIgniter\CodeIgniter->runController(Object(App\Controllers\Auther))
#9 C:\xampp_7_4\htdocs\websitebinan\system\CodeIgniter.php(368): CodeIgniter\CodeIgniter->handleRequest(NULL, Object(Config\Cache), false)
#10 C:\xampp_7_4\htdocs\websitebinan\public\index.php(67): CodeIgniter\CodeIgniter->run()
#11 {main}

Next CodeIgniter\Database\Exceptions\DatabaseException: No connection could be made because the target machine actively refused it.
 in C:\xampp_7_4\htdocs\websitebinan\system\Database\MySQLi\Connection.php:218
Stack trace:
#0 C:\xampp_7_4\htdocs\websitebinan\system\Database\BaseConnection.php(391): CodeIgniter\Database\MySQLi\Connection->connect(false)
#1 C:\xampp_7_4\htdocs\websitebinan\system\Database\BaseConnection.php(573): CodeIgniter\Database\BaseConnection->initialize()
#2 C:\xampp_7_4\htdocs\websitebinan\system\Database\BaseBuilder.php(1616): CodeIgniter\Database\BaseConnection->query('SELECT *\nFROM `...', Array, false)
#3 C:\xampp_7_4\htdocs\websitebinan\system\Model.php(268): CodeIgniter\Database\BaseBuilder->get()
#4 C:\xampp_7_4\htdocs\websitebinan\system\BaseModel.php(656): CodeIgniter\Model->doFirst()
#5 C:\xampp_7_4\htdocs\websitebinan\app\Controllers\Auther.php(69): CodeIgniter\BaseModel->first()
#6 C:\xampp_7_4\htdocs\websitebinan\system\CodeIgniter.php(934): App\Controllers\Auther->ajax('login')
#7 C:\xampp_7_4\htdocs\websitebinan\system\CodeIgniter.php(499): CodeIgniter\CodeIgniter->runController(Object(App\Controllers\Auther))
#8 C:\xampp_7_4\htdocs\websitebinan\system\CodeIgniter.php(368): CodeIgniter\CodeIgniter->handleRequest(NULL, Object(Config\Cache), false)
#9 C:\xampp_7_4\htdocs\websitebinan\public\index.php(67): CodeIgniter\CodeIgniter->run()
#10 {main}
CRITICAL - 2024-05-29 00:20:37 --> Unable to connect to the database.
Main connection [MySQLi]: No connection could be made because the target machine actively refused it.

in SYSTEMPATH\Database\BaseConnection.php on line 427.
 1 SYSTEMPATH\Database\BaseConnection.php(573): CodeIgniter\Database\BaseConnection->initialize()
 2 SYSTEMPATH\Database\BaseBuilder.php(1616): CodeIgniter\Database\BaseConnection->query('SELECT *
FROM `useradmin`
WHERE `username` = :username:
OR `email` = :email:
 LIMIT 1', [...], false)
 3 SYSTEMPATH\Model.php(268): CodeIgniter\Database\BaseBuilder->get()
 4 SYSTEMPATH\BaseModel.php(656): CodeIgniter\Model->doFirst()
 5 APPPATH\Controllers\Auther.php(69): CodeIgniter\BaseModel->first()
 6 SYSTEMPATH\CodeIgniter.php(934): App\Controllers\Auther->ajax('login')
 7 SYSTEMPATH\CodeIgniter.php(499): CodeIgniter\CodeIgniter->runController(Object(App\Controllers\Auther))
 8 SYSTEMPATH\CodeIgniter.php(368): CodeIgniter\CodeIgniter->handleRequest(null, Object(Config\Cache), false)
 9 FCPATH\index.php(67): CodeIgniter\CodeIgniter->run()
INFO - 2024-05-29 00:20:37 --> Session: Class initialized using 'CodeIgniter\Session\Handlers\FileHandler' driver.
ERROR - 2024-05-29 00:20:41 --> Error connecting to the database: mysqli_sql_exception: No connection could be made because the target machine actively refused it.
 in C:\xampp_7_4\htdocs\websitebinan\system\Database\MySQLi\Connection.php:174
Stack trace:
#0 C:\xampp_7_4\htdocs\websitebinan\system\Database\MySQLi\Connection.php(174): mysqli->real_connect('localhost', 'root', '', 'websitebinan', 3306, '', 0)
#1 C:\xampp_7_4\htdocs\websitebinan\system\Database\BaseConnection.php(391): CodeIgniter\Database\MySQLi\Connection->connect(false)
#2 C:\xampp_7_4\htdocs\websitebinan\system\Database\BaseConnection.php(573): CodeIgniter\Database\BaseConnection->initialize()
#3 C:\xampp_7_4\htdocs\websitebinan\system\Database\BaseBuilder.php(1616): CodeIgniter\Database\BaseConnection->query('SELECT *\nFROM `...', Array, false)
#4 C:\xampp_7_4\htdocs\websitebinan\system\Model.php(268): CodeIgniter\Database\BaseBuilder->get()
#5 C:\xampp_7_4\htdocs\websitebinan\system\BaseModel.php(656): CodeIgniter\Model->doFirst()
#6 C:\xampp_7_4\htdocs\websitebinan\app\Controllers\Auther.php(69): CodeIgniter\BaseModel->first()
#7 C:\xampp_7_4\htdocs\websitebinan\system\CodeIgniter.php(934): App\Controllers\Auther->ajax('login')
#8 C:\xampp_7_4\htdocs\websitebinan\system\CodeIgniter.php(499): CodeIgniter\CodeIgniter->runController(Object(App\Controllers\Auther))
#9 C:\xampp_7_4\htdocs\websitebinan\system\CodeIgniter.php(368): CodeIgniter\CodeIgniter->handleRequest(NULL, Object(Config\Cache), false)
#10 C:\xampp_7_4\htdocs\websitebinan\public\index.php(67): CodeIgniter\CodeIgniter->run()
#11 {main}

Next CodeIgniter\Database\Exceptions\DatabaseException: No connection could be made because the target machine actively refused it.
 in C:\xampp_7_4\htdocs\websitebinan\system\Database\MySQLi\Connection.php:218
Stack trace:
#0 C:\xampp_7_4\htdocs\websitebinan\system\Database\BaseConnection.php(391): CodeIgniter\Database\MySQLi\Connection->connect(false)
#1 C:\xampp_7_4\htdocs\websitebinan\system\Database\BaseConnection.php(573): CodeIgniter\Database\BaseConnection->initialize()
#2 C:\xampp_7_4\htdocs\websitebinan\system\Database\BaseBuilder.php(1616): CodeIgniter\Database\BaseConnection->query('SELECT *\nFROM `...', Array, false)
#3 C:\xampp_7_4\htdocs\websitebinan\system\Model.php(268): CodeIgniter\Database\BaseBuilder->get()
#4 C:\xampp_7_4\htdocs\websitebinan\system\BaseModel.php(656): CodeIgniter\Model->doFirst()
#5 C:\xampp_7_4\htdocs\websitebinan\app\Controllers\Auther.php(69): CodeIgniter\BaseModel->first()
#6 C:\xampp_7_4\htdocs\websitebinan\system\CodeIgniter.php(934): App\Controllers\Auther->ajax('login')
#7 C:\xampp_7_4\htdocs\websitebinan\system\CodeIgniter.php(499): CodeIgniter\CodeIgniter->runController(Object(App\Controllers\Auther))
#8 C:\xampp_7_4\htdocs\websitebinan\system\CodeIgniter.php(368): CodeIgniter\CodeIgniter->handleRequest(NULL, Object(Config\Cache), false)
#9 C:\xampp_7_4\htdocs\websitebinan\public\index.php(67): CodeIgniter\CodeIgniter->run()
#10 {main}
CRITICAL - 2024-05-29 00:20:41 --> Unable to connect to the database.
Main connection [MySQLi]: No connection could be made because the target machine actively refused it.

in SYSTEMPATH\Database\BaseConnection.php on line 427.
 1 SYSTEMPATH\Database\BaseConnection.php(573): CodeIgniter\Database\BaseConnection->initialize()
 2 SYSTEMPATH\Database\BaseBuilder.php(1616): CodeIgniter\Database\BaseConnection->query('SELECT *
FROM `useradmin`
WHERE `username` = :username:
OR `email` = :email:
 LIMIT 1', [...], false)
 3 SYSTEMPATH\Model.php(268): CodeIgniter\Database\BaseBuilder->get()
 4 SYSTEMPATH\BaseModel.php(656): CodeIgniter\Model->doFirst()
 5 APPPATH\Controllers\Auther.php(69): CodeIgniter\BaseModel->first()
 6 SYSTEMPATH\CodeIgniter.php(934): App\Controllers\Auther->ajax('login')
 7 SYSTEMPATH\CodeIgniter.php(499): CodeIgniter\CodeIgniter->runController(Object(App\Controllers\Auther))
 8 SYSTEMPATH\CodeIgniter.php(368): CodeIgniter\CodeIgniter->handleRequest(null, Object(Config\Cache), false)
 9 FCPATH\index.php(67): CodeIgniter\CodeIgniter->run()
INFO - 2024-05-29 00:20:47 --> Session: Class initialized using 'CodeIgniter\Session\Handlers\FileHandler' driver.
ERROR - 2024-05-29 00:20:51 --> Error connecting to the database: mysqli_sql_exception: No connection could be made because the target machine actively refused it.
 in C:\xampp_7_4\htdocs\websitebinan\system\Database\MySQLi\Connection.php:174
Stack trace:
#0 C:\xampp_7_4\htdocs\websitebinan\system\Database\MySQLi\Connection.php(174): mysqli->real_connect('localhost', 'root', '', 'websitebinan', 3306, '', 0)
#1 C:\xampp_7_4\htdocs\websitebinan\system\Database\BaseConnection.php(391): CodeIgniter\Database\MySQLi\Connection->connect(false)
#2 C:\xampp_7_4\htdocs\websitebinan\system\Database\BaseConnection.php(573): CodeIgniter\Database\BaseConnection->initialize()
#3 C:\xampp_7_4\htdocs\websitebinan\system\Database\BaseBuilder.php(1616): CodeIgniter\Database\BaseConnection->query('SELECT *\nFROM `...', Array, false)
#4 C:\xampp_7_4\htdocs\websitebinan\system\Model.php(268): CodeIgniter\Database\BaseBuilder->get()
#5 C:\xampp_7_4\htdocs\websitebinan\system\BaseModel.php(656): CodeIgniter\Model->doFirst()
#6 C:\xampp_7_4\htdocs\websitebinan\app\Controllers\Auther.php(69): CodeIgniter\BaseModel->first()
#7 C:\xampp_7_4\htdocs\websitebinan\system\CodeIgniter.php(934): App\Controllers\Auther->ajax('login')
#8 C:\xampp_7_4\htdocs\websitebinan\system\CodeIgniter.php(499): CodeIgniter\CodeIgniter->runController(Object(App\Controllers\Auther))
#9 C:\xampp_7_4\htdocs\websitebinan\system\CodeIgniter.php(368): CodeIgniter\CodeIgniter->handleRequest(NULL, Object(Config\Cache), false)
#10 C:\xampp_7_4\htdocs\websitebinan\public\index.php(67): CodeIgniter\CodeIgniter->run()
#11 {main}

Next CodeIgniter\Database\Exceptions\DatabaseException: No connection could be made because the target machine actively refused it.
 in C:\xampp_7_4\htdocs\websitebinan\system\Database\MySQLi\Connection.php:218
Stack trace:
#0 C:\xampp_7_4\htdocs\websitebinan\system\Database\BaseConnection.php(391): CodeIgniter\Database\MySQLi\Connection->connect(false)
#1 C:\xampp_7_4\htdocs\websitebinan\system\Database\BaseConnection.php(573): CodeIgniter\Database\BaseConnection->initialize()
#2 C:\xampp_7_4\htdocs\websitebinan\system\Database\BaseBuilder.php(1616): CodeIgniter\Database\BaseConnection->query('SELECT *\nFROM `...', Array, false)
#3 C:\xampp_7_4\htdocs\websitebinan\system\Model.php(268): CodeIgniter\Database\BaseBuilder->get()
#4 C:\xampp_7_4\htdocs\websitebinan\system\BaseModel.php(656): CodeIgniter\Model->doFirst()
#5 C:\xampp_7_4\htdocs\websitebinan\app\Controllers\Auther.php(69): CodeIgniter\BaseModel->first()
#6 C:\xampp_7_4\htdocs\websitebinan\system\CodeIgniter.php(934): App\Controllers\Auther->ajax('login')
#7 C:\xampp_7_4\htdocs\websitebinan\system\CodeIgniter.php(499): CodeIgniter\CodeIgniter->runController(Object(App\Controllers\Auther))
#8 C:\xampp_7_4\htdocs\websitebinan\system\CodeIgniter.php(368): CodeIgniter\CodeIgniter->handleRequest(NULL, Object(Config\Cache), false)
#9 C:\xampp_7_4\htdocs\websitebinan\public\index.php(67): CodeIgniter\CodeIgniter->run()
#10 {main}
CRITICAL - 2024-05-29 00:20:51 --> Unable to connect to the database.
Main connection [MySQLi]: No connection could be made because the target machine actively refused it.

in SYSTEMPATH\Database\BaseConnection.php on line 427.
 1 SYSTEMPATH\Database\BaseConnection.php(573): CodeIgniter\Database\BaseConnection->initialize()
 2 SYSTEMPATH\Database\BaseBuilder.php(1616): CodeIgniter\Database\BaseConnection->query('SELECT *
FROM `useradmin`
WHERE `username` = :username:
OR `email` = :email:
 LIMIT 1', [...], false)
 3 SYSTEMPATH\Model.php(268): CodeIgniter\Database\BaseBuilder->get()
 4 SYSTEMPATH\BaseModel.php(656): CodeIgniter\Model->doFirst()
 5 APPPATH\Controllers\Auther.php(69): CodeIgniter\BaseModel->first()
 6 SYSTEMPATH\CodeIgniter.php(934): App\Controllers\Auther->ajax('login')
 7 SYSTEMPATH\CodeIgniter.php(499): CodeIgniter\CodeIgniter->runController(Object(App\Controllers\Auther))
 8 SYSTEMPATH\CodeIgniter.php(368): CodeIgniter\CodeIgniter->handleRequest(null, Object(Config\Cache), false)
 9 FCPATH\index.php(67): CodeIgniter\CodeIgniter->run()
INFO - 2024-05-29 00:21:27 --> Session: Class initialized using 'CodeIgniter\Session\Handlers\FileHandler' driver.
INFO - 2024-05-29 00:21:30 --> Session: Class initialized using 'CodeIgniter\Session\Handlers\FileHandler' driver.
INFO - 2024-05-29 00:21:39 --> Session: Class initialized using 'CodeIgniter\Session\Handlers\FileHandler' driver.
ERROR - 2024-05-29 00:21:43 --> Error connecting to the database: mysqli_sql_exception: No connection could be made because the target machine actively refused it.
 in C:\xampp_7_4\htdocs\websitebinan\system\Database\MySQLi\Connection.php:174
Stack trace:
#0 C:\xampp_7_4\htdocs\websitebinan\system\Database\MySQLi\Connection.php(174): mysqli->real_connect('localhost', 'root', '', 'websitebinan', 3306, '', 0)
#1 C:\xampp_7_4\htdocs\websitebinan\system\Database\BaseConnection.php(391): CodeIgniter\Database\MySQLi\Connection->connect(false)
#2 C:\xampp_7_4\htdocs\websitebinan\system\Database\BaseConnection.php(573): CodeIgniter\Database\BaseConnection->initialize()
#3 C:\xampp_7_4\htdocs\websitebinan\system\Database\BaseBuilder.php(1616): CodeIgniter\Database\BaseConnection->query('SELECT *\nFROM `...', Array, false)
#4 C:\xampp_7_4\htdocs\websitebinan\system\Model.php(268): CodeIgniter\Database\BaseBuilder->get()
#5 C:\xampp_7_4\htdocs\websitebinan\system\BaseModel.php(656): CodeIgniter\Model->doFirst()
#6 C:\xampp_7_4\htdocs\websitebinan\app\Controllers\Auther.php(69): CodeIgniter\BaseModel->first()
#7 C:\xampp_7_4\htdocs\websitebinan\system\CodeIgniter.php(934): App\Controllers\Auther->ajax('login')
#8 C:\xampp_7_4\htdocs\websitebinan\system\CodeIgniter.php(499): CodeIgniter\CodeIgniter->runController(Object(App\Controllers\Auther))
#9 C:\xampp_7_4\htdocs\websitebinan\system\CodeIgniter.php(368): CodeIgniter\CodeIgniter->handleRequest(NULL, Object(Config\Cache), false)
#10 C:\xampp_7_4\htdocs\websitebinan\public\index.php(67): CodeIgniter\CodeIgniter->run()
#11 {main}

Next CodeIgniter\Database\Exceptions\DatabaseException: No connection could be made because the target machine actively refused it.
 in C:\xampp_7_4\htdocs\websitebinan\system\Database\MySQLi\Connection.php:218
Stack trace:
#0 C:\xampp_7_4\htdocs\websitebinan\system\Database\BaseConnection.php(391): CodeIgniter\Database\MySQLi\Connection->connect(false)
#1 C:\xampp_7_4\htdocs\websitebinan\system\Database\BaseConnection.php(573): CodeIgniter\Database\BaseConnection->initialize()
#2 C:\xampp_7_4\htdocs\websitebinan\system\Database\BaseBuilder.php(1616): CodeIgniter\Database\BaseConnection->query('SELECT *\nFROM `...', Array, false)
#3 C:\xampp_7_4\htdocs\websitebinan\system\Model.php(268): CodeIgniter\Database\BaseBuilder->get()
#4 C:\xampp_7_4\htdocs\websitebinan\system\BaseModel.php(656): CodeIgniter\Model->doFirst()
#5 C:\xampp_7_4\htdocs\websitebinan\app\Controllers\Auther.php(69): CodeIgniter\BaseModel->first()
#6 C:\xampp_7_4\htdocs\websitebinan\system\CodeIgniter.php(934): App\Controllers\Auther->ajax('login')
#7 C:\xampp_7_4\htdocs\websitebinan\system\CodeIgniter.php(499): CodeIgniter\CodeIgniter->runController(Object(App\Controllers\Auther))
#8 C:\xampp_7_4\htdocs\websitebinan\system\CodeIgniter.php(368): CodeIgniter\CodeIgniter->handleRequest(NULL, Object(Config\Cache), false)
#9 C:\xampp_7_4\htdocs\websitebinan\public\index.php(67): CodeIgniter\CodeIgniter->run()
#10 {main}
CRITICAL - 2024-05-29 00:21:43 --> Unable to connect to the database.
Main connection [MySQLi]: No connection could be made because the target machine actively refused it.

in SYSTEMPATH\Database\BaseConnection.php on line 427.
 1 SYSTEMPATH\Database\BaseConnection.php(573): CodeIgniter\Database\BaseConnection->initialize()
 2 SYSTEMPATH\Database\BaseBuilder.php(1616): CodeIgniter\Database\BaseConnection->query('SELECT *
FROM `useradmin`
WHERE `username` = :username:
OR `email` = :email:
 LIMIT 1', [...], false)
 3 SYSTEMPATH\Model.php(268): CodeIgniter\Database\BaseBuilder->get()
 4 SYSTEMPATH\BaseModel.php(656): CodeIgniter\Model->doFirst()
 5 APPPATH\Controllers\Auther.php(69): CodeIgniter\BaseModel->first()
 6 SYSTEMPATH\CodeIgniter.php(934): App\Controllers\Auther->ajax('login')
 7 SYSTEMPATH\CodeIgniter.php(499): CodeIgniter\CodeIgniter->runController(Object(App\Controllers\Auther))
 8 SYSTEMPATH\CodeIgniter.php(368): CodeIgniter\CodeIgniter->handleRequest(null, Object(Config\Cache), false)
 9 FCPATH\index.php(67): CodeIgniter\CodeIgniter->run()
INFO - 2024-05-29 00:21:54 --> Session: Class initialized using 'CodeIgniter\Session\Handlers\FileHandler' driver.
INFO - 2024-05-29 00:21:57 --> Session: Class initialized using 'CodeIgniter\Session\Handlers\FileHandler' driver.
INFO - 2024-05-29 00:21:57 --> Session: Class initialized using 'CodeIgniter\Session\Handlers\FileHandler' driver.
INFO - 2024-05-29 00:30:07 --> Session: Class initialized using 'CodeIgniter\Session\Handlers\FileHandler' driver.
INFO - 2024-05-29 00:30:08 --> Session: Class initialized using 'CodeIgniter\Session\Handlers\FileHandler' driver.
INFO - 2024-05-29 00:30:08 --> Session: Class initialized using 'CodeIgniter\Session\Handlers\FileHandler' driver.
INFO - 2024-05-29 00:30:09 --> Session: Class initialized using 'CodeIgniter\Session\Handlers\FileHandler' driver.
INFO - 2024-05-29 00:30:10 --> Session: Class initialized using 'CodeIgniter\Session\Handlers\FileHandler' driver.
INFO - 2024-05-29 00:30:10 --> Session: Class initialized using 'CodeIgniter\Session\Handlers\FileHandler' driver.
INFO - 2024-05-29 00:30:10 --> Session: Class initialized using 'CodeIgniter\Session\Handlers\FileHandler' driver.
INFO - 2024-05-29 00:30:10 --> Session: Class initialized using 'CodeIgniter\Session\Handlers\FileHandler' driver.
INFO - 2024-05-29 00:30:10 --> Session: Class initialized using 'CodeIgniter\Session\Handlers\FileHandler' driver.
INFO - 2024-05-29 00:30:11 --> Session: Class initialized using 'CodeIgniter\Session\Handlers\FileHandler' driver.
INFO - 2024-05-29 00:30:13 --> Session: Class initialized using 'CodeIgniter\Session\Handlers\FileHandler' driver.
INFO - 2024-05-29 00:30:13 --> Session: Class initialized using 'CodeIgniter\Session\Handlers\FileHandler' driver.
INFO - 2024-05-29 00:30:14 --> Session: Class initialized using 'CodeIgniter\Session\Handlers\FileHandler' driver.
INFO - 2024-05-29 00:30:14 --> Session: Class initialized using 'CodeIgniter\Session\Handlers\FileHandler' driver.
INFO - 2024-05-29 02:29:30 --> Session: Class initialized using 'CodeIgniter\Session\Handlers\FileHandler' driver.
INFO - 2024-05-29 02:29:30 --> Session: Class initialized using 'CodeIgniter\Session\Handlers\FileHandler' driver.
INFO - 2024-05-29 02:44:17 --> Session: Class initialized using 'CodeIgniter\Session\Handlers\FileHandler' driver.
CRITICAL - 2024-05-29 02:44:17 --> Trying to get property 'fname' of non-object
>>>>>>> 20465ba33bbdcafabc4b646fb731c8f9a3105fd0
in APPPATH\Views\admin\admin_page.php on line 49.
 1 APPPATH\Views\admin\admin_page.php(49): CodeIgniter\Debug\Exceptions->errorHandler(8, 'Trying to get property \'fname\' of non-object', 'APPPATH\\Views\\admin\\admin_page.php', 49, [...])
 2 SYSTEMPATH\View\View.php(213): include('APPPATH\\Views\\admin\\admin_page.php')
 3 SYSTEMPATH\View\View.php(216): CodeIgniter\View\View->CodeIgniter\View\{closure}()
 4 SYSTEMPATH\Common.php(1184): CodeIgniter\View\View->render('admin/admin_page', [], true)
<<<<<<< HEAD
 5 APPPATH\Controllers\Admin.php(70): view('admin/admin_page', [...])
=======
 5 APPPATH\Controllers\Admin.php(71): view('admin/admin_page', [...])
>>>>>>> 20465ba33bbdcafabc4b646fb731c8f9a3105fd0
 6 SYSTEMPATH\CodeIgniter.php(934): App\Controllers\Admin->mode('accounts_mgmt')
 7 SYSTEMPATH\CodeIgniter.php(499): CodeIgniter\CodeIgniter->runController(Object(App\Controllers\Admin))
 8 SYSTEMPATH\CodeIgniter.php(368): CodeIgniter\CodeIgniter->handleRequest(null, Object(Config\Cache), false)
 9 FCPATH\index.php(67): CodeIgniter\CodeIgniter->run()
<<<<<<< HEAD
INFO - 2024-05-29 00:21:07 --> Session: Class initialized using 'CodeIgniter\Session\Handlers\FileHandler' driver.
CRITICAL - 2024-05-29 00:21:07 --> Trying to get property 'fname' of non-object
in APPPATH\Views\admin\admin_page.php on line 49.
 1 APPPATH\Views\admin\admin_page.php(49): CodeIgniter\Debug\Exceptions->errorHandler(8, 'Trying to get property \'fname\' of non-object', 'APPPATH\\Views\\admin\\admin_page.php', 49, [...])
 2 SYSTEMPATH\View\View.php(213): include('APPPATH\\Views\\admin\\admin_page.php')
 3 SYSTEMPATH\View\View.php(216): CodeIgniter\View\View->CodeIgniter\View\{closure}()
 4 SYSTEMPATH\Common.php(1184): CodeIgniter\View\View->render('admin/admin_page', [], true)
 5 APPPATH\Controllers\Admin.php(70): view('admin/admin_page', [...])
 6 SYSTEMPATH\CodeIgniter.php(934): App\Controllers\Admin->mode('cityOff')
 7 SYSTEMPATH\CodeIgniter.php(499): CodeIgniter\CodeIgniter->runController(Object(App\Controllers\Admin))
 8 SYSTEMPATH\CodeIgniter.php(368): CodeIgniter\CodeIgniter->handleRequest(null, Object(Config\Cache), false)
 9 FCPATH\index.php(67): CodeIgniter\CodeIgniter->run()
INFO - 2024-05-29 00:21:08 --> Session: Class initialized using 'CodeIgniter\Session\Handlers\FileHandler' driver.
CRITICAL - 2024-05-29 00:21:08 --> Trying to get property 'fname' of non-object
in APPPATH\Views\admin\admin_page.php on line 49.
 1 APPPATH\Views\admin\admin_page.php(49): CodeIgniter\Debug\Exceptions->errorHandler(8, 'Trying to get property \'fname\' of non-object', 'APPPATH\\Views\\admin\\admin_page.php', 49, [...])
 2 SYSTEMPATH\View\View.php(213): include('APPPATH\\Views\\admin\\admin_page.php')
 3 SYSTEMPATH\View\View.php(216): CodeIgniter\View\View->CodeIgniter\View\{closure}()
 4 SYSTEMPATH\Common.php(1184): CodeIgniter\View\View->render('admin/admin_page', [], true)
 5 APPPATH\Controllers\Admin.php(70): view('admin/admin_page', [...])
 6 SYSTEMPATH\CodeIgniter.php(934): App\Controllers\Admin->mode('dashboard')
 7 SYSTEMPATH\CodeIgniter.php(499): CodeIgniter\CodeIgniter->runController(Object(App\Controllers\Admin))
 8 SYSTEMPATH\CodeIgniter.php(368): CodeIgniter\CodeIgniter->handleRequest(null, Object(Config\Cache), false)
 9 FCPATH\index.php(67): CodeIgniter\CodeIgniter->run()
INFO - 2024-05-29 00:21:14 --> Session: Class initialized using 'CodeIgniter\Session\Handlers\FileHandler' driver.
INFO - 2024-05-29 00:21:14 --> Session: Class initialized using 'CodeIgniter\Session\Handlers\FileHandler' driver.
INFO - 2024-05-29 00:21:37 --> Session: Class initialized using 'CodeIgniter\Session\Handlers\FileHandler' driver.
INFO - 2024-05-29 00:21:38 --> Session: Class initialized using 'CodeIgniter\Session\Handlers\FileHandler' driver.
INFO - 2024-05-29 00:21:44 --> Session: Class initialized using 'CodeIgniter\Session\Handlers\FileHandler' driver.
INFO - 2024-05-29 00:21:44 --> Session: Class initialized using 'CodeIgniter\Session\Handlers\FileHandler' driver.
INFO - 2024-05-29 00:21:45 --> Session: Class initialized using 'CodeIgniter\Session\Handlers\FileHandler' driver.
INFO - 2024-05-29 00:21:45 --> Session: Class initialized using 'CodeIgniter\Session\Handlers\FileHandler' driver.
INFO - 2024-05-29 00:21:50 --> Session: Class initialized using 'CodeIgniter\Session\Handlers\FileHandler' driver.
INFO - 2024-05-29 00:21:52 --> Session: Class initialized using 'CodeIgniter\Session\Handlers\FileHandler' driver.
INFO - 2024-05-29 00:21:56 --> Session: Class initialized using 'CodeIgniter\Session\Handlers\FileHandler' driver.
INFO - 2024-05-29 00:21:59 --> Session: Class initialized using 'CodeIgniter\Session\Handlers\FileHandler' driver.
INFO - 2024-05-29 00:21:59 --> Session: Class initialized using 'CodeIgniter\Session\Handlers\FileHandler' driver.
INFO - 2024-05-29 00:22:18 --> Session: Class initialized using 'CodeIgniter\Session\Handlers\FileHandler' driver.
INFO - 2024-05-29 00:22:19 --> Session: Class initialized using 'CodeIgniter\Session\Handlers\FileHandler' driver.
INFO - 2024-05-29 00:23:04 --> Session: Class initialized using 'CodeIgniter\Session\Handlers\FileHandler' driver.
ERROR - 2024-05-29 00:23:04 --> mysqli_sql_exception: Unknown column 'brgy_name' in 'field list' in C:\xampp_7_4\htdocs\websitebinan\system\Database\MySQLi\Connection.php:295
Stack trace:
#0 C:\xampp_7_4\htdocs\websitebinan\system\Database\MySQLi\Connection.php(295): mysqli->query('INSERT INTO `ba...', 0)
#1 C:\xampp_7_4\htdocs\websitebinan\system\Database\BaseConnection.php(691): CodeIgniter\Database\MySQLi\Connection->execute('INSERT INTO `ba...')
#2 C:\xampp_7_4\htdocs\websitebinan\system\Database\BaseConnection.php(605): CodeIgniter\Database\BaseConnection->simpleQuery('INSERT INTO `ba...')
#3 C:\xampp_7_4\htdocs\websitebinan\system\Database\BaseBuilder.php(2309): CodeIgniter\Database\BaseConnection->query('INSERT INTO `ba...', Array, false)
#4 C:\xampp_7_4\htdocs\websitebinan\system\Model.php(330): CodeIgniter\Database\BaseBuilder->insert()
#5 C:\xampp_7_4\htdocs\websitebinan\system\BaseModel.php(782): CodeIgniter\Model->doInsert(Array)
#6 C:\xampp_7_4\htdocs\websitebinan\system\Model.php(730): CodeIgniter\BaseModel->insert(Array, true)
#7 C:\xampp_7_4\htdocs\websitebinan\app\Controllers\Admin.php(277): CodeIgniter\Model->insert(Array)
#8 C:\xampp_7_4\htdocs\websitebinan\system\CodeIgniter.php(934): App\Controllers\Admin->ajax('create_barangay')
=======
INFO - 2024-05-29 02:44:25 --> Session: Class initialized using 'CodeIgniter\Session\Handlers\FileHandler' driver.
INFO - 2024-05-29 02:44:29 --> Session: Class initialized using 'CodeIgniter\Session\Handlers\FileHandler' driver.
INFO - 2024-05-29 02:44:30 --> Session: Class initialized using 'CodeIgniter\Session\Handlers\FileHandler' driver.
INFO - 2024-05-29 02:44:33 --> Session: Class initialized using 'CodeIgniter\Session\Handlers\FileHandler' driver.
INFO - 2024-05-29 02:44:34 --> Session: Class initialized using 'CodeIgniter\Session\Handlers\FileHandler' driver.
CRITICAL - 2024-05-29 02:44:34 --> Class 'App\Models\Audit' not found
in APPPATH\Controllers\Admin.php on line 90.
 1 SYSTEMPATH\CodeIgniter.php(934): App\Controllers\Admin->ajax('get_users')
 2 SYSTEMPATH\CodeIgniter.php(499): CodeIgniter\CodeIgniter->runController(Object(App\Controllers\Admin))
 3 SYSTEMPATH\CodeIgniter.php(368): CodeIgniter\CodeIgniter->handleRequest(null, Object(Config\Cache), false)
 4 FCPATH\index.php(67): CodeIgniter\CodeIgniter->run()
INFO - 2024-05-29 02:50:16 --> Session: Class initialized using 'CodeIgniter\Session\Handlers\FileHandler' driver.
INFO - 2024-05-29 02:50:17 --> Session: Class initialized using 'CodeIgniter\Session\Handlers\FileHandler' driver.
INFO - 2024-05-29 02:50:50 --> Session: Class initialized using 'CodeIgniter\Session\Handlers\FileHandler' driver.
INFO - 2024-05-29 02:50:51 --> Session: Class initialized using 'CodeIgniter\Session\Handlers\FileHandler' driver.
INFO - 2024-05-29 02:51:47 --> Session: Class initialized using 'CodeIgniter\Session\Handlers\FileHandler' driver.
INFO - 2024-05-29 02:51:47 --> Session: Class initialized using 'CodeIgniter\Session\Handlers\FileHandler' driver.
INFO - 2024-05-29 02:51:51 --> Session: Class initialized using 'CodeIgniter\Session\Handlers\FileHandler' driver.
INFO - 2024-05-29 02:51:52 --> Session: Class initialized using 'CodeIgniter\Session\Handlers\FileHandler' driver.
INFO - 2024-05-29 02:51:52 --> Session: Class initialized using 'CodeIgniter\Session\Handlers\FileHandler' driver.
INFO - 2024-05-29 02:51:54 --> Session: Class initialized using 'CodeIgniter\Session\Handlers\FileHandler' driver.
INFO - 2024-05-29 02:51:55 --> Session: Class initialized using 'CodeIgniter\Session\Handlers\FileHandler' driver.
INFO - 2024-05-29 02:51:55 --> Session: Class initialized using 'CodeIgniter\Session\Handlers\FileHandler' driver.
INFO - 2024-05-29 02:51:55 --> Session: Class initialized using 'CodeIgniter\Session\Handlers\FileHandler' driver.
INFO - 2024-05-29 02:51:55 --> Session: Class initialized using 'CodeIgniter\Session\Handlers\FileHandler' driver.
INFO - 2024-05-29 02:51:55 --> Session: Class initialized using 'CodeIgniter\Session\Handlers\FileHandler' driver.
INFO - 2024-05-29 02:51:55 --> Session: Class initialized using 'CodeIgniter\Session\Handlers\FileHandler' driver.
INFO - 2024-05-29 02:57:01 --> Session: Class initialized using 'CodeIgniter\Session\Handlers\FileHandler' driver.
INFO - 2024-05-29 02:57:01 --> Session: Class initialized using 'CodeIgniter\Session\Handlers\FileHandler' driver.
INFO - 2024-05-29 03:04:15 --> Session: Class initialized using 'CodeIgniter\Session\Handlers\FileHandler' driver.
INFO - 2024-05-29 03:04:15 --> Session: Class initialized using 'CodeIgniter\Session\Handlers\FileHandler' driver.
INFO - 2024-05-29 03:04:36 --> Session: Class initialized using 'CodeIgniter\Session\Handlers\FileHandler' driver.
INFO - 2024-05-29 03:04:36 --> Session: Class initialized using 'CodeIgniter\Session\Handlers\FileHandler' driver.
INFO - 2024-05-29 03:04:43 --> Session: Class initialized using 'CodeIgniter\Session\Handlers\FileHandler' driver.
INFO - 2024-05-29 03:04:44 --> Session: Class initialized using 'CodeIgniter\Session\Handlers\FileHandler' driver.
INFO - 2024-05-29 03:04:51 --> Session: Class initialized using 'CodeIgniter\Session\Handlers\FileHandler' driver.
INFO - 2024-05-29 03:04:51 --> Session: Class initialized using 'CodeIgniter\Session\Handlers\FileHandler' driver.
INFO - 2024-05-29 03:04:56 --> Session: Class initialized using 'CodeIgniter\Session\Handlers\FileHandler' driver.
INFO - 2024-05-29 03:04:57 --> Session: Class initialized using 'CodeIgniter\Session\Handlers\FileHandler' driver.
INFO - 2024-05-29 03:04:58 --> Session: Class initialized using 'CodeIgniter\Session\Handlers\FileHandler' driver.
INFO - 2024-05-29 03:06:08 --> Session: Class initialized using 'CodeIgniter\Session\Handlers\FileHandler' driver.
INFO - 2024-05-29 03:06:08 --> Session: Class initialized using 'CodeIgniter\Session\Handlers\FileHandler' driver.
INFO - 2024-05-29 03:06:10 --> Session: Class initialized using 'CodeIgniter\Session\Handlers\FileHandler' driver.
INFO - 2024-05-29 03:06:10 --> Session: Class initialized using 'CodeIgniter\Session\Handlers\FileHandler' driver.
INFO - 2024-05-29 03:06:14 --> Session: Class initialized using 'CodeIgniter\Session\Handlers\FileHandler' driver.
INFO - 2024-05-29 03:06:15 --> Session: Class initialized using 'CodeIgniter\Session\Handlers\FileHandler' driver.
INFO - 2024-05-29 03:06:16 --> Session: Class initialized using 'CodeIgniter\Session\Handlers\FileHandler' driver.
INFO - 2024-05-29 03:06:16 --> Session: Class initialized using 'CodeIgniter\Session\Handlers\FileHandler' driver.
INFO - 2024-05-29 03:06:32 --> Session: Class initialized using 'CodeIgniter\Session\Handlers\FileHandler' driver.
INFO - 2024-05-29 03:06:32 --> Session: Class initialized using 'CodeIgniter\Session\Handlers\FileHandler' driver.
INFO - 2024-05-29 03:11:35 --> Session: Class initialized using 'CodeIgniter\Session\Handlers\FileHandler' driver.
INFO - 2024-05-29 03:11:35 --> Session: Class initialized using 'CodeIgniter\Session\Handlers\FileHandler' driver.
INFO - 2024-05-29 03:11:51 --> Session: Class initialized using 'CodeIgniter\Session\Handlers\FileHandler' driver.
INFO - 2024-05-29 03:11:52 --> Session: Class initialized using 'CodeIgniter\Session\Handlers\FileHandler' driver.
INFO - 2024-05-29 03:11:54 --> Session: Class initialized using 'CodeIgniter\Session\Handlers\FileHandler' driver.
INFO - 2024-05-29 03:11:54 --> Session: Class initialized using 'CodeIgniter\Session\Handlers\FileHandler' driver.
INFO - 2024-05-29 03:12:00 --> Session: Class initialized using 'CodeIgniter\Session\Handlers\FileHandler' driver.
ERROR - 2024-05-29 03:12:00 --> mysqli_sql_exception: Unknown column 'agent' in 'field list' in C:\xampp_7_4\htdocs\websitebinan\system\Database\MySQLi\Connection.php:295
Stack trace:
#0 C:\xampp_7_4\htdocs\websitebinan\system\Database\MySQLi\Connection.php(295): mysqli->query('INSERT INTO `au...', 0)
#1 C:\xampp_7_4\htdocs\websitebinan\system\Database\BaseConnection.php(691): CodeIgniter\Database\MySQLi\Connection->execute('INSERT INTO `au...')
#2 C:\xampp_7_4\htdocs\websitebinan\system\Database\BaseConnection.php(605): CodeIgniter\Database\BaseConnection->simpleQuery('INSERT INTO `au...')
#3 C:\xampp_7_4\htdocs\websitebinan\system\Database\BaseBuilder.php(2309): CodeIgniter\Database\BaseConnection->query('INSERT INTO `au...', Array, false)
#4 C:\xampp_7_4\htdocs\websitebinan\system\Model.php(330): CodeIgniter\Database\BaseBuilder->insert()
#5 C:\xampp_7_4\htdocs\websitebinan\system\BaseModel.php(782): CodeIgniter\Model->doInsert(Array)
#6 C:\xampp_7_4\htdocs\websitebinan\system\Model.php(730): CodeIgniter\BaseModel->insert(Array, false)
#7 C:\xampp_7_4\htdocs\websitebinan\system\BaseModel.php(692): CodeIgniter\Model->insert(Array, false)
#8 C:\xampp_7_4\htdocs\websitebinan\app\Controllers\Admin.php(505): CodeIgniter\BaseModel->save(Array)
#9 C:\xampp_7_4\htdocs\websitebinan\system\CodeIgniter.php(934): App\Controllers\Admin->ajax('update_user')
#10 C:\xampp_7_4\htdocs\websitebinan\system\CodeIgniter.php(499): CodeIgniter\CodeIgniter->runController(Object(App\Controllers\Admin))
#11 C:\xampp_7_4\htdocs\websitebinan\system\CodeIgniter.php(368): CodeIgniter\CodeIgniter->handleRequest(NULL, Object(Config\Cache), false)
#12 C:\xampp_7_4\htdocs\websitebinan\public\index.php(67): CodeIgniter\CodeIgniter->run()
#13 {main}
CRITICAL - 2024-05-29 03:12:00 --> Unknown column 'agent' in 'field list'
in SYSTEMPATH\Database\BaseConnection.php on line 645.
 1 SYSTEMPATH\Database\BaseBuilder.php(2309): CodeIgniter\Database\BaseConnection->query('INSERT INTO `audit_trails` (`ipaddress`, `action`, `agent`, `UserID`) VALUES (:ipaddress:, :action:, :agent:, :UserID:)', [...], false)
 2 SYSTEMPATH\Model.php(330): CodeIgniter\Database\BaseBuilder->insert()
 3 SYSTEMPATH\BaseModel.php(782): CodeIgniter\Model->doInsert([...])
 4 SYSTEMPATH\Model.php(730): CodeIgniter\BaseModel->insert([...], false)
 5 SYSTEMPATH\BaseModel.php(692): CodeIgniter\Model->insert([...], false)
 6 APPPATH\Controllers\Admin.php(505): CodeIgniter\BaseModel->save([...])
 7 SYSTEMPATH\CodeIgniter.php(934): App\Controllers\Admin->ajax('update_user')
 8 SYSTEMPATH\CodeIgniter.php(499): CodeIgniter\CodeIgniter->runController(Object(App\Controllers\Admin))
 9 SYSTEMPATH\CodeIgniter.php(368): CodeIgniter\CodeIgniter->handleRequest(null, Object(Config\Cache), false)
10 FCPATH\index.php(67): CodeIgniter\CodeIgniter->run()
INFO - 2024-05-29 03:12:03 --> Session: Class initialized using 'CodeIgniter\Session\Handlers\FileHandler' driver.
INFO - 2024-05-29 03:12:03 --> Session: Class initialized using 'CodeIgniter\Session\Handlers\FileHandler' driver.
INFO - 2024-05-29 03:12:04 --> Session: Class initialized using 'CodeIgniter\Session\Handlers\FileHandler' driver.
INFO - 2024-05-29 03:12:04 --> Session: Class initialized using 'CodeIgniter\Session\Handlers\FileHandler' driver.
INFO - 2024-05-29 03:12:08 --> Session: Class initialized using 'CodeIgniter\Session\Handlers\FileHandler' driver.
ERROR - 2024-05-29 03:12:08 --> mysqli_sql_exception: Unknown column 'agent' in 'field list' in C:\xampp_7_4\htdocs\websitebinan\system\Database\MySQLi\Connection.php:295
Stack trace:
#0 C:\xampp_7_4\htdocs\websitebinan\system\Database\MySQLi\Connection.php(295): mysqli->query('INSERT INTO `au...', 0)
#1 C:\xampp_7_4\htdocs\websitebinan\system\Database\BaseConnection.php(691): CodeIgniter\Database\MySQLi\Connection->execute('INSERT INTO `au...')
#2 C:\xampp_7_4\htdocs\websitebinan\system\Database\BaseConnection.php(605): CodeIgniter\Database\BaseConnection->simpleQuery('INSERT INTO `au...')
#3 C:\xampp_7_4\htdocs\websitebinan\system\Database\BaseBuilder.php(2309): CodeIgniter\Database\BaseConnection->query('INSERT INTO `au...', Array, false)
#4 C:\xampp_7_4\htdocs\websitebinan\system\Model.php(330): CodeIgniter\Database\BaseBuilder->insert()
#5 C:\xampp_7_4\htdocs\websitebinan\system\BaseModel.php(782): CodeIgniter\Model->doInsert(Array)
#6 C:\xampp_7_4\htdocs\websitebinan\system\Model.php(730): CodeIgniter\BaseModel->insert(Array, false)
#7 C:\xampp_7_4\htdocs\websitebinan\system\BaseModel.php(692): CodeIgniter\Model->insert(Array, false)
#8 C:\xampp_7_4\htdocs\websitebinan\app\Controllers\Admin.php(505): CodeIgniter\BaseModel->save(Array)
#9 C:\xampp_7_4\htdocs\websitebinan\system\CodeIgniter.php(934): App\Controllers\Admin->ajax('update_user')
#10 C:\xampp_7_4\htdocs\websitebinan\system\CodeIgniter.php(499): CodeIgniter\CodeIgniter->runController(Object(App\Controllers\Admin))
#11 C:\xampp_7_4\htdocs\websitebinan\system\CodeIgniter.php(368): CodeIgniter\CodeIgniter->handleRequest(NULL, Object(Config\Cache), false)
#12 C:\xampp_7_4\htdocs\websitebinan\public\index.php(67): CodeIgniter\CodeIgniter->run()
#13 {main}
CRITICAL - 2024-05-29 03:12:08 --> Unknown column 'agent' in 'field list'
in SYSTEMPATH\Database\BaseConnection.php on line 645.
 1 SYSTEMPATH\Database\BaseBuilder.php(2309): CodeIgniter\Database\BaseConnection->query('INSERT INTO `audit_trails` (`ipaddress`, `action`, `agent`, `UserID`, `processdetails`) VALUES (:ipaddress:, :action:, :agent:, :UserID:, :processdetails:)', [...], false)
 2 SYSTEMPATH\Model.php(330): CodeIgniter\Database\BaseBuilder->insert()
 3 SYSTEMPATH\BaseModel.php(782): CodeIgniter\Model->doInsert([...])
 4 SYSTEMPATH\Model.php(730): CodeIgniter\BaseModel->insert([...], false)
 5 SYSTEMPATH\BaseModel.php(692): CodeIgniter\Model->insert([...], false)
 6 APPPATH\Controllers\Admin.php(505): CodeIgniter\BaseModel->save([...])
 7 SYSTEMPATH\CodeIgniter.php(934): App\Controllers\Admin->ajax('update_user')
 8 SYSTEMPATH\CodeIgniter.php(499): CodeIgniter\CodeIgniter->runController(Object(App\Controllers\Admin))
 9 SYSTEMPATH\CodeIgniter.php(368): CodeIgniter\CodeIgniter->handleRequest(null, Object(Config\Cache), false)
10 FCPATH\index.php(67): CodeIgniter\CodeIgniter->run()
INFO - 2024-05-29 03:12:46 --> Session: Class initialized using 'CodeIgniter\Session\Handlers\FileHandler' driver.
INFO - 2024-05-29 03:12:47 --> Session: Class initialized using 'CodeIgniter\Session\Handlers\FileHandler' driver.
INFO - 2024-05-29 03:12:51 --> Session: Class initialized using 'CodeIgniter\Session\Handlers\FileHandler' driver.
INFO - 2024-05-29 03:12:51 --> Session: Class initialized using 'CodeIgniter\Session\Handlers\FileHandler' driver.
INFO - 2024-05-29 03:12:53 --> Session: Class initialized using 'CodeIgniter\Session\Handlers\FileHandler' driver.
INFO - 2024-05-29 03:12:55 --> Session: Class initialized using 'CodeIgniter\Session\Handlers\FileHandler' driver.
INFO - 2024-05-29 03:14:22 --> Session: Class initialized using 'CodeIgniter\Session\Handlers\FileHandler' driver.
INFO - 2024-05-29 03:14:23 --> Session: Class initialized using 'CodeIgniter\Session\Handlers\FileHandler' driver.
INFO - 2024-05-29 03:14:25 --> Session: Class initialized using 'CodeIgniter\Session\Handlers\FileHandler' driver.
INFO - 2024-05-29 03:14:25 --> Session: Class initialized using 'CodeIgniter\Session\Handlers\FileHandler' driver.
INFO - 2024-05-29 03:14:28 --> Session: Class initialized using 'CodeIgniter\Session\Handlers\FileHandler' driver.
ERROR - 2024-05-29 03:14:28 --> mysqli_sql_exception: Unknown column 'agent' in 'field list' in C:\xampp_7_4\htdocs\websitebinan\system\Database\MySQLi\Connection.php:295
Stack trace:
#0 C:\xampp_7_4\htdocs\websitebinan\system\Database\MySQLi\Connection.php(295): mysqli->query('INSERT INTO `au...', 0)
#1 C:\xampp_7_4\htdocs\websitebinan\system\Database\BaseConnection.php(691): CodeIgniter\Database\MySQLi\Connection->execute('INSERT INTO `au...')
#2 C:\xampp_7_4\htdocs\websitebinan\system\Database\BaseConnection.php(605): CodeIgniter\Database\BaseConnection->simpleQuery('INSERT INTO `au...')
#3 C:\xampp_7_4\htdocs\websitebinan\system\Database\BaseBuilder.php(2309): CodeIgniter\Database\BaseConnection->query('INSERT INTO `au...', Array, false)
#4 C:\xampp_7_4\htdocs\websitebinan\system\Model.php(330): CodeIgniter\Database\BaseBuilder->insert()
#5 C:\xampp_7_4\htdocs\websitebinan\system\BaseModel.php(782): CodeIgniter\Model->doInsert(Array)
#6 C:\xampp_7_4\htdocs\websitebinan\system\Model.php(730): CodeIgniter\BaseModel->insert(Array, false)
#7 C:\xampp_7_4\htdocs\websitebinan\system\BaseModel.php(692): CodeIgniter\Model->insert(Array, false)
#8 C:\xampp_7_4\htdocs\websitebinan\app\Controllers\Admin.php(505): CodeIgniter\BaseModel->save(Array)
#9 C:\xampp_7_4\htdocs\websitebinan\system\CodeIgniter.php(934): App\Controllers\Admin->ajax('update_user')
#10 C:\xampp_7_4\htdocs\websitebinan\system\CodeIgniter.php(499): CodeIgniter\CodeIgniter->runController(Object(App\Controllers\Admin))
#11 C:\xampp_7_4\htdocs\websitebinan\system\CodeIgniter.php(368): CodeIgniter\CodeIgniter->handleRequest(NULL, Object(Config\Cache), false)
#12 C:\xampp_7_4\htdocs\websitebinan\public\index.php(67): CodeIgniter\CodeIgniter->run()
#13 {main}
CRITICAL - 2024-05-29 03:14:28 --> Unknown column 'agent' in 'field list'
in SYSTEMPATH\Database\BaseConnection.php on line 645.
 1 SYSTEMPATH\Database\BaseBuilder.php(2309): CodeIgniter\Database\BaseConnection->query('INSERT INTO `audit_trails` (`ipaddress`, `action`, `agent`, `UserID`, `processdetails`) VALUES (:ipaddress:, :action:, :agent:, :UserID:, :processdetails:)', [...], false)
 2 SYSTEMPATH\Model.php(330): CodeIgniter\Database\BaseBuilder->insert()
 3 SYSTEMPATH\BaseModel.php(782): CodeIgniter\Model->doInsert([...])
 4 SYSTEMPATH\Model.php(730): CodeIgniter\BaseModel->insert([...], false)
 5 SYSTEMPATH\BaseModel.php(692): CodeIgniter\Model->insert([...], false)
 6 APPPATH\Controllers\Admin.php(505): CodeIgniter\BaseModel->save([...])
 7 SYSTEMPATH\CodeIgniter.php(934): App\Controllers\Admin->ajax('update_user')
 8 SYSTEMPATH\CodeIgniter.php(499): CodeIgniter\CodeIgniter->runController(Object(App\Controllers\Admin))
 9 SYSTEMPATH\CodeIgniter.php(368): CodeIgniter\CodeIgniter->handleRequest(null, Object(Config\Cache), false)
10 FCPATH\index.php(67): CodeIgniter\CodeIgniter->run()
INFO - 2024-05-29 03:22:22 --> Session: Class initialized using 'CodeIgniter\Session\Handlers\FileHandler' driver.
INFO - 2024-05-29 03:22:23 --> Session: Class initialized using 'CodeIgniter\Session\Handlers\FileHandler' driver.
INFO - 2024-05-29 03:22:24 --> Session: Class initialized using 'CodeIgniter\Session\Handlers\FileHandler' driver.
INFO - 2024-05-29 03:31:49 --> Session: Class initialized using 'CodeIgniter\Session\Handlers\FileHandler' driver.
INFO - 2024-05-29 03:31:57 --> Session: Class initialized using 'CodeIgniter\Session\Handlers\FileHandler' driver.
ERROR - 2024-05-29 03:31:57 --> mysqli_sql_exception: Unknown column 'agent' in 'field list' in C:\xampp_7_4\htdocs\websitebinan\system\Database\MySQLi\Connection.php:295
Stack trace:
#0 C:\xampp_7_4\htdocs\websitebinan\system\Database\MySQLi\Connection.php(295): mysqli->query('INSERT INTO `au...', 0)
#1 C:\xampp_7_4\htdocs\websitebinan\system\Database\BaseConnection.php(691): CodeIgniter\Database\MySQLi\Connection->execute('INSERT INTO `au...')
#2 C:\xampp_7_4\htdocs\websitebinan\system\Database\BaseConnection.php(605): CodeIgniter\Database\BaseConnection->simpleQuery('INSERT INTO `au...')
#3 C:\xampp_7_4\htdocs\websitebinan\system\Database\BaseBuilder.php(2309): CodeIgniter\Database\BaseConnection->query('INSERT INTO `au...', Array, false)
#4 C:\xampp_7_4\htdocs\websitebinan\system\Model.php(330): CodeIgniter\Database\BaseBuilder->insert()
#5 C:\xampp_7_4\htdocs\websitebinan\system\BaseModel.php(782): CodeIgniter\Model->doInsert(Array)
#6 C:\xampp_7_4\htdocs\websitebinan\system\Model.php(730): CodeIgniter\BaseModel->insert(Array, false)
#7 C:\xampp_7_4\htdocs\websitebinan\system\BaseModel.php(692): CodeIgniter\Model->insert(Array, false)
#8 C:\xampp_7_4\htdocs\websitebinan\app\Controllers\Admin.php(505): CodeIgniter\BaseModel->save(Array)
#9 C:\xampp_7_4\htdocs\websitebinan\system\CodeIgniter.php(934): App\Controllers\Admin->ajax('create_user')
#10 C:\xampp_7_4\htdocs\websitebinan\system\CodeIgniter.php(499): CodeIgniter\CodeIgniter->runController(Object(App\Controllers\Admin))
#11 C:\xampp_7_4\htdocs\websitebinan\system\CodeIgniter.php(368): CodeIgniter\CodeIgniter->handleRequest(NULL, Object(Config\Cache), false)
#12 C:\xampp_7_4\htdocs\websitebinan\public\index.php(67): CodeIgniter\CodeIgniter->run()
#13 {main}
CRITICAL - 2024-05-29 03:31:57 --> Unknown column 'agent' in 'field list'
in SYSTEMPATH\Database\BaseConnection.php on line 645.
 1 SYSTEMPATH\Database\BaseBuilder.php(2309): CodeIgniter\Database\BaseConnection->query('INSERT INTO `audit_trails` (`ipaddress`, `action`, `agent`, `UserID`, `processdetails`) VALUES (:ipaddress:, :action:, :agent:, :UserID:, :processdetails:)', [...], false)
 2 SYSTEMPATH\Model.php(330): CodeIgniter\Database\BaseBuilder->insert()
 3 SYSTEMPATH\BaseModel.php(782): CodeIgniter\Model->doInsert([...])
 4 SYSTEMPATH\Model.php(730): CodeIgniter\BaseModel->insert([...], false)
 5 SYSTEMPATH\BaseModel.php(692): CodeIgniter\Model->insert([...], false)
 6 APPPATH\Controllers\Admin.php(505): CodeIgniter\BaseModel->save([...])
 7 SYSTEMPATH\CodeIgniter.php(934): App\Controllers\Admin->ajax('create_user')
 8 SYSTEMPATH\CodeIgniter.php(499): CodeIgniter\CodeIgniter->runController(Object(App\Controllers\Admin))
 9 SYSTEMPATH\CodeIgniter.php(368): CodeIgniter\CodeIgniter->handleRequest(null, Object(Config\Cache), false)
10 FCPATH\index.php(67): CodeIgniter\CodeIgniter->run()
INFO - 2024-05-29 03:32:01 --> Session: Class initialized using 'CodeIgniter\Session\Handlers\FileHandler' driver.
INFO - 2024-05-29 03:32:02 --> Session: Class initialized using 'CodeIgniter\Session\Handlers\FileHandler' driver.
INFO - 2024-05-29 03:56:29 --> Session: Class initialized using 'CodeIgniter\Session\Handlers\FileHandler' driver.
INFO - 2024-05-29 03:56:30 --> Session: Class initialized using 'CodeIgniter\Session\Handlers\FileHandler' driver.
INFO - 2024-05-29 03:56:31 --> Session: Class initialized using 'CodeIgniter\Session\Handlers\FileHandler' driver.
INFO - 2024-05-29 04:03:07 --> Session: Class initialized using 'CodeIgniter\Session\Handlers\FileHandler' driver.
INFO - 2024-05-29 04:03:08 --> Session: Class initialized using 'CodeIgniter\Session\Handlers\FileHandler' driver.
CRITICAL - 2024-05-29 04:03:08 --> Undefined variable: action
in APPPATH\Controllers\Admin.php on line 480.
 1 APPPATH\Controllers\Admin.php(480): CodeIgniter\Debug\Exceptions->errorHandler(8, 'Undefined variable: action', 'APPPATH\\Controllers\\Admin.php', 480, [...])
 2 SYSTEMPATH\CodeIgniter.php(934): App\Controllers\Admin->ajax('get_users')
 3 SYSTEMPATH\CodeIgniter.php(499): CodeIgniter\CodeIgniter->runController(Object(App\Controllers\Admin))
 4 SYSTEMPATH\CodeIgniter.php(368): CodeIgniter\CodeIgniter->handleRequest(null, Object(Config\Cache), false)
 5 FCPATH\index.php(67): CodeIgniter\CodeIgniter->run()
INFO - 2024-05-29 04:03:10 --> Session: Class initialized using 'CodeIgniter\Session\Handlers\FileHandler' driver.
INFO - 2024-05-29 04:03:11 --> Session: Class initialized using 'CodeIgniter\Session\Handlers\FileHandler' driver.
INFO - 2024-05-29 04:03:11 --> Session: Class initialized using 'CodeIgniter\Session\Handlers\FileHandler' driver.
CRITICAL - 2024-05-29 04:03:11 --> Undefined variable: action
in APPPATH\Controllers\Admin.php on line 480.
 1 APPPATH\Controllers\Admin.php(480): CodeIgniter\Debug\Exceptions->errorHandler(8, 'Undefined variable: action', 'APPPATH\\Controllers\\Admin.php', 480, [...])
 2 SYSTEMPATH\CodeIgniter.php(934): App\Controllers\Admin->ajax('get_users')
 3 SYSTEMPATH\CodeIgniter.php(499): CodeIgniter\CodeIgniter->runController(Object(App\Controllers\Admin))
 4 SYSTEMPATH\CodeIgniter.php(368): CodeIgniter\CodeIgniter->handleRequest(null, Object(Config\Cache), false)
 5 FCPATH\index.php(67): CodeIgniter\CodeIgniter->run()
INFO - 2024-05-29 04:03:42 --> Session: Class initialized using 'CodeIgniter\Session\Handlers\FileHandler' driver.
INFO - 2024-05-29 04:03:42 --> Session: Class initialized using 'CodeIgniter\Session\Handlers\FileHandler' driver.
INFO - 2024-05-29 05:23:40 --> Session: Class initialized using 'CodeIgniter\Session\Handlers\FileHandler' driver.
INFO - 2024-05-29 05:23:40 --> Session: Class initialized using 'CodeIgniter\Session\Handlers\FileHandler' driver.
INFO - 2024-05-29 05:23:54 --> Session: Class initialized using 'CodeIgniter\Session\Handlers\FileHandler' driver.
INFO - 2024-05-29 05:23:54 --> Session: Class initialized using 'CodeIgniter\Session\Handlers\FileHandler' driver.
INFO - 2024-05-29 05:28:09 --> Session: Class initialized using 'CodeIgniter\Session\Handlers\FileHandler' driver.
INFO - 2024-05-29 05:28:09 --> Session: Class initialized using 'CodeIgniter\Session\Handlers\FileHandler' driver.
INFO - 2024-05-29 05:28:09 --> Session: Class initialized using 'CodeIgniter\Session\Handlers\FileHandler' driver.
INFO - 2024-05-29 05:28:09 --> Session: Class initialized using 'CodeIgniter\Session\Handlers\FileHandler' driver.
INFO - 2024-05-29 05:28:09 --> Session: Class initialized using 'CodeIgniter\Session\Handlers\FileHandler' driver.
INFO - 2024-05-29 05:28:09 --> Session: Class initialized using 'CodeIgniter\Session\Handlers\FileHandler' driver.
INFO - 2024-05-29 05:28:11 --> Session: Class initialized using 'CodeIgniter\Session\Handlers\FileHandler' driver.
INFO - 2024-05-29 05:28:11 --> Session: Class initialized using 'CodeIgniter\Session\Handlers\FileHandler' driver.
INFO - 2024-05-29 05:28:11 --> Session: Class initialized using 'CodeIgniter\Session\Handlers\FileHandler' driver.
INFO - 2024-05-29 05:28:11 --> Session: Class initialized using 'CodeIgniter\Session\Handlers\FileHandler' driver.
INFO - 2024-05-29 05:28:11 --> Session: Class initialized using 'CodeIgniter\Session\Handlers\FileHandler' driver.
INFO - 2024-05-29 05:28:11 --> Session: Class initialized using 'CodeIgniter\Session\Handlers\FileHandler' driver.
INFO - 2024-05-29 05:32:25 --> Session: Class initialized using 'CodeIgniter\Session\Handlers\FileHandler' driver.
INFO - 2024-05-29 05:32:25 --> Session: Class initialized using 'CodeIgniter\Session\Handlers\FileHandler' driver.
INFO - 2024-05-29 05:32:25 --> Session: Class initialized using 'CodeIgniter\Session\Handlers\FileHandler' driver.
INFO - 2024-05-29 05:32:25 --> Session: Class initialized using 'CodeIgniter\Session\Handlers\FileHandler' driver.
INFO - 2024-05-29 05:32:25 --> Session: Class initialized using 'CodeIgniter\Session\Handlers\FileHandler' driver.
INFO - 2024-05-29 05:32:25 --> Session: Class initialized using 'CodeIgniter\Session\Handlers\FileHandler' driver.
INFO - 2024-05-29 05:32:32 --> Session: Class initialized using 'CodeIgniter\Session\Handlers\FileHandler' driver.
INFO - 2024-05-29 05:32:33 --> Session: Class initialized using 'CodeIgniter\Session\Handlers\FileHandler' driver.
INFO - 2024-05-29 05:32:33 --> Session: Class initialized using 'CodeIgniter\Session\Handlers\FileHandler' driver.
INFO - 2024-05-29 05:32:33 --> Session: Class initialized using 'CodeIgniter\Session\Handlers\FileHandler' driver.
INFO - 2024-05-29 05:32:33 --> Session: Class initialized using 'CodeIgniter\Session\Handlers\FileHandler' driver.
INFO - 2024-05-29 05:32:33 --> Session: Class initialized using 'CodeIgniter\Session\Handlers\FileHandler' driver.
INFO - 2024-05-29 05:32:39 --> Session: Class initialized using 'CodeIgniter\Session\Handlers\FileHandler' driver.
INFO - 2024-05-29 05:32:39 --> Session: Class initialized using 'CodeIgniter\Session\Handlers\FileHandler' driver.
INFO - 2024-05-29 05:32:39 --> Session: Class initialized using 'CodeIgniter\Session\Handlers\FileHandler' driver.
INFO - 2024-05-29 05:32:39 --> Session: Class initialized using 'CodeIgniter\Session\Handlers\FileHandler' driver.
INFO - 2024-05-29 05:32:39 --> Session: Class initialized using 'CodeIgniter\Session\Handlers\FileHandler' driver.
INFO - 2024-05-29 05:32:39 --> Session: Class initialized using 'CodeIgniter\Session\Handlers\FileHandler' driver.
INFO - 2024-05-29 05:32:42 --> Session: Class initialized using 'CodeIgniter\Session\Handlers\FileHandler' driver.
INFO - 2024-05-29 05:32:43 --> Session: Class initialized using 'CodeIgniter\Session\Handlers\FileHandler' driver.
INFO - 2024-05-29 05:32:43 --> Session: Class initialized using 'CodeIgniter\Session\Handlers\FileHandler' driver.
INFO - 2024-05-29 05:32:43 --> Session: Class initialized using 'CodeIgniter\Session\Handlers\FileHandler' driver.
INFO - 2024-05-29 05:32:43 --> Session: Class initialized using 'CodeIgniter\Session\Handlers\FileHandler' driver.
INFO - 2024-05-29 05:32:43 --> Session: Class initialized using 'CodeIgniter\Session\Handlers\FileHandler' driver.
INFO - 2024-05-29 05:33:19 --> Session: Class initialized using 'CodeIgniter\Session\Handlers\FileHandler' driver.
INFO - 2024-05-29 05:33:19 --> Session: Class initialized using 'CodeIgniter\Session\Handlers\FileHandler' driver.
INFO - 2024-05-29 05:33:19 --> Session: Class initialized using 'CodeIgniter\Session\Handlers\FileHandler' driver.
INFO - 2024-05-29 05:33:19 --> Session: Class initialized using 'CodeIgniter\Session\Handlers\FileHandler' driver.
INFO - 2024-05-29 05:33:19 --> Session: Class initialized using 'CodeIgniter\Session\Handlers\FileHandler' driver.
INFO - 2024-05-29 05:33:19 --> Session: Class initialized using 'CodeIgniter\Session\Handlers\FileHandler' driver.
INFO - 2024-05-29 05:33:28 --> Session: Class initialized using 'CodeIgniter\Session\Handlers\FileHandler' driver.
INFO - 2024-05-29 05:33:28 --> Session: Class initialized using 'CodeIgniter\Session\Handlers\FileHandler' driver.
INFO - 2024-05-29 05:33:28 --> Session: Class initialized using 'CodeIgniter\Session\Handlers\FileHandler' driver.
INFO - 2024-05-29 05:33:28 --> Session: Class initialized using 'CodeIgniter\Session\Handlers\FileHandler' driver.
INFO - 2024-05-29 05:33:28 --> Session: Class initialized using 'CodeIgniter\Session\Handlers\FileHandler' driver.
INFO - 2024-05-29 05:33:28 --> Session: Class initialized using 'CodeIgniter\Session\Handlers\FileHandler' driver.
INFO - 2024-05-29 05:35:15 --> Session: Class initialized using 'CodeIgniter\Session\Handlers\FileHandler' driver.
INFO - 2024-05-29 05:35:15 --> Session: Class initialized using 'CodeIgniter\Session\Handlers\FileHandler' driver.
INFO - 2024-05-29 05:35:15 --> Session: Class initialized using 'CodeIgniter\Session\Handlers\FileHandler' driver.
INFO - 2024-05-29 05:35:15 --> Session: Class initialized using 'CodeIgniter\Session\Handlers\FileHandler' driver.
INFO - 2024-05-29 05:35:15 --> Session: Class initialized using 'CodeIgniter\Session\Handlers\FileHandler' driver.
INFO - 2024-05-29 05:35:15 --> Session: Class initialized using 'CodeIgniter\Session\Handlers\FileHandler' driver.
INFO - 2024-05-29 05:35:22 --> Session: Class initialized using 'CodeIgniter\Session\Handlers\FileHandler' driver.
INFO - 2024-05-29 05:35:22 --> Session: Class initialized using 'CodeIgniter\Session\Handlers\FileHandler' driver.
INFO - 2024-05-29 05:35:22 --> Session: Class initialized using 'CodeIgniter\Session\Handlers\FileHandler' driver.
INFO - 2024-05-29 05:35:22 --> Session: Class initialized using 'CodeIgniter\Session\Handlers\FileHandler' driver.
INFO - 2024-05-29 05:35:22 --> Session: Class initialized using 'CodeIgniter\Session\Handlers\FileHandler' driver.
INFO - 2024-05-29 05:35:22 --> Session: Class initialized using 'CodeIgniter\Session\Handlers\FileHandler' driver.
INFO - 2024-05-29 05:35:24 --> Session: Class initialized using 'CodeIgniter\Session\Handlers\FileHandler' driver.
INFO - 2024-05-29 05:35:25 --> Session: Class initialized using 'CodeIgniter\Session\Handlers\FileHandler' driver.
INFO - 2024-05-29 05:35:25 --> Session: Class initialized using 'CodeIgniter\Session\Handlers\FileHandler' driver.
INFO - 2024-05-29 05:35:25 --> Session: Class initialized using 'CodeIgniter\Session\Handlers\FileHandler' driver.
INFO - 2024-05-29 05:35:25 --> Session: Class initialized using 'CodeIgniter\Session\Handlers\FileHandler' driver.
INFO - 2024-05-29 05:35:25 --> Session: Class initialized using 'CodeIgniter\Session\Handlers\FileHandler' driver.
INFO - 2024-05-29 05:35:25 --> Session: Class initialized using 'CodeIgniter\Session\Handlers\FileHandler' driver.
INFO - 2024-05-29 05:35:25 --> Session: Class initialized using 'CodeIgniter\Session\Handlers\FileHandler' driver.
INFO - 2024-05-29 05:36:09 --> Session: Class initialized using 'CodeIgniter\Session\Handlers\FileHandler' driver.
INFO - 2024-05-29 05:36:10 --> Session: Class initialized using 'CodeIgniter\Session\Handlers\FileHandler' driver.
INFO - 2024-05-29 05:36:10 --> Session: Class initialized using 'CodeIgniter\Session\Handlers\FileHandler' driver.
INFO - 2024-05-29 05:36:10 --> Session: Class initialized using 'CodeIgniter\Session\Handlers\FileHandler' driver.
INFO - 2024-05-29 05:36:10 --> Session: Class initialized using 'CodeIgniter\Session\Handlers\FileHandler' driver.
INFO - 2024-05-29 05:36:10 --> Session: Class initialized using 'CodeIgniter\Session\Handlers\FileHandler' driver.
INFO - 2024-05-29 05:36:10 --> Session: Class initialized using 'CodeIgniter\Session\Handlers\FileHandler' driver.
INFO - 2024-05-29 05:36:10 --> Session: Class initialized using 'CodeIgniter\Session\Handlers\FileHandler' driver.
INFO - 2024-05-29 05:36:10 --> Session: Class initialized using 'CodeIgniter\Session\Handlers\FileHandler' driver.
INFO - 2024-05-29 05:36:10 --> Session: Class initialized using 'CodeIgniter\Session\Handlers\FileHandler' driver.
INFO - 2024-05-29 05:36:23 --> Session: Class initialized using 'CodeIgniter\Session\Handlers\FileHandler' driver.
INFO - 2024-05-29 05:36:23 --> Session: Class initialized using 'CodeIgniter\Session\Handlers\FileHandler' driver.
INFO - 2024-05-29 05:37:14 --> Session: Class initialized using 'CodeIgniter\Session\Handlers\FileHandler' driver.
INFO - 2024-05-29 05:37:14 --> Session: Class initialized using 'CodeIgniter\Session\Handlers\FileHandler' driver.
INFO - 2024-05-29 05:39:00 --> Session: Class initialized using 'CodeIgniter\Session\Handlers\FileHandler' driver.
INFO - 2024-05-29 05:39:00 --> Session: Class initialized using 'CodeIgniter\Session\Handlers\FileHandler' driver.
INFO - 2024-05-29 05:39:01 --> Session: Class initialized using 'CodeIgniter\Session\Handlers\FileHandler' driver.
INFO - 2024-05-29 05:42:52 --> Session: Class initialized using 'CodeIgniter\Session\Handlers\FileHandler' driver.
INFO - 2024-05-29 05:42:52 --> Session: Class initialized using 'CodeIgniter\Session\Handlers\FileHandler' driver.
INFO - 2024-05-29 05:42:53 --> Session: Class initialized using 'CodeIgniter\Session\Handlers\FileHandler' driver.
INFO - 2024-05-29 05:42:53 --> Session: Class initialized using 'CodeIgniter\Session\Handlers\FileHandler' driver.
INFO - 2024-05-29 05:42:57 --> Session: Class initialized using 'CodeIgniter\Session\Handlers\FileHandler' driver.
INFO - 2024-05-29 05:42:57 --> Session: Class initialized using 'CodeIgniter\Session\Handlers\FileHandler' driver.
INFO - 2024-05-29 05:42:57 --> Session: Class initialized using 'CodeIgniter\Session\Handlers\FileHandler' driver.
INFO - 2024-05-29 05:42:57 --> Session: Class initialized using 'CodeIgniter\Session\Handlers\FileHandler' driver.
INFO - 2024-05-29 05:42:57 --> Session: Class initialized using 'CodeIgniter\Session\Handlers\FileHandler' driver.
INFO - 2024-05-29 05:42:57 --> Session: Class initialized using 'CodeIgniter\Session\Handlers\FileHandler' driver.
INFO - 2024-05-29 05:42:57 --> Session: Class initialized using 'CodeIgniter\Session\Handlers\FileHandler' driver.
INFO - 2024-05-29 05:42:57 --> Session: Class initialized using 'CodeIgniter\Session\Handlers\FileHandler' driver.
INFO - 2024-05-29 05:42:57 --> Session: Class initialized using 'CodeIgniter\Session\Handlers\FileHandler' driver.
INFO - 2024-05-29 05:42:57 --> Session: Class initialized using 'CodeIgniter\Session\Handlers\FileHandler' driver.
INFO - 2024-05-29 05:43:19 --> Session: Class initialized using 'CodeIgniter\Session\Handlers\FileHandler' driver.
INFO - 2024-05-29 05:43:22 --> Session: Class initialized using 'CodeIgniter\Session\Handlers\FileHandler' driver.
INFO - 2024-05-29 05:43:23 --> Session: Class initialized using 'CodeIgniter\Session\Handlers\FileHandler' driver.
INFO - 2024-05-29 05:43:23 --> Session: Class initialized using 'CodeIgniter\Session\Handlers\FileHandler' driver.
INFO - 2024-05-29 05:43:23 --> Session: Class initialized using 'CodeIgniter\Session\Handlers\FileHandler' driver.
INFO - 2024-05-29 05:43:23 --> Session: Class initialized using 'CodeIgniter\Session\Handlers\FileHandler' driver.
INFO - 2024-05-29 05:43:23 --> Session: Class initialized using 'CodeIgniter\Session\Handlers\FileHandler' driver.
INFO - 2024-05-29 05:43:23 --> Session: Class initialized using 'CodeIgniter\Session\Handlers\FileHandler' driver.
INFO - 2024-05-29 05:43:23 --> Session: Class initialized using 'CodeIgniter\Session\Handlers\FileHandler' driver.
INFO - 2024-05-29 05:43:23 --> Session: Class initialized using 'CodeIgniter\Session\Handlers\FileHandler' driver.
INFO - 2024-05-29 05:43:23 --> Session: Class initialized using 'CodeIgniter\Session\Handlers\FileHandler' driver.
INFO - 2024-05-29 05:46:15 --> Session: Class initialized using 'CodeIgniter\Session\Handlers\FileHandler' driver.
INFO - 2024-05-29 05:46:15 --> Session: Class initialized using 'CodeIgniter\Session\Handlers\FileHandler' driver.
INFO - 2024-05-29 05:48:32 --> Session: Class initialized using 'CodeIgniter\Session\Handlers\FileHandler' driver.
INFO - 2024-05-29 05:48:32 --> Session: Class initialized using 'CodeIgniter\Session\Handlers\FileHandler' driver.
INFO - 2024-05-29 05:48:32 --> Session: Class initialized using 'CodeIgniter\Session\Handlers\FileHandler' driver.
INFO - 2024-05-29 05:48:32 --> Session: Class initialized using 'CodeIgniter\Session\Handlers\FileHandler' driver.
INFO - 2024-05-29 05:48:32 --> Session: Class initialized using 'CodeIgniter\Session\Handlers\FileHandler' driver.
INFO - 2024-05-29 05:48:32 --> Session: Class initialized using 'CodeIgniter\Session\Handlers\FileHandler' driver.
INFO - 2024-05-29 05:48:32 --> Session: Class initialized using 'CodeIgniter\Session\Handlers\FileHandler' driver.
INFO - 2024-05-29 05:48:32 --> Session: Class initialized using 'CodeIgniter\Session\Handlers\FileHandler' driver.
INFO - 2024-05-29 05:48:32 --> Session: Class initialized using 'CodeIgniter\Session\Handlers\FileHandler' driver.
INFO - 2024-05-29 05:48:32 --> Session: Class initialized using 'CodeIgniter\Session\Handlers\FileHandler' driver.
INFO - 2024-05-29 05:53:38 --> Session: Class initialized using 'CodeIgniter\Session\Handlers\FileHandler' driver.
INFO - 2024-05-29 05:53:38 --> Session: Class initialized using 'CodeIgniter\Session\Handlers\FileHandler' driver.
INFO - 2024-05-29 05:53:38 --> Session: Class initialized using 'CodeIgniter\Session\Handlers\FileHandler' driver.
INFO - 2024-05-29 05:53:38 --> Session: Class initialized using 'CodeIgniter\Session\Handlers\FileHandler' driver.
INFO - 2024-05-29 05:53:38 --> Session: Class initialized using 'CodeIgniter\Session\Handlers\FileHandler' driver.
INFO - 2024-05-29 05:53:38 --> Session: Class initialized using 'CodeIgniter\Session\Handlers\FileHandler' driver.
INFO - 2024-05-29 05:53:38 --> Session: Class initialized using 'CodeIgniter\Session\Handlers\FileHandler' driver.
INFO - 2024-05-29 05:53:38 --> Session: Class initialized using 'CodeIgniter\Session\Handlers\FileHandler' driver.
INFO - 2024-05-29 05:53:38 --> Session: Class initialized using 'CodeIgniter\Session\Handlers\FileHandler' driver.
INFO - 2024-05-29 05:53:38 --> Session: Class initialized using 'CodeIgniter\Session\Handlers\FileHandler' driver.
INFO - 2024-05-29 05:53:40 --> Session: Class initialized using 'CodeIgniter\Session\Handlers\FileHandler' driver.
INFO - 2024-05-29 05:54:04 --> Session: Class initialized using 'CodeIgniter\Session\Handlers\FileHandler' driver.
INFO - 2024-05-29 05:54:05 --> Session: Class initialized using 'CodeIgniter\Session\Handlers\FileHandler' driver.
INFO - 2024-05-29 05:54:05 --> Session: Class initialized using 'CodeIgniter\Session\Handlers\FileHandler' driver.
INFO - 2024-05-29 05:54:05 --> Session: Class initialized using 'CodeIgniter\Session\Handlers\FileHandler' driver.
INFO - 2024-05-29 05:54:05 --> Session: Class initialized using 'CodeIgniter\Session\Handlers\FileHandler' driver.
INFO - 2024-05-29 05:54:05 --> Session: Class initialized using 'CodeIgniter\Session\Handlers\FileHandler' driver.
INFO - 2024-05-29 05:54:05 --> Session: Class initialized using 'CodeIgniter\Session\Handlers\FileHandler' driver.
INFO - 2024-05-29 05:54:05 --> Session: Class initialized using 'CodeIgniter\Session\Handlers\FileHandler' driver.
INFO - 2024-05-29 05:54:05 --> Session: Class initialized using 'CodeIgniter\Session\Handlers\FileHandler' driver.
INFO - 2024-05-29 05:54:05 --> Session: Class initialized using 'CodeIgniter\Session\Handlers\FileHandler' driver.
INFO - 2024-05-29 05:54:09 --> Session: Class initialized using 'CodeIgniter\Session\Handlers\FileHandler' driver.
INFO - 2024-05-29 05:54:09 --> Session: Class initialized using 'CodeIgniter\Session\Handlers\FileHandler' driver.
INFO - 2024-05-29 05:55:52 --> Session: Class initialized using 'CodeIgniter\Session\Handlers\FileHandler' driver.
INFO - 2024-05-29 05:55:52 --> Session: Class initialized using 'CodeIgniter\Session\Handlers\FileHandler' driver.
INFO - 2024-05-29 05:55:53 --> Session: Class initialized using 'CodeIgniter\Session\Handlers\FileHandler' driver.
INFO - 2024-05-29 05:56:08 --> Session: Class initialized using 'CodeIgniter\Session\Handlers\FileHandler' driver.
INFO - 2024-05-29 05:56:09 --> Session: Class initialized using 'CodeIgniter\Session\Handlers\FileHandler' driver.
INFO - 2024-05-29 05:56:10 --> Session: Class initialized using 'CodeIgniter\Session\Handlers\FileHandler' driver.
INFO - 2024-05-29 05:56:11 --> Session: Class initialized using 'CodeIgniter\Session\Handlers\FileHandler' driver.
INFO - 2024-05-29 05:57:01 --> Session: Class initialized using 'CodeIgniter\Session\Handlers\FileHandler' driver.
INFO - 2024-05-29 05:57:01 --> Session: Class initialized using 'CodeIgniter\Session\Handlers\FileHandler' driver.
INFO - 2024-05-29 05:59:46 --> Session: Class initialized using 'CodeIgniter\Session\Handlers\FileHandler' driver.
INFO - 2024-05-29 05:59:50 --> Session: Class initialized using 'CodeIgniter\Session\Handlers\FileHandler' driver.
INFO - 2024-05-29 05:59:50 --> Session: Class initialized using 'CodeIgniter\Session\Handlers\FileHandler' driver.
INFO - 2024-05-29 05:59:52 --> Session: Class initialized using 'CodeIgniter\Session\Handlers\FileHandler' driver.
INFO - 2024-05-29 05:59:52 --> Session: Class initialized using 'CodeIgniter\Session\Handlers\FileHandler' driver.
INFO - 2024-05-29 06:00:57 --> Session: Class initialized using 'CodeIgniter\Session\Handlers\FileHandler' driver.
INFO - 2024-05-29 06:00:57 --> Session: Class initialized using 'CodeIgniter\Session\Handlers\FileHandler' driver.
INFO - 2024-05-29 06:02:05 --> Session: Class initialized using 'CodeIgniter\Session\Handlers\FileHandler' driver.
INFO - 2024-05-29 06:02:06 --> Session: Class initialized using 'CodeIgniter\Session\Handlers\FileHandler' driver.
INFO - 2024-05-29 06:02:06 --> Session: Class initialized using 'CodeIgniter\Session\Handlers\FileHandler' driver.
INFO - 2024-05-29 06:02:06 --> Session: Class initialized using 'CodeIgniter\Session\Handlers\FileHandler' driver.
INFO - 2024-05-29 06:02:06 --> Session: Class initialized using 'CodeIgniter\Session\Handlers\FileHandler' driver.
INFO - 2024-05-29 06:02:06 --> Session: Class initialized using 'CodeIgniter\Session\Handlers\FileHandler' driver.
INFO - 2024-05-29 06:02:06 --> Session: Class initialized using 'CodeIgniter\Session\Handlers\FileHandler' driver.
INFO - 2024-05-29 06:02:06 --> Session: Class initialized using 'CodeIgniter\Session\Handlers\FileHandler' driver.
INFO - 2024-05-29 06:02:06 --> Session: Class initialized using 'CodeIgniter\Session\Handlers\FileHandler' driver.
INFO - 2024-05-29 06:02:06 --> Session: Class initialized using 'CodeIgniter\Session\Handlers\FileHandler' driver.
INFO - 2024-05-29 06:02:06 --> Session: Class initialized using 'CodeIgniter\Session\Handlers\FileHandler' driver.
INFO - 2024-05-29 06:02:07 --> Session: Class initialized using 'CodeIgniter\Session\Handlers\FileHandler' driver.
INFO - 2024-05-29 06:02:07 --> Session: Class initialized using 'CodeIgniter\Session\Handlers\FileHandler' driver.
INFO - 2024-05-29 06:02:08 --> Session: Class initialized using 'CodeIgniter\Session\Handlers\FileHandler' driver.
INFO - 2024-05-29 06:03:56 --> Session: Class initialized using 'CodeIgniter\Session\Handlers\FileHandler' driver.
INFO - 2024-05-29 06:03:56 --> Session: Class initialized using 'CodeIgniter\Session\Handlers\FileHandler' driver.
INFO - 2024-05-29 06:07:14 --> Session: Class initialized using 'CodeIgniter\Session\Handlers\FileHandler' driver.
INFO - 2024-05-29 06:07:14 --> Session: Class initialized using 'CodeIgniter\Session\Handlers\FileHandler' driver.
INFO - 2024-05-29 06:07:14 --> Session: Class initialized using 'CodeIgniter\Session\Handlers\FileHandler' driver.
INFO - 2024-05-29 06:07:14 --> Session: Class initialized using 'CodeIgniter\Session\Handlers\FileHandler' driver.
INFO - 2024-05-29 06:07:14 --> Session: Class initialized using 'CodeIgniter\Session\Handlers\FileHandler' driver.
INFO - 2024-05-29 06:07:14 --> Session: Class initialized using 'CodeIgniter\Session\Handlers\FileHandler' driver.
INFO - 2024-05-29 06:07:14 --> Session: Class initialized using 'CodeIgniter\Session\Handlers\FileHandler' driver.
INFO - 2024-05-29 06:07:14 --> Session: Class initialized using 'CodeIgniter\Session\Handlers\FileHandler' driver.
INFO - 2024-05-29 06:07:15 --> Session: Class initialized using 'CodeIgniter\Session\Handlers\FileHandler' driver.
INFO - 2024-05-29 06:07:15 --> Session: Class initialized using 'CodeIgniter\Session\Handlers\FileHandler' driver.
INFO - 2024-05-29 06:07:46 --> Session: Class initialized using 'CodeIgniter\Session\Handlers\FileHandler' driver.
INFO - 2024-05-29 06:07:46 --> Session: Class initialized using 'CodeIgniter\Session\Handlers\FileHandler' driver.
INFO - 2024-05-29 06:21:21 --> Session: Class initialized using 'CodeIgniter\Session\Handlers\FileHandler' driver.
INFO - 2024-05-29 06:21:21 --> Session: Class initialized using 'CodeIgniter\Session\Handlers\FileHandler' driver.
INFO - 2024-05-29 06:21:58 --> Session: Class initialized using 'CodeIgniter\Session\Handlers\FileHandler' driver.
INFO - 2024-05-29 06:21:59 --> Session: Class initialized using 'CodeIgniter\Session\Handlers\FileHandler' driver.
INFO - 2024-05-29 06:21:59 --> Session: Class initialized using 'CodeIgniter\Session\Handlers\FileHandler' driver.
INFO - 2024-05-29 06:21:59 --> Session: Class initialized using 'CodeIgniter\Session\Handlers\FileHandler' driver.
INFO - 2024-05-29 06:21:59 --> Session: Class initialized using 'CodeIgniter\Session\Handlers\FileHandler' driver.
INFO - 2024-05-29 06:21:59 --> Session: Class initialized using 'CodeIgniter\Session\Handlers\FileHandler' driver.
INFO - 2024-05-29 06:21:59 --> Session: Class initialized using 'CodeIgniter\Session\Handlers\FileHandler' driver.
INFO - 2024-05-29 06:21:59 --> Session: Class initialized using 'CodeIgniter\Session\Handlers\FileHandler' driver.
INFO - 2024-05-29 06:21:59 --> Session: Class initialized using 'CodeIgniter\Session\Handlers\FileHandler' driver.
INFO - 2024-05-29 06:21:59 --> Session: Class initialized using 'CodeIgniter\Session\Handlers\FileHandler' driver.
INFO - 2024-05-29 06:22:06 --> Session: Class initialized using 'CodeIgniter\Session\Handlers\FileHandler' driver.
INFO - 2024-05-29 06:22:06 --> Session: Class initialized using 'CodeIgniter\Session\Handlers\FileHandler' driver.
INFO - 2024-05-29 06:22:18 --> Session: Class initialized using 'CodeIgniter\Session\Handlers\FileHandler' driver.
INFO - 2024-05-29 06:22:18 --> Session: Class initialized using 'CodeIgniter\Session\Handlers\FileHandler' driver.
INFO - 2024-05-29 06:23:14 --> Session: Class initialized using 'CodeIgniter\Session\Handlers\FileHandler' driver.
INFO - 2024-05-29 06:23:14 --> Session: Class initialized using 'CodeIgniter\Session\Handlers\FileHandler' driver.
INFO - 2024-05-29 06:24:23 --> Session: Class initialized using 'CodeIgniter\Session\Handlers\FileHandler' driver.
INFO - 2024-05-29 06:24:23 --> Session: Class initialized using 'CodeIgniter\Session\Handlers\FileHandler' driver.
INFO - 2024-05-29 06:24:38 --> Session: Class initialized using 'CodeIgniter\Session\Handlers\FileHandler' driver.
INFO - 2024-05-29 06:24:39 --> Session: Class initialized using 'CodeIgniter\Session\Handlers\FileHandler' driver.
INFO - 2024-05-29 06:25:02 --> Session: Class initialized using 'CodeIgniter\Session\Handlers\FileHandler' driver.
INFO - 2024-05-29 06:25:02 --> Session: Class initialized using 'CodeIgniter\Session\Handlers\FileHandler' driver.
INFO - 2024-05-29 06:25:14 --> Session: Class initialized using 'CodeIgniter\Session\Handlers\FileHandler' driver.
INFO - 2024-05-29 06:25:15 --> Session: Class initialized using 'CodeIgniter\Session\Handlers\FileHandler' driver.
INFO - 2024-05-29 06:25:15 --> Session: Class initialized using 'CodeIgniter\Session\Handlers\FileHandler' driver.
INFO - 2024-05-29 06:25:17 --> Session: Class initialized using 'CodeIgniter\Session\Handlers\FileHandler' driver.
INFO - 2024-05-29 06:25:17 --> Session: Class initialized using 'CodeIgniter\Session\Handlers\FileHandler' driver.
INFO - 2024-05-29 06:32:21 --> Session: Class initialized using 'CodeIgniter\Session\Handlers\FileHandler' driver.
INFO - 2024-05-29 06:32:21 --> Session: Class initialized using 'CodeIgniter\Session\Handlers\FileHandler' driver.
INFO - 2024-05-29 06:32:37 --> Session: Class initialized using 'CodeIgniter\Session\Handlers\FileHandler' driver.
INFO - 2024-05-29 06:32:37 --> Session: Class initialized using 'CodeIgniter\Session\Handlers\FileHandler' driver.
INFO - 2024-05-29 06:40:11 --> Session: Class initialized using 'CodeIgniter\Session\Handlers\FileHandler' driver.
INFO - 2024-05-29 06:40:11 --> Session: Class initialized using 'CodeIgniter\Session\Handlers\FileHandler' driver.
INFO - 2024-05-29 06:43:41 --> Session: Class initialized using 'CodeIgniter\Session\Handlers\FileHandler' driver.
INFO - 2024-05-29 06:43:41 --> Session: Class initialized using 'CodeIgniter\Session\Handlers\FileHandler' driver.
INFO - 2024-05-29 06:43:56 --> Session: Class initialized using 'CodeIgniter\Session\Handlers\FileHandler' driver.
INFO - 2024-05-29 06:43:56 --> Session: Class initialized using 'CodeIgniter\Session\Handlers\FileHandler' driver.
INFO - 2024-05-29 06:44:06 --> Session: Class initialized using 'CodeIgniter\Session\Handlers\FileHandler' driver.
INFO - 2024-05-29 06:44:07 --> Session: Class initialized using 'CodeIgniter\Session\Handlers\FileHandler' driver.
INFO - 2024-05-29 06:44:07 --> Session: Class initialized using 'CodeIgniter\Session\Handlers\FileHandler' driver.
INFO - 2024-05-29 06:44:07 --> Session: Class initialized using 'CodeIgniter\Session\Handlers\FileHandler' driver.
INFO - 2024-05-29 06:44:07 --> Session: Class initialized using 'CodeIgniter\Session\Handlers\FileHandler' driver.
INFO - 2024-05-29 06:44:07 --> Session: Class initialized using 'CodeIgniter\Session\Handlers\FileHandler' driver.
INFO - 2024-05-29 06:44:07 --> Session: Class initialized using 'CodeIgniter\Session\Handlers\FileHandler' driver.
INFO - 2024-05-29 06:44:07 --> Session: Class initialized using 'CodeIgniter\Session\Handlers\FileHandler' driver.
INFO - 2024-05-29 06:44:07 --> Session: Class initialized using 'CodeIgniter\Session\Handlers\FileHandler' driver.
INFO - 2024-05-29 06:44:07 --> Session: Class initialized using 'CodeIgniter\Session\Handlers\FileHandler' driver.
INFO - 2024-05-29 06:44:29 --> Session: Class initialized using 'CodeIgniter\Session\Handlers\FileHandler' driver.
INFO - 2024-05-29 06:44:30 --> Session: Class initialized using 'CodeIgniter\Session\Handlers\FileHandler' driver.
INFO - 2024-05-29 06:44:30 --> Session: Class initialized using 'CodeIgniter\Session\Handlers\FileHandler' driver.
INFO - 2024-05-29 06:44:30 --> Session: Class initialized using 'CodeIgniter\Session\Handlers\FileHandler' driver.
INFO - 2024-05-29 06:44:30 --> Session: Class initialized using 'CodeIgniter\Session\Handlers\FileHandler' driver.
INFO - 2024-05-29 06:44:30 --> Session: Class initialized using 'CodeIgniter\Session\Handlers\FileHandler' driver.
INFO - 2024-05-29 06:44:30 --> Session: Class initialized using 'CodeIgniter\Session\Handlers\FileHandler' driver.
INFO - 2024-05-29 06:44:30 --> Session: Class initialized using 'CodeIgniter\Session\Handlers\FileHandler' driver.
INFO - 2024-05-29 06:44:30 --> Session: Class initialized using 'CodeIgniter\Session\Handlers\FileHandler' driver.
INFO - 2024-05-29 06:44:30 --> Session: Class initialized using 'CodeIgniter\Session\Handlers\FileHandler' driver.
INFO - 2024-05-29 06:44:36 --> Session: Class initialized using 'CodeIgniter\Session\Handlers\FileHandler' driver.
INFO - 2024-05-29 06:44:38 --> Session: Class initialized using 'CodeIgniter\Session\Handlers\FileHandler' driver.
INFO - 2024-05-29 06:44:38 --> Session: Class initialized using 'CodeIgniter\Session\Handlers\FileHandler' driver.
INFO - 2024-05-29 06:45:19 --> Session: Class initialized using 'CodeIgniter\Session\Handlers\FileHandler' driver.
INFO - 2024-05-29 06:45:20 --> Session: Class initialized using 'CodeIgniter\Session\Handlers\FileHandler' driver.
INFO - 2024-05-29 06:54:17 --> Session: Class initialized using 'CodeIgniter\Session\Handlers\FileHandler' driver.
INFO - 2024-05-29 06:54:18 --> Session: Class initialized using 'CodeIgniter\Session\Handlers\FileHandler' driver.
INFO - 2024-05-29 06:54:38 --> Session: Class initialized using 'CodeIgniter\Session\Handlers\FileHandler' driver.
INFO - 2024-05-29 06:54:38 --> Session: Class initialized using 'CodeIgniter\Session\Handlers\FileHandler' driver.
INFO - 2024-05-29 06:59:10 --> Session: Class initialized using 'CodeIgniter\Session\Handlers\FileHandler' driver.
INFO - 2024-05-29 06:59:10 --> Session: Class initialized using 'CodeIgniter\Session\Handlers\FileHandler' driver.
INFO - 2024-05-29 06:59:10 --> Session: Class initialized using 'CodeIgniter\Session\Handlers\FileHandler' driver.
ERROR - 2024-05-29 06:59:10 --> File not found: C:\xampp_7_4\htdocs\websitebinan\writable\uploads/DEPT/thft
INFO - 2024-05-29 06:59:10 --> Session: Class initialized using 'CodeIgniter\Session\Handlers\FileHandler' driver.
ERROR - 2024-05-29 06:59:10 --> File not found: C:\xampp_7_4\htdocs\websitebinan\writable\uploads/DEPT/Octavio A. Almenanza, Jr.
INFO - 2024-05-29 06:59:10 --> Session: Class initialized using 'CodeIgniter\Session\Handlers\FileHandler' driver.
ERROR - 2024-05-29 06:59:10 --> File not found: C:\xampp_7_4\htdocs\websitebinan\writable\uploads/DEPT/tufth
INFO - 2024-05-29 06:59:10 --> Session: Class initialized using 'CodeIgniter\Session\Handlers\FileHandler' driver.
ERROR - 2024-05-29 06:59:10 --> File not found: C:\xampp_7_4\htdocs\websitebinan\writable\uploads/DEPT/Noel Velasco
INFO - 2024-05-29 06:59:10 --> Session: Class initialized using 'CodeIgniter\Session\Handlers\FileHandler' driver.
ERROR - 2024-05-29 06:59:10 --> File not found: C:\xampp_7_4\htdocs\websitebinan\writable\uploads/DEPT/Lourdes E. Dimaguila
INFO - 2024-05-29 06:59:29 --> Session: Class initialized using 'CodeIgniter\Session\Handlers\FileHandler' driver.
INFO - 2024-05-29 06:59:29 --> Session: Class initialized using 'CodeIgniter\Session\Handlers\FileHandler' driver.
INFO - 2024-05-29 06:59:29 --> Session: Class initialized using 'CodeIgniter\Session\Handlers\FileHandler' driver.
INFO - 2024-05-29 06:59:29 --> Session: Class initialized using 'CodeIgniter\Session\Handlers\FileHandler' driver.
ERROR - 2024-05-29 06:59:29 --> File not found: C:\xampp_7_4\htdocs\websitebinan\writable\uploads/DEPT/Noel Velasco
INFO - 2024-05-29 06:59:29 --> Session: Class initialized using 'CodeIgniter\Session\Handlers\FileHandler' driver.
ERROR - 2024-05-29 06:59:29 --> File not found: C:\xampp_7_4\htdocs\websitebinan\writable\uploads/DEPT/Lourdes E. Dimaguila
INFO - 2024-05-29 06:59:29 --> Session: Class initialized using 'CodeIgniter\Session\Handlers\FileHandler' driver.
ERROR - 2024-05-29 06:59:29 --> File not found: C:\xampp_7_4\htdocs\websitebinan\writable\uploads/DEPT/Octavio A. Almenanza, Jr.
INFO - 2024-05-29 06:59:29 --> Session: Class initialized using 'CodeIgniter\Session\Handlers\FileHandler' driver.
ERROR - 2024-05-29 06:59:29 --> File not found: C:\xampp_7_4\htdocs\websitebinan\writable\uploads/DEPT/thft
INFO - 2024-05-29 06:59:29 --> Session: Class initialized using 'CodeIgniter\Session\Handlers\FileHandler' driver.
ERROR - 2024-05-29 06:59:29 --> File not found: C:\xampp_7_4\htdocs\websitebinan\writable\uploads/DEPT/tufth
INFO - 2024-05-29 06:59:32 --> Session: Class initialized using 'CodeIgniter\Session\Handlers\FileHandler' driver.
INFO - 2024-05-29 06:59:32 --> Session: Class initialized using 'CodeIgniter\Session\Handlers\FileHandler' driver.
ERROR - 2024-05-29 06:59:32 --> File not found: C:\xampp_7_4\htdocs\websitebinan\writable\uploads/DEPT/Octavio A. Almenanza, Jr.
INFO - 2024-05-29 06:59:32 --> Session: Class initialized using 'CodeIgniter\Session\Handlers\FileHandler' driver.
ERROR - 2024-05-29 06:59:32 --> File not found: C:\xampp_7_4\htdocs\websitebinan\writable\uploads/DEPT/Noel Velasco
INFO - 2024-05-29 06:59:33 --> Session: Class initialized using 'CodeIgniter\Session\Handlers\FileHandler' driver.
INFO - 2024-05-29 06:59:33 --> Session: Class initialized using 'CodeIgniter\Session\Handlers\FileHandler' driver.
ERROR - 2024-05-29 06:59:33 --> File not found: C:\xampp_7_4\htdocs\websitebinan\writable\uploads/DEPT/Noel Velasco
INFO - 2024-05-29 06:59:33 --> Session: Class initialized using 'CodeIgniter\Session\Handlers\FileHandler' driver.
ERROR - 2024-05-29 06:59:33 --> File not found: C:\xampp_7_4\htdocs\websitebinan\writable\uploads/DEPT/Octavio A. Almenanza, Jr.
INFO - 2024-05-29 07:05:45 --> Session: Class initialized using 'CodeIgniter\Session\Handlers\FileHandler' driver.
INFO - 2024-05-29 07:05:45 --> Session: Class initialized using 'CodeIgniter\Session\Handlers\FileHandler' driver.
INFO - 2024-05-29 07:06:15 --> Session: Class initialized using 'CodeIgniter\Session\Handlers\FileHandler' driver.
INFO - 2024-05-29 07:06:15 --> Session: Class initialized using 'CodeIgniter\Session\Handlers\FileHandler' driver.
INFO - 2024-05-29 07:06:18 --> Session: Class initialized using 'CodeIgniter\Session\Handlers\FileHandler' driver.
INFO - 2024-05-29 07:06:19 --> Session: Class initialized using 'CodeIgniter\Session\Handlers\FileHandler' driver.
INFO - 2024-05-29 07:06:19 --> Session: Class initialized using 'CodeIgniter\Session\Handlers\FileHandler' driver.
INFO - 2024-05-29 07:06:22 --> Session: Class initialized using 'CodeIgniter\Session\Handlers\FileHandler' driver.
INFO - 2024-05-29 07:06:23 --> Session: Class initialized using 'CodeIgniter\Session\Handlers\FileHandler' driver.
INFO - 2024-05-29 07:06:23 --> Session: Class initialized using 'CodeIgniter\Session\Handlers\FileHandler' driver.
INFO - 2024-05-29 07:06:25 --> Session: Class initialized using 'CodeIgniter\Session\Handlers\FileHandler' driver.
INFO - 2024-05-29 07:06:25 --> Session: Class initialized using 'CodeIgniter\Session\Handlers\FileHandler' driver.
INFO - 2024-05-29 07:06:25 --> Session: Class initialized using 'CodeIgniter\Session\Handlers\FileHandler' driver.
ERROR - 2024-05-29 07:06:25 --> File not found: C:\xampp_7_4\htdocs\websitebinan\writable\uploads/DEPT/Octavio A. Almenanza, Jr.
INFO - 2024-05-29 07:06:25 --> Session: Class initialized using 'CodeIgniter\Session\Handlers\FileHandler' driver.
ERROR - 2024-05-29 07:06:25 --> File not found: C:\xampp_7_4\htdocs\websitebinan\writable\uploads/DEPT/Lourdes E. Dimaguila
INFO - 2024-05-29 07:06:25 --> Session: Class initialized using 'CodeIgniter\Session\Handlers\FileHandler' driver.
ERROR - 2024-05-29 07:06:25 --> File not found: C:\xampp_7_4\htdocs\websitebinan\writable\uploads/DEPT/Noel Velasco
INFO - 2024-05-29 07:06:25 --> Session: Class initialized using 'CodeIgniter\Session\Handlers\FileHandler' driver.
INFO - 2024-05-29 07:06:25 --> Session: Class initialized using 'CodeIgniter\Session\Handlers\FileHandler' driver.
ERROR - 2024-05-29 07:06:25 --> File not found: C:\xampp_7_4\htdocs\websitebinan\writable\uploads/DEPT/thft
INFO - 2024-05-29 07:06:25 --> Session: Class initialized using 'CodeIgniter\Session\Handlers\FileHandler' driver.
ERROR - 2024-05-29 07:06:25 --> File not found: C:\xampp_7_4\htdocs\websitebinan\writable\uploads/DEPT/tufth
INFO - 2024-05-29 07:06:26 --> Session: Class initialized using 'CodeIgniter\Session\Handlers\FileHandler' driver.
INFO - 2024-05-29 07:06:26 --> Session: Class initialized using 'CodeIgniter\Session\Handlers\FileHandler' driver.
INFO - 2024-05-29 07:06:27 --> Session: Class initialized using 'CodeIgniter\Session\Handlers\FileHandler' driver.
INFO - 2024-05-29 07:06:28 --> Session: Class initialized using 'CodeIgniter\Session\Handlers\FileHandler' driver.
INFO - 2024-05-29 07:06:28 --> Session: Class initialized using 'CodeIgniter\Session\Handlers\FileHandler' driver.
INFO - 2024-05-29 07:06:28 --> Session: Class initialized using 'CodeIgniter\Session\Handlers\FileHandler' driver.
ERROR - 2024-05-29 07:06:28 --> File not found: C:\xampp_7_4\htdocs\websitebinan\writable\uploads/DEPT/Noel Velasco
INFO - 2024-05-29 07:06:28 --> Session: Class initialized using 'CodeIgniter\Session\Handlers\FileHandler' driver.
ERROR - 2024-05-29 07:06:28 --> File not found: C:\xampp_7_4\htdocs\websitebinan\writable\uploads/DEPT/Octavio A. Almenanza, Jr.
INFO - 2024-05-29 07:06:28 --> Session: Class initialized using 'CodeIgniter\Session\Handlers\FileHandler' driver.
ERROR - 2024-05-29 07:06:28 --> File not found: C:\xampp_7_4\htdocs\websitebinan\writable\uploads/DEPT/thft
INFO - 2024-05-29 07:06:28 --> Session: Class initialized using 'CodeIgniter\Session\Handlers\FileHandler' driver.
ERROR - 2024-05-29 07:06:28 --> File not found: C:\xampp_7_4\htdocs\websitebinan\writable\uploads/DEPT/Lourdes E. Dimaguila
INFO - 2024-05-29 07:06:28 --> Session: Class initialized using 'CodeIgniter\Session\Handlers\FileHandler' driver.
ERROR - 2024-05-29 07:06:28 --> File not found: C:\xampp_7_4\htdocs\websitebinan\writable\uploads/DEPT/tufth
INFO - 2024-05-29 07:07:07 --> Session: Class initialized using 'CodeIgniter\Session\Handlers\FileHandler' driver.
INFO - 2024-05-29 07:07:07 --> Session: Class initialized using 'CodeIgniter\Session\Handlers\FileHandler' driver.
INFO - 2024-05-29 07:07:07 --> Session: Class initialized using 'CodeIgniter\Session\Handlers\FileHandler' driver.
INFO - 2024-05-29 07:07:07 --> Session: Class initialized using 'CodeIgniter\Session\Handlers\FileHandler' driver.
ERROR - 2024-05-29 07:07:07 --> File not found: C:\xampp_7_4\htdocs\websitebinan\writable\uploads/DEPT/Noel Velasco
INFO - 2024-05-29 07:07:07 --> Session: Class initialized using 'CodeIgniter\Session\Handlers\FileHandler' driver.
ERROR - 2024-05-29 07:07:07 --> File not found: C:\xampp_7_4\htdocs\websitebinan\writable\uploads/DEPT/Octavio A. Almenanza, Jr.
INFO - 2024-05-29 07:07:07 --> Session: Class initialized using 'CodeIgniter\Session\Handlers\FileHandler' driver.
ERROR - 2024-05-29 07:07:07 --> File not found: C:\xampp_7_4\htdocs\websitebinan\writable\uploads/DEPT/tufth
INFO - 2024-05-29 07:07:07 --> Session: Class initialized using 'CodeIgniter\Session\Handlers\FileHandler' driver.
ERROR - 2024-05-29 07:07:07 --> File not found: C:\xampp_7_4\htdocs\websitebinan\writable\uploads/DEPT/Lourdes E. Dimaguila
INFO - 2024-05-29 07:07:07 --> Session: Class initialized using 'CodeIgniter\Session\Handlers\FileHandler' driver.
ERROR - 2024-05-29 07:07:07 --> File not found: C:\xampp_7_4\htdocs\websitebinan\writable\uploads/DEPT/thft
INFO - 2024-05-29 07:07:09 --> Session: Class initialized using 'CodeIgniter\Session\Handlers\FileHandler' driver.
INFO - 2024-05-29 07:07:09 --> Session: Class initialized using 'CodeIgniter\Session\Handlers\FileHandler' driver.
INFO - 2024-05-29 07:07:09 --> Session: Class initialized using 'CodeIgniter\Session\Handlers\FileHandler' driver.
INFO - 2024-05-29 07:07:09 --> Session: Class initialized using 'CodeIgniter\Session\Handlers\FileHandler' driver.
ERROR - 2024-05-29 07:07:09 --> File not found: C:\xampp_7_4\htdocs\websitebinan\writable\uploads/DEPT/Noel Velasco
INFO - 2024-05-29 07:07:09 --> Session: Class initialized using 'CodeIgniter\Session\Handlers\FileHandler' driver.
ERROR - 2024-05-29 07:07:09 --> File not found: C:\xampp_7_4\htdocs\websitebinan\writable\uploads/DEPT/Octavio A. Almenanza, Jr.
INFO - 2024-05-29 07:07:09 --> Session: Class initialized using 'CodeIgniter\Session\Handlers\FileHandler' driver.
ERROR - 2024-05-29 07:07:09 --> File not found: C:\xampp_7_4\htdocs\websitebinan\writable\uploads/DEPT/thft
INFO - 2024-05-29 07:07:09 --> Session: Class initialized using 'CodeIgniter\Session\Handlers\FileHandler' driver.
ERROR - 2024-05-29 07:07:09 --> File not found: C:\xampp_7_4\htdocs\websitebinan\writable\uploads/DEPT/tufth
INFO - 2024-05-29 07:07:09 --> Session: Class initialized using 'CodeIgniter\Session\Handlers\FileHandler' driver.
ERROR - 2024-05-29 07:07:09 --> File not found: C:\xampp_7_4\htdocs\websitebinan\writable\uploads/DEPT/Lourdes E. Dimaguila
INFO - 2024-05-29 07:07:41 --> Session: Class initialized using 'CodeIgniter\Session\Handlers\FileHandler' driver.
INFO - 2024-05-29 07:07:41 --> Session: Class initialized using 'CodeIgniter\Session\Handlers\FileHandler' driver.
INFO - 2024-05-29 07:07:42 --> Session: Class initialized using 'CodeIgniter\Session\Handlers\FileHandler' driver.
INFO - 2024-05-29 07:07:43 --> Session: Class initialized using 'CodeIgniter\Session\Handlers\FileHandler' driver.
INFO - 2024-05-29 07:07:44 --> Session: Class initialized using 'CodeIgniter\Session\Handlers\FileHandler' driver.
INFO - 2024-05-29 07:12:04 --> Session: Class initialized using 'CodeIgniter\Session\Handlers\FileHandler' driver.
INFO - 2024-05-29 07:12:04 --> Session: Class initialized using 'CodeIgniter\Session\Handlers\FileHandler' driver.
INFO - 2024-05-29 07:12:04 --> Session: Class initialized using 'CodeIgniter\Session\Handlers\FileHandler' driver.
INFO - 2024-05-29 07:17:37 --> Session: Class initialized using 'CodeIgniter\Session\Handlers\FileHandler' driver.
INFO - 2024-05-29 07:17:38 --> Session: Class initialized using 'CodeIgniter\Session\Handlers\FileHandler' driver.
INFO - 2024-05-29 07:17:41 --> Session: Class initialized using 'CodeIgniter\Session\Handlers\FileHandler' driver.
CRITICAL - 2024-05-29 07:17:41 --> Cannot use object of type stdClass as array
in APPPATH\Controllers\Admin.php on line 565.
 1 SYSTEMPATH\CodeIgniter.php(934): App\Controllers\Admin->ajax('set_status_user')
 2 SYSTEMPATH\CodeIgniter.php(499): CodeIgniter\CodeIgniter->runController(Object(App\Controllers\Admin))
 3 SYSTEMPATH\CodeIgniter.php(368): CodeIgniter\CodeIgniter->handleRequest(null, Object(Config\Cache), false)
 4 FCPATH\index.php(67): CodeIgniter\CodeIgniter->run()
INFO - 2024-05-29 07:17:55 --> Session: Class initialized using 'CodeIgniter\Session\Handlers\FileHandler' driver.
INFO - 2024-05-29 07:17:55 --> Session: Class initialized using 'CodeIgniter\Session\Handlers\FileHandler' driver.
INFO - 2024-05-29 07:17:57 --> Session: Class initialized using 'CodeIgniter\Session\Handlers\FileHandler' driver.
CRITICAL - 2024-05-29 07:17:58 --> Cannot use object of type stdClass as array
in APPPATH\Controllers\Admin.php on line 565.
 1 SYSTEMPATH\CodeIgniter.php(934): App\Controllers\Admin->ajax('set_status_user')
 2 SYSTEMPATH\CodeIgniter.php(499): CodeIgniter\CodeIgniter->runController(Object(App\Controllers\Admin))
 3 SYSTEMPATH\CodeIgniter.php(368): CodeIgniter\CodeIgniter->handleRequest(null, Object(Config\Cache), false)
 4 FCPATH\index.php(67): CodeIgniter\CodeIgniter->run()
INFO - 2024-05-29 07:18:04 --> Session: Class initialized using 'CodeIgniter\Session\Handlers\FileHandler' driver.
INFO - 2024-05-29 07:18:38 --> Session: Class initialized using 'CodeIgniter\Session\Handlers\FileHandler' driver.
INFO - 2024-05-29 07:18:39 --> Session: Class initialized using 'CodeIgniter\Session\Handlers\FileHandler' driver.
INFO - 2024-05-29 07:18:40 --> Session: Class initialized using 'CodeIgniter\Session\Handlers\FileHandler' driver.
INFO - 2024-05-29 07:18:40 --> Session: Class initialized using 'CodeIgniter\Session\Handlers\FileHandler' driver.
INFO - 2024-05-29 07:19:17 --> Session: Class initialized using 'CodeIgniter\Session\Handlers\FileHandler' driver.
INFO - 2024-05-29 07:19:18 --> Session: Class initialized using 'CodeIgniter\Session\Handlers\FileHandler' driver.
INFO - 2024-05-29 07:19:21 --> Session: Class initialized using 'CodeIgniter\Session\Handlers\FileHandler' driver.
INFO - 2024-05-29 07:19:21 --> Session: Class initialized using 'CodeIgniter\Session\Handlers\FileHandler' driver.
INFO - 2024-05-29 07:19:24 --> Session: Class initialized using 'CodeIgniter\Session\Handlers\FileHandler' driver.
INFO - 2024-05-29 07:19:24 --> Session: Class initialized using 'CodeIgniter\Session\Handlers\FileHandler' driver.
INFO - 2024-05-29 07:20:07 --> Session: Class initialized using 'CodeIgniter\Session\Handlers\FileHandler' driver.
INFO - 2024-05-29 07:20:07 --> Session: Class initialized using 'CodeIgniter\Session\Handlers\FileHandler' driver.
INFO - 2024-05-29 07:20:10 --> Session: Class initialized using 'CodeIgniter\Session\Handlers\FileHandler' driver.
INFO - 2024-05-29 07:20:10 --> Session: Class initialized using 'CodeIgniter\Session\Handlers\FileHandler' driver.
INFO - 2024-05-29 07:20:11 --> Session: Class initialized using 'CodeIgniter\Session\Handlers\FileHandler' driver.
INFO - 2024-05-29 07:20:11 --> Session: Class initialized using 'CodeIgniter\Session\Handlers\FileHandler' driver.
INFO - 2024-05-29 07:25:25 --> Session: Class initialized using 'CodeIgniter\Session\Handlers\FileHandler' driver.
INFO - 2024-05-29 07:25:26 --> Session: Class initialized using 'CodeIgniter\Session\Handlers\FileHandler' driver.
INFO - 2024-05-29 07:25:27 --> Session: Class initialized using 'CodeIgniter\Session\Handlers\FileHandler' driver.
INFO - 2024-05-29 07:25:28 --> Session: Class initialized using 'CodeIgniter\Session\Handlers\FileHandler' driver.
INFO - 2024-05-29 07:25:28 --> Session: Class initialized using 'CodeIgniter\Session\Handlers\FileHandler' driver.
INFO - 2024-05-29 07:25:31 --> Session: Class initialized using 'CodeIgniter\Session\Handlers\FileHandler' driver.
INFO - 2024-05-29 07:25:31 --> Session: Class initialized using 'CodeIgniter\Session\Handlers\FileHandler' driver.
INFO - 2024-05-29 07:25:31 --> Session: Class initialized using 'CodeIgniter\Session\Handlers\FileHandler' driver.
INFO - 2024-05-29 07:25:35 --> Session: Class initialized using 'CodeIgniter\Session\Handlers\FileHandler' driver.
INFO - 2024-05-29 07:25:35 --> Session: Class initialized using 'CodeIgniter\Session\Handlers\FileHandler' driver.
INFO - 2024-05-29 07:25:35 --> Session: Class initialized using 'CodeIgniter\Session\Handlers\FileHandler' driver.
INFO - 2024-05-29 07:25:39 --> Session: Class initialized using 'CodeIgniter\Session\Handlers\FileHandler' driver.
INFO - 2024-05-29 07:25:39 --> Session: Class initialized using 'CodeIgniter\Session\Handlers\FileHandler' driver.
INFO - 2024-05-29 07:25:39 --> Session: Class initialized using 'CodeIgniter\Session\Handlers\FileHandler' driver.
INFO - 2024-05-29 07:34:30 --> Session: Class initialized using 'CodeIgniter\Session\Handlers\FileHandler' driver.
INFO - 2024-05-29 07:34:31 --> Session: Class initialized using 'CodeIgniter\Session\Handlers\FileHandler' driver.
INFO - 2024-05-29 07:34:31 --> Session: Class initialized using 'CodeIgniter\Session\Handlers\FileHandler' driver.
INFO - 2024-05-29 07:34:35 --> Session: Class initialized using 'CodeIgniter\Session\Handlers\FileHandler' driver.
INFO - 2024-05-29 07:35:04 --> Session: Class initialized using 'CodeIgniter\Session\Handlers\FileHandler' driver.
INFO - 2024-05-29 07:35:07 --> Session: Class initialized using 'CodeIgniter\Session\Handlers\FileHandler' driver.
INFO - 2024-05-29 07:35:07 --> Session: Class initialized using 'CodeIgniter\Session\Handlers\FileHandler' driver.
INFO - 2024-05-29 07:35:12 --> Session: Class initialized using 'CodeIgniter\Session\Handlers\FileHandler' driver.
INFO - 2024-05-29 07:35:29 --> Session: Class initialized using 'CodeIgniter\Session\Handlers\FileHandler' driver.
INFO - 2024-05-29 07:35:31 --> Session: Class initialized using 'CodeIgniter\Session\Handlers\FileHandler' driver.
INFO - 2024-05-29 07:35:31 --> Session: Class initialized using 'CodeIgniter\Session\Handlers\FileHandler' driver.
INFO - 2024-05-29 07:35:33 --> Session: Class initialized using 'CodeIgniter\Session\Handlers\FileHandler' driver.
INFO - 2024-05-29 07:36:28 --> Session: Class initialized using 'CodeIgniter\Session\Handlers\FileHandler' driver.
INFO - 2024-05-29 07:36:29 --> Session: Class initialized using 'CodeIgniter\Session\Handlers\FileHandler' driver.
INFO - 2024-05-29 07:36:29 --> Session: Class initialized using 'CodeIgniter\Session\Handlers\FileHandler' driver.
INFO - 2024-05-29 07:36:29 --> Session: Class initialized using 'CodeIgniter\Session\Handlers\FileHandler' driver.
INFO - 2024-05-29 07:36:29 --> Session: Class initialized using 'CodeIgniter\Session\Handlers\FileHandler' driver.
INFO - 2024-05-29 07:36:29 --> Session: Class initialized using 'CodeIgniter\Session\Handlers\FileHandler' driver.
INFO - 2024-05-29 07:36:29 --> Session: Class initialized using 'CodeIgniter\Session\Handlers\FileHandler' driver.
INFO - 2024-05-29 07:36:29 --> Session: Class initialized using 'CodeIgniter\Session\Handlers\FileHandler' driver.
INFO - 2024-05-29 07:36:29 --> Session: Class initialized using 'CodeIgniter\Session\Handlers\FileHandler' driver.
INFO - 2024-05-29 07:36:29 --> Session: Class initialized using 'CodeIgniter\Session\Handlers\FileHandler' driver.
INFO - 2024-05-29 07:36:30 --> Session: Class initialized using 'CodeIgniter\Session\Handlers\FileHandler' driver.
INFO - 2024-05-29 07:36:37 --> Session: Class initialized using 'CodeIgniter\Session\Handlers\FileHandler' driver.
INFO - 2024-05-29 07:36:38 --> Session: Class initialized using 'CodeIgniter\Session\Handlers\FileHandler' driver.
INFO - 2024-05-29 07:36:38 --> Session: Class initialized using 'CodeIgniter\Session\Handlers\FileHandler' driver.
INFO - 2024-05-29 07:36:39 --> Session: Class initialized using 'CodeIgniter\Session\Handlers\FileHandler' driver.
INFO - 2024-05-29 07:36:42 --> Session: Class initialized using 'CodeIgniter\Session\Handlers\FileHandler' driver.
INFO - 2024-05-29 07:37:02 --> Session: Class initialized using 'CodeIgniter\Session\Handlers\FileHandler' driver.
INFO - 2024-05-29 07:37:03 --> Session: Class initialized using 'CodeIgniter\Session\Handlers\FileHandler' driver.
INFO - 2024-05-29 07:37:03 --> Session: Class initialized using 'CodeIgniter\Session\Handlers\FileHandler' driver.
INFO - 2024-05-29 07:37:03 --> Session: Class initialized using 'CodeIgniter\Session\Handlers\FileHandler' driver.
INFO - 2024-05-29 07:37:21 --> Session: Class initialized using 'CodeIgniter\Session\Handlers\FileHandler' driver.
INFO - 2024-05-29 07:37:21 --> Session: Class initialized using 'CodeIgniter\Session\Handlers\FileHandler' driver.
INFO - 2024-05-29 07:38:01 --> Session: Class initialized using 'CodeIgniter\Session\Handlers\FileHandler' driver.
INFO - 2024-05-29 07:38:06 --> Session: Class initialized using 'CodeIgniter\Session\Handlers\FileHandler' driver.
INFO - 2024-05-29 07:40:19 --> Session: Class initialized using 'CodeIgniter\Session\Handlers\FileHandler' driver.
INFO - 2024-05-29 07:40:20 --> Session: Class initialized using 'CodeIgniter\Session\Handlers\FileHandler' driver.
INFO - 2024-05-29 07:40:20 --> Session: Class initialized using 'CodeIgniter\Session\Handlers\FileHandler' driver.
INFO - 2024-05-29 07:40:20 --> Session: Class initialized using 'CodeIgniter\Session\Handlers\FileHandler' driver.
INFO - 2024-05-29 07:40:21 --> Session: Class initialized using 'CodeIgniter\Session\Handlers\FileHandler' driver.
INFO - 2024-05-29 07:40:24 --> Session: Class initialized using 'CodeIgniter\Session\Handlers\FileHandler' driver.
INFO - 2024-05-29 07:47:22 --> Session: Class initialized using 'CodeIgniter\Session\Handlers\FileHandler' driver.
INFO - 2024-05-29 07:47:23 --> Session: Class initialized using 'CodeIgniter\Session\Handlers\FileHandler' driver.
INFO - 2024-05-29 07:47:26 --> Session: Class initialized using 'CodeIgniter\Session\Handlers\FileHandler' driver.
INFO - 2024-05-29 07:47:27 --> Session: Class initialized using 'CodeIgniter\Session\Handlers\FileHandler' driver.
INFO - 2024-05-29 07:47:27 --> Session: Class initialized using 'CodeIgniter\Session\Handlers\FileHandler' driver.
INFO - 2024-05-29 07:47:27 --> Session: Class initialized using 'CodeIgniter\Session\Handlers\FileHandler' driver.
INFO - 2024-05-29 07:47:29 --> Session: Class initialized using 'CodeIgniter\Session\Handlers\FileHandler' driver.
INFO - 2024-05-29 07:47:32 --> Session: Class initialized using 'CodeIgniter\Session\Handlers\FileHandler' driver.
INFO - 2024-05-29 07:47:32 --> Session: Class initialized using 'CodeIgniter\Session\Handlers\FileHandler' driver.
INFO - 2024-05-29 07:47:54 --> Session: Class initialized using 'CodeIgniter\Session\Handlers\FileHandler' driver.
INFO - 2024-05-29 07:51:45 --> Session: Class initialized using 'CodeIgniter\Session\Handlers\FileHandler' driver.
INFO - 2024-05-29 07:51:46 --> Session: Class initialized using 'CodeIgniter\Session\Handlers\FileHandler' driver.
INFO - 2024-05-29 07:51:46 --> Session: Class initialized using 'CodeIgniter\Session\Handlers\FileHandler' driver.
INFO - 2024-05-29 07:51:46 --> Session: Class initialized using 'CodeIgniter\Session\Handlers\FileHandler' driver.
INFO - 2024-05-29 07:51:47 --> Session: Class initialized using 'CodeIgniter\Session\Handlers\FileHandler' driver.
INFO - 2024-05-29 07:51:47 --> Session: Class initialized using 'CodeIgniter\Session\Handlers\FileHandler' driver.
INFO - 2024-05-29 07:51:49 --> Session: Class initialized using 'CodeIgniter\Session\Handlers\FileHandler' driver.
INFO - 2024-05-29 07:53:30 --> Session: Class initialized using 'CodeIgniter\Session\Handlers\FileHandler' driver.
INFO - 2024-05-29 07:53:31 --> Session: Class initialized using 'CodeIgniter\Session\Handlers\FileHandler' driver.
INFO - 2024-05-29 07:53:31 --> Session: Class initialized using 'CodeIgniter\Session\Handlers\FileHandler' driver.
INFO - 2024-05-29 07:53:31 --> Session: Class initialized using 'CodeIgniter\Session\Handlers\FileHandler' driver.
INFO - 2024-05-29 07:53:37 --> Session: Class initialized using 'CodeIgniter\Session\Handlers\FileHandler' driver.
INFO - 2024-05-29 07:53:38 --> Session: Class initialized using 'CodeIgniter\Session\Handlers\FileHandler' driver.
INFO - 2024-05-29 07:53:43 --> Session: Class initialized using 'CodeIgniter\Session\Handlers\FileHandler' driver.
INFO - 2024-05-29 07:53:44 --> Session: Class initialized using 'CodeIgniter\Session\Handlers\FileHandler' driver.
INFO - 2024-05-29 07:53:44 --> Session: Class initialized using 'CodeIgniter\Session\Handlers\FileHandler' driver.
INFO - 2024-05-29 07:53:44 --> Session: Class initialized using 'CodeIgniter\Session\Handlers\FileHandler' driver.
INFO - 2024-05-29 07:59:22 --> Session: Class initialized using 'CodeIgniter\Session\Handlers\FileHandler' driver.
INFO - 2024-05-29 07:59:22 --> Session: Class initialized using 'CodeIgniter\Session\Handlers\FileHandler' driver.
INFO - 2024-05-29 07:59:23 --> Session: Class initialized using 'CodeIgniter\Session\Handlers\FileHandler' driver.
INFO - 2024-05-29 07:59:23 --> Session: Class initialized using 'CodeIgniter\Session\Handlers\FileHandler' driver.
INFO - 2024-05-29 07:59:24 --> Session: Class initialized using 'CodeIgniter\Session\Handlers\FileHandler' driver.
INFO - 2024-05-29 07:59:27 --> Session: Class initialized using 'CodeIgniter\Session\Handlers\FileHandler' driver.
INFO - 2024-05-29 07:59:28 --> Session: Class initialized using 'CodeIgniter\Session\Handlers\FileHandler' driver.
INFO - 2024-05-29 07:59:28 --> Session: Class initialized using 'CodeIgniter\Session\Handlers\FileHandler' driver.
INFO - 2024-05-29 07:59:28 --> Session: Class initialized using 'CodeIgniter\Session\Handlers\FileHandler' driver.
INFO - 2024-05-29 08:06:50 --> Session: Class initialized using 'CodeIgniter\Session\Handlers\FileHandler' driver.
INFO - 2024-05-29 08:06:51 --> Session: Class initialized using 'CodeIgniter\Session\Handlers\FileHandler' driver.
INFO - 2024-05-29 08:06:51 --> Session: Class initialized using 'CodeIgniter\Session\Handlers\FileHandler' driver.
INFO - 2024-05-29 08:06:51 --> Session: Class initialized using 'CodeIgniter\Session\Handlers\FileHandler' driver.
INFO - 2024-05-29 08:06:54 --> Session: Class initialized using 'CodeIgniter\Session\Handlers\FileHandler' driver.
INFO - 2024-05-29 08:07:00 --> Session: Class initialized using 'CodeIgniter\Session\Handlers\FileHandler' driver.
INFO - 2024-05-29 08:07:01 --> Session: Class initialized using 'CodeIgniter\Session\Handlers\FileHandler' driver.
INFO - 2024-05-29 08:07:01 --> Session: Class initialized using 'CodeIgniter\Session\Handlers\FileHandler' driver.
INFO - 2024-05-29 08:07:01 --> Session: Class initialized using 'CodeIgniter\Session\Handlers\FileHandler' driver.
INFO - 2024-05-29 08:07:16 --> Session: Class initialized using 'CodeIgniter\Session\Handlers\FileHandler' driver.
INFO - 2024-05-29 08:07:17 --> Session: Class initialized using 'CodeIgniter\Session\Handlers\FileHandler' driver.
INFO - 2024-05-29 08:07:17 --> Session: Class initialized using 'CodeIgniter\Session\Handlers\FileHandler' driver.
INFO - 2024-05-29 08:07:17 --> Session: Class initialized using 'CodeIgniter\Session\Handlers\FileHandler' driver.
INFO - 2024-05-29 08:07:17 --> Session: Class initialized using 'CodeIgniter\Session\Handlers\FileHandler' driver.
INFO - 2024-05-29 08:07:17 --> Session: Class initialized using 'CodeIgniter\Session\Handlers\FileHandler' driver.
INFO - 2024-05-29 08:07:17 --> Session: Class initialized using 'CodeIgniter\Session\Handlers\FileHandler' driver.
INFO - 2024-05-29 08:07:17 --> Session: Class initialized using 'CodeIgniter\Session\Handlers\FileHandler' driver.
INFO - 2024-05-29 08:07:17 --> Session: Class initialized using 'CodeIgniter\Session\Handlers\FileHandler' driver.
INFO - 2024-05-29 08:07:17 --> Session: Class initialized using 'CodeIgniter\Session\Handlers\FileHandler' driver.
INFO - 2024-05-29 08:07:20 --> Session: Class initialized using 'CodeIgniter\Session\Handlers\FileHandler' driver.
INFO - 2024-05-29 08:07:20 --> Session: Class initialized using 'CodeIgniter\Session\Handlers\FileHandler' driver.
INFO - 2024-05-29 08:07:20 --> Session: Class initialized using 'CodeIgniter\Session\Handlers\FileHandler' driver.
INFO - 2024-05-29 08:07:20 --> Session: Class initialized using 'CodeIgniter\Session\Handlers\FileHandler' driver.
INFO - 2024-05-29 08:12:42 --> Session: Class initialized using 'CodeIgniter\Session\Handlers\FileHandler' driver.
INFO - 2024-05-29 08:12:42 --> Session: Class initialized using 'CodeIgniter\Session\Handlers\FileHandler' driver.
INFO - 2024-05-29 08:12:42 --> Session: Class initialized using 'CodeIgniter\Session\Handlers\FileHandler' driver.
INFO - 2024-05-29 08:12:42 --> Session: Class initialized using 'CodeIgniter\Session\Handlers\FileHandler' driver.
INFO - 2024-05-29 08:12:44 --> Session: Class initialized using 'CodeIgniter\Session\Handlers\FileHandler' driver.
INFO - 2024-05-29 08:12:49 --> Session: Class initialized using 'CodeIgniter\Session\Handlers\FileHandler' driver.
ERROR - 2024-05-29 08:12:49 --> mysqli_sql_exception: Unknown column 'img_capt' in 'field list' in C:\xampp_7_4\htdocs\websitebinan\system\Database\MySQLi\Connection.php:295
Stack trace:
#0 C:\xampp_7_4\htdocs\websitebinan\system\Database\MySQLi\Connection.php(295): mysqli->query('UPDATE `departm...', 0)
#1 C:\xampp_7_4\htdocs\websitebinan\system\Database\BaseConnection.php(691): CodeIgniter\Database\MySQLi\Connection->execute('UPDATE `departm...')
#2 C:\xampp_7_4\htdocs\websitebinan\system\Database\BaseConnection.php(605): CodeIgniter\Database\BaseConnection->simpleQuery('UPDATE `departm...')
#3 C:\xampp_7_4\htdocs\websitebinan\system\Database\BaseBuilder.php(2476): CodeIgniter\Database\BaseConnection->query('UPDATE `departm...', Array, false)
#4 C:\xampp_7_4\htdocs\websitebinan\system\Model.php(396): CodeIgniter\Database\BaseBuilder->update()
#5 C:\xampp_7_4\htdocs\websitebinan\system\BaseModel.php(943): CodeIgniter\Model->doUpdate(Array, Array)
#6 C:\xampp_7_4\htdocs\websitebinan\system\Model.php(756): CodeIgniter\BaseModel->update(Array, Array)
#7 C:\xampp_7_4\htdocs\websitebinan\app\Controllers\Admin.php(515): CodeIgniter\Model->update('42', Array)
#8 C:\xampp_7_4\htdocs\websitebinan\system\CodeIgniter.php(934): App\Controllers\Admin->ajax('update_dept')
>>>>>>> 20465ba33bbdcafabc4b646fb731c8f9a3105fd0
#9 C:\xampp_7_4\htdocs\websitebinan\system\CodeIgniter.php(499): CodeIgniter\CodeIgniter->runController(Object(App\Controllers\Admin))
#10 C:\xampp_7_4\htdocs\websitebinan\system\CodeIgniter.php(368): CodeIgniter\CodeIgniter->handleRequest(NULL, Object(Config\Cache), false)
#11 C:\xampp_7_4\htdocs\websitebinan\public\index.php(67): CodeIgniter\CodeIgniter->run()
#12 {main}
<<<<<<< HEAD
CRITICAL - 2024-05-29 00:23:04 --> Unknown column 'brgy_name' in 'field list'
in SYSTEMPATH\Database\BaseConnection.php on line 645.
 1 SYSTEMPATH\Database\BaseBuilder.php(2309): CodeIgniter\Database\BaseConnection->query('INSERT INTO `barangay_content` (`brgy_name`, `brngy_capt`, `mission`, `vision`, `img_logo`, `img_capt`, `status`, `created_date`) VALUES (:brgy_name:, :brngy_capt:, :mission:, :vision:, :img_logo:, :img_capt:, :status:, :created_date:)', [...], false)
 2 SYSTEMPATH\Model.php(330): CodeIgniter\Database\BaseBuilder->insert()
 3 SYSTEMPATH\BaseModel.php(782): CodeIgniter\Model->doInsert([...])
 4 SYSTEMPATH\Model.php(730): CodeIgniter\BaseModel->insert([...], true)
 5 APPPATH\Controllers\Admin.php(277): CodeIgniter\Model->insert([...])
 6 SYSTEMPATH\CodeIgniter.php(934): App\Controllers\Admin->ajax('create_barangay')
 7 SYSTEMPATH\CodeIgniter.php(499): CodeIgniter\CodeIgniter->runController(Object(App\Controllers\Admin))
 8 SYSTEMPATH\CodeIgniter.php(368): CodeIgniter\CodeIgniter->handleRequest(null, Object(Config\Cache), false)
 9 FCPATH\index.php(67): CodeIgniter\CodeIgniter->run()
INFO - 2024-05-29 00:23:08 --> Session: Class initialized using 'CodeIgniter\Session\Handlers\FileHandler' driver.
ERROR - 2024-05-29 00:23:08 --> mysqli_sql_exception: Unknown column 'brgy_name' in 'field list' in C:\xampp_7_4\htdocs\websitebinan\system\Database\MySQLi\Connection.php:295
Stack trace:
#0 C:\xampp_7_4\htdocs\websitebinan\system\Database\MySQLi\Connection.php(295): mysqli->query('INSERT INTO `ba...', 0)
#1 C:\xampp_7_4\htdocs\websitebinan\system\Database\BaseConnection.php(691): CodeIgniter\Database\MySQLi\Connection->execute('INSERT INTO `ba...')
#2 C:\xampp_7_4\htdocs\websitebinan\system\Database\BaseConnection.php(605): CodeIgniter\Database\BaseConnection->simpleQuery('INSERT INTO `ba...')
#3 C:\xampp_7_4\htdocs\websitebinan\system\Database\BaseBuilder.php(2309): CodeIgniter\Database\BaseConnection->query('INSERT INTO `ba...', Array, false)
#4 C:\xampp_7_4\htdocs\websitebinan\system\Model.php(330): CodeIgniter\Database\BaseBuilder->insert()
#5 C:\xampp_7_4\htdocs\websitebinan\system\BaseModel.php(782): CodeIgniter\Model->doInsert(Array)
#6 C:\xampp_7_4\htdocs\websitebinan\system\Model.php(730): CodeIgniter\BaseModel->insert(Array, true)
#7 C:\xampp_7_4\htdocs\websitebinan\app\Controllers\Admin.php(277): CodeIgniter\Model->insert(Array)
#8 C:\xampp_7_4\htdocs\websitebinan\system\CodeIgniter.php(934): App\Controllers\Admin->ajax('create_barangay')
#9 C:\xampp_7_4\htdocs\websitebinan\system\CodeIgniter.php(499): CodeIgniter\CodeIgniter->runController(Object(App\Controllers\Admin))
#10 C:\xampp_7_4\htdocs\websitebinan\system\CodeIgniter.php(368): CodeIgniter\CodeIgniter->handleRequest(NULL, Object(Config\Cache), false)
#11 C:\xampp_7_4\htdocs\websitebinan\public\index.php(67): CodeIgniter\CodeIgniter->run()
#12 {main}
CRITICAL - 2024-05-29 00:23:08 --> Unknown column 'brgy_name' in 'field list'
in SYSTEMPATH\Database\BaseConnection.php on line 645.
 1 SYSTEMPATH\Database\BaseBuilder.php(2309): CodeIgniter\Database\BaseConnection->query('INSERT INTO `barangay_content` (`brgy_name`, `brngy_capt`, `mission`, `vision`, `img_logo`, `img_capt`, `status`, `created_date`) VALUES (:brgy_name:, :brngy_capt:, :mission:, :vision:, :img_logo:, :img_capt:, :status:, :created_date:)', [...], false)
 2 SYSTEMPATH\Model.php(330): CodeIgniter\Database\BaseBuilder->insert()
 3 SYSTEMPATH\BaseModel.php(782): CodeIgniter\Model->doInsert([...])
 4 SYSTEMPATH\Model.php(730): CodeIgniter\BaseModel->insert([...], true)
 5 APPPATH\Controllers\Admin.php(277): CodeIgniter\Model->insert([...])
 6 SYSTEMPATH\CodeIgniter.php(934): App\Controllers\Admin->ajax('create_barangay')
 7 SYSTEMPATH\CodeIgniter.php(499): CodeIgniter\CodeIgniter->runController(Object(App\Controllers\Admin))
 8 SYSTEMPATH\CodeIgniter.php(368): CodeIgniter\CodeIgniter->handleRequest(null, Object(Config\Cache), false)
 9 FCPATH\index.php(67): CodeIgniter\CodeIgniter->run()
INFO - 2024-05-29 00:23:18 --> Session: Class initialized using 'CodeIgniter\Session\Handlers\FileHandler' driver.
ERROR - 2024-05-29 00:23:18 --> mysqli_sql_exception: Unknown column 'brgy_name' in 'field list' in C:\xampp_7_4\htdocs\websitebinan\system\Database\MySQLi\Connection.php:295
Stack trace:
#0 C:\xampp_7_4\htdocs\websitebinan\system\Database\MySQLi\Connection.php(295): mysqli->query('INSERT INTO `ba...', 0)
#1 C:\xampp_7_4\htdocs\websitebinan\system\Database\BaseConnection.php(691): CodeIgniter\Database\MySQLi\Connection->execute('INSERT INTO `ba...')
#2 C:\xampp_7_4\htdocs\websitebinan\system\Database\BaseConnection.php(605): CodeIgniter\Database\BaseConnection->simpleQuery('INSERT INTO `ba...')
#3 C:\xampp_7_4\htdocs\websitebinan\system\Database\BaseBuilder.php(2309): CodeIgniter\Database\BaseConnection->query('INSERT INTO `ba...', Array, false)
#4 C:\xampp_7_4\htdocs\websitebinan\system\Model.php(330): CodeIgniter\Database\BaseBuilder->insert()
#5 C:\xampp_7_4\htdocs\websitebinan\system\BaseModel.php(782): CodeIgniter\Model->doInsert(Array)
#6 C:\xampp_7_4\htdocs\websitebinan\system\Model.php(730): CodeIgniter\BaseModel->insert(Array, true)
#7 C:\xampp_7_4\htdocs\websitebinan\app\Controllers\Admin.php(277): CodeIgniter\Model->insert(Array)
#8 C:\xampp_7_4\htdocs\websitebinan\system\CodeIgniter.php(934): App\Controllers\Admin->ajax('create_barangay')
#9 C:\xampp_7_4\htdocs\websitebinan\system\CodeIgniter.php(499): CodeIgniter\CodeIgniter->runController(Object(App\Controllers\Admin))
#10 C:\xampp_7_4\htdocs\websitebinan\system\CodeIgniter.php(368): CodeIgniter\CodeIgniter->handleRequest(NULL, Object(Config\Cache), false)
#11 C:\xampp_7_4\htdocs\websitebinan\public\index.php(67): CodeIgniter\CodeIgniter->run()
#12 {main}
CRITICAL - 2024-05-29 00:23:18 --> Unknown column 'brgy_name' in 'field list'
in SYSTEMPATH\Database\BaseConnection.php on line 645.
 1 SYSTEMPATH\Database\BaseBuilder.php(2309): CodeIgniter\Database\BaseConnection->query('INSERT INTO `barangay_content` (`brgy_name`, `brngy_capt`, `mission`, `vision`, `img_logo`, `img_capt`, `status`, `created_date`) VALUES (:brgy_name:, :brngy_capt:, :mission:, :vision:, :img_logo:, :img_capt:, :status:, :created_date:)', [...], false)
 2 SYSTEMPATH\Model.php(330): CodeIgniter\Database\BaseBuilder->insert()
 3 SYSTEMPATH\BaseModel.php(782): CodeIgniter\Model->doInsert([...])
 4 SYSTEMPATH\Model.php(730): CodeIgniter\BaseModel->insert([...], true)
 5 APPPATH\Controllers\Admin.php(277): CodeIgniter\Model->insert([...])
 6 SYSTEMPATH\CodeIgniter.php(934): App\Controllers\Admin->ajax('create_barangay')
 7 SYSTEMPATH\CodeIgniter.php(499): CodeIgniter\CodeIgniter->runController(Object(App\Controllers\Admin))
 8 SYSTEMPATH\CodeIgniter.php(368): CodeIgniter\CodeIgniter->handleRequest(null, Object(Config\Cache), false)
 9 FCPATH\index.php(67): CodeIgniter\CodeIgniter->run()
INFO - 2024-05-29 00:23:26 --> Session: Class initialized using 'CodeIgniter\Session\Handlers\FileHandler' driver.
ERROR - 2024-05-29 00:23:26 --> mysqli_sql_exception: Unknown column 'brgy_name' in 'field list' in C:\xampp_7_4\htdocs\websitebinan\system\Database\MySQLi\Connection.php:295
Stack trace:
#0 C:\xampp_7_4\htdocs\websitebinan\system\Database\MySQLi\Connection.php(295): mysqli->query('INSERT INTO `ba...', 0)
#1 C:\xampp_7_4\htdocs\websitebinan\system\Database\BaseConnection.php(691): CodeIgniter\Database\MySQLi\Connection->execute('INSERT INTO `ba...')
#2 C:\xampp_7_4\htdocs\websitebinan\system\Database\BaseConnection.php(605): CodeIgniter\Database\BaseConnection->simpleQuery('INSERT INTO `ba...')
#3 C:\xampp_7_4\htdocs\websitebinan\system\Database\BaseBuilder.php(2309): CodeIgniter\Database\BaseConnection->query('INSERT INTO `ba...', Array, false)
#4 C:\xampp_7_4\htdocs\websitebinan\system\Model.php(330): CodeIgniter\Database\BaseBuilder->insert()
#5 C:\xampp_7_4\htdocs\websitebinan\system\BaseModel.php(782): CodeIgniter\Model->doInsert(Array)
#6 C:\xampp_7_4\htdocs\websitebinan\system\Model.php(730): CodeIgniter\BaseModel->insert(Array, true)
#7 C:\xampp_7_4\htdocs\websitebinan\app\Controllers\Admin.php(277): CodeIgniter\Model->insert(Array)
#8 C:\xampp_7_4\htdocs\websitebinan\system\CodeIgniter.php(934): App\Controllers\Admin->ajax('create_barangay')
#9 C:\xampp_7_4\htdocs\websitebinan\system\CodeIgniter.php(499): CodeIgniter\CodeIgniter->runController(Object(App\Controllers\Admin))
#10 C:\xampp_7_4\htdocs\websitebinan\system\CodeIgniter.php(368): CodeIgniter\CodeIgniter->handleRequest(NULL, Object(Config\Cache), false)
#11 C:\xampp_7_4\htdocs\websitebinan\public\index.php(67): CodeIgniter\CodeIgniter->run()
#12 {main}
CRITICAL - 2024-05-29 00:23:26 --> Unknown column 'brgy_name' in 'field list'
in SYSTEMPATH\Database\BaseConnection.php on line 645.
 1 SYSTEMPATH\Database\BaseBuilder.php(2309): CodeIgniter\Database\BaseConnection->query('INSERT INTO `barangay_content` (`brgy_name`, `brngy_capt`, `mission`, `vision`, `img_logo`, `img_capt`, `status`, `created_date`) VALUES (:brgy_name:, :brngy_capt:, :mission:, :vision:, :img_logo:, :img_capt:, :status:, :created_date:)', [...], false)
 2 SYSTEMPATH\Model.php(330): CodeIgniter\Database\BaseBuilder->insert()
 3 SYSTEMPATH\BaseModel.php(782): CodeIgniter\Model->doInsert([...])
 4 SYSTEMPATH\Model.php(730): CodeIgniter\BaseModel->insert([...], true)
 5 APPPATH\Controllers\Admin.php(277): CodeIgniter\Model->insert([...])
 6 SYSTEMPATH\CodeIgniter.php(934): App\Controllers\Admin->ajax('create_barangay')
 7 SYSTEMPATH\CodeIgniter.php(499): CodeIgniter\CodeIgniter->runController(Object(App\Controllers\Admin))
 8 SYSTEMPATH\CodeIgniter.php(368): CodeIgniter\CodeIgniter->handleRequest(null, Object(Config\Cache), false)
 9 FCPATH\index.php(67): CodeIgniter\CodeIgniter->run()
INFO - 2024-05-29 00:38:02 --> Session: Class initialized using 'CodeIgniter\Session\Handlers\FileHandler' driver.
ERROR - 2024-05-29 00:38:02 --> mysqli_sql_exception: Unknown column 'brgy_name' in 'field list' in C:\xampp_7_4\htdocs\websitebinan\system\Database\MySQLi\Connection.php:295
Stack trace:
#0 C:\xampp_7_4\htdocs\websitebinan\system\Database\MySQLi\Connection.php(295): mysqli->query('INSERT INTO `ba...', 0)
#1 C:\xampp_7_4\htdocs\websitebinan\system\Database\BaseConnection.php(691): CodeIgniter\Database\MySQLi\Connection->execute('INSERT INTO `ba...')
#2 C:\xampp_7_4\htdocs\websitebinan\system\Database\BaseConnection.php(605): CodeIgniter\Database\BaseConnection->simpleQuery('INSERT INTO `ba...')
#3 C:\xampp_7_4\htdocs\websitebinan\system\Database\BaseBuilder.php(2309): CodeIgniter\Database\BaseConnection->query('INSERT INTO `ba...', Array, false)
#4 C:\xampp_7_4\htdocs\websitebinan\system\Model.php(330): CodeIgniter\Database\BaseBuilder->insert()
#5 C:\xampp_7_4\htdocs\websitebinan\system\BaseModel.php(782): CodeIgniter\Model->doInsert(Array)
#6 C:\xampp_7_4\htdocs\websitebinan\system\Model.php(730): CodeIgniter\BaseModel->insert(Array, true)
#7 C:\xampp_7_4\htdocs\websitebinan\app\Controllers\Admin.php(277): CodeIgniter\Model->insert(Array)
#8 C:\xampp_7_4\htdocs\websitebinan\system\CodeIgniter.php(934): App\Controllers\Admin->ajax('create_barangay')
#9 C:\xampp_7_4\htdocs\websitebinan\system\CodeIgniter.php(499): CodeIgniter\CodeIgniter->runController(Object(App\Controllers\Admin))
#10 C:\xampp_7_4\htdocs\websitebinan\system\CodeIgniter.php(368): CodeIgniter\CodeIgniter->handleRequest(NULL, Object(Config\Cache), false)
#11 C:\xampp_7_4\htdocs\websitebinan\public\index.php(67): CodeIgniter\CodeIgniter->run()
#12 {main}
CRITICAL - 2024-05-29 00:38:02 --> Unknown column 'brgy_name' in 'field list'
in SYSTEMPATH\Database\BaseConnection.php on line 645.
 1 SYSTEMPATH\Database\BaseBuilder.php(2309): CodeIgniter\Database\BaseConnection->query('INSERT INTO `barangay_content` (`brgy_name`, `brngy_capt`, `mission`, `vision`, `img_logo`, `img_capt`, `status`, `created_date`) VALUES (:brgy_name:, :brngy_capt:, :mission:, :vision:, :img_logo:, :img_capt:, :status:, :created_date:)', [...], false)
 2 SYSTEMPATH\Model.php(330): CodeIgniter\Database\BaseBuilder->insert()
 3 SYSTEMPATH\BaseModel.php(782): CodeIgniter\Model->doInsert([...])
 4 SYSTEMPATH\Model.php(730): CodeIgniter\BaseModel->insert([...], true)
 5 APPPATH\Controllers\Admin.php(277): CodeIgniter\Model->insert([...])
 6 SYSTEMPATH\CodeIgniter.php(934): App\Controllers\Admin->ajax('create_barangay')
 7 SYSTEMPATH\CodeIgniter.php(499): CodeIgniter\CodeIgniter->runController(Object(App\Controllers\Admin))
 8 SYSTEMPATH\CodeIgniter.php(368): CodeIgniter\CodeIgniter->handleRequest(null, Object(Config\Cache), false)
 9 FCPATH\index.php(67): CodeIgniter\CodeIgniter->run()
INFO - 2024-05-29 00:41:39 --> Session: Class initialized using 'CodeIgniter\Session\Handlers\FileHandler' driver.
ERROR - 2024-05-29 00:41:40 --> mysqli_sql_exception: Unknown column 'brgy_name' in 'field list' in C:\xampp_7_4\htdocs\websitebinan\system\Database\MySQLi\Connection.php:295
Stack trace:
#0 C:\xampp_7_4\htdocs\websitebinan\system\Database\MySQLi\Connection.php(295): mysqli->query('INSERT INTO `ba...', 0)
#1 C:\xampp_7_4\htdocs\websitebinan\system\Database\BaseConnection.php(691): CodeIgniter\Database\MySQLi\Connection->execute('INSERT INTO `ba...')
#2 C:\xampp_7_4\htdocs\websitebinan\system\Database\BaseConnection.php(605): CodeIgniter\Database\BaseConnection->simpleQuery('INSERT INTO `ba...')
#3 C:\xampp_7_4\htdocs\websitebinan\system\Database\BaseBuilder.php(2309): CodeIgniter\Database\BaseConnection->query('INSERT INTO `ba...', Array, false)
#4 C:\xampp_7_4\htdocs\websitebinan\system\Model.php(330): CodeIgniter\Database\BaseBuilder->insert()
#5 C:\xampp_7_4\htdocs\websitebinan\system\BaseModel.php(782): CodeIgniter\Model->doInsert(Array)
#6 C:\xampp_7_4\htdocs\websitebinan\system\Model.php(730): CodeIgniter\BaseModel->insert(Array, true)
#7 C:\xampp_7_4\htdocs\websitebinan\app\Controllers\Admin.php(277): CodeIgniter\Model->insert(Array)
#8 C:\xampp_7_4\htdocs\websitebinan\system\CodeIgniter.php(934): App\Controllers\Admin->ajax('create_barangay')
#9 C:\xampp_7_4\htdocs\websitebinan\system\CodeIgniter.php(499): CodeIgniter\CodeIgniter->runController(Object(App\Controllers\Admin))
#10 C:\xampp_7_4\htdocs\websitebinan\system\CodeIgniter.php(368): CodeIgniter\CodeIgniter->handleRequest(NULL, Object(Config\Cache), false)
#11 C:\xampp_7_4\htdocs\websitebinan\public\index.php(67): CodeIgniter\CodeIgniter->run()
#12 {main}
CRITICAL - 2024-05-29 00:41:40 --> Unknown column 'brgy_name' in 'field list'
in SYSTEMPATH\Database\BaseConnection.php on line 645.
 1 SYSTEMPATH\Database\BaseBuilder.php(2309): CodeIgniter\Database\BaseConnection->query('INSERT INTO `barangay_content` (`brgy_name`, `brngy_capt`, `mission`, `vision`, `img_logo`, `img_capt`, `status`, `created_date`) VALUES (:brgy_name:, :brngy_capt:, :mission:, :vision:, :img_logo:, :img_capt:, :status:, :created_date:)', [...], false)
 2 SYSTEMPATH\Model.php(330): CodeIgniter\Database\BaseBuilder->insert()
 3 SYSTEMPATH\BaseModel.php(782): CodeIgniter\Model->doInsert([...])
 4 SYSTEMPATH\Model.php(730): CodeIgniter\BaseModel->insert([...], true)
 5 APPPATH\Controllers\Admin.php(277): CodeIgniter\Model->insert([...])
 6 SYSTEMPATH\CodeIgniter.php(934): App\Controllers\Admin->ajax('create_barangay')
 7 SYSTEMPATH\CodeIgniter.php(499): CodeIgniter\CodeIgniter->runController(Object(App\Controllers\Admin))
 8 SYSTEMPATH\CodeIgniter.php(368): CodeIgniter\CodeIgniter->handleRequest(null, Object(Config\Cache), false)
 9 FCPATH\index.php(67): CodeIgniter\CodeIgniter->run()
INFO - 2024-05-29 00:41:44 --> Session: Class initialized using 'CodeIgniter\Session\Handlers\FileHandler' driver.
INFO - 2024-05-29 00:41:46 --> Session: Class initialized using 'CodeIgniter\Session\Handlers\FileHandler' driver.
INFO - 2024-05-29 00:42:46 --> Session: Class initialized using 'CodeIgniter\Session\Handlers\FileHandler' driver.
ERROR - 2024-05-29 00:42:46 --> mysqli_sql_exception: Unknown column 'brgy_name' in 'field list' in C:\xampp_7_4\htdocs\websitebinan\system\Database\MySQLi\Connection.php:295
Stack trace:
#0 C:\xampp_7_4\htdocs\websitebinan\system\Database\MySQLi\Connection.php(295): mysqli->query('INSERT INTO `ba...', 0)
#1 C:\xampp_7_4\htdocs\websitebinan\system\Database\BaseConnection.php(691): CodeIgniter\Database\MySQLi\Connection->execute('INSERT INTO `ba...')
#2 C:\xampp_7_4\htdocs\websitebinan\system\Database\BaseConnection.php(605): CodeIgniter\Database\BaseConnection->simpleQuery('INSERT INTO `ba...')
#3 C:\xampp_7_4\htdocs\websitebinan\system\Database\BaseBuilder.php(2309): CodeIgniter\Database\BaseConnection->query('INSERT INTO `ba...', Array, false)
#4 C:\xampp_7_4\htdocs\websitebinan\system\Model.php(330): CodeIgniter\Database\BaseBuilder->insert()
#5 C:\xampp_7_4\htdocs\websitebinan\system\BaseModel.php(782): CodeIgniter\Model->doInsert(Array)
#6 C:\xampp_7_4\htdocs\websitebinan\system\Model.php(730): CodeIgniter\BaseModel->insert(Array, true)
#7 C:\xampp_7_4\htdocs\websitebinan\app\Controllers\Admin.php(277): CodeIgniter\Model->insert(Array)
#8 C:\xampp_7_4\htdocs\websitebinan\system\CodeIgniter.php(934): App\Controllers\Admin->ajax('create_barangay')
#9 C:\xampp_7_4\htdocs\websitebinan\system\CodeIgniter.php(499): CodeIgniter\CodeIgniter->runController(Object(App\Controllers\Admin))
#10 C:\xampp_7_4\htdocs\websitebinan\system\CodeIgniter.php(368): CodeIgniter\CodeIgniter->handleRequest(NULL, Object(Config\Cache), false)
#11 C:\xampp_7_4\htdocs\websitebinan\public\index.php(67): CodeIgniter\CodeIgniter->run()
#12 {main}
CRITICAL - 2024-05-29 00:42:46 --> Unknown column 'brgy_name' in 'field list'
in SYSTEMPATH\Database\BaseConnection.php on line 645.
 1 SYSTEMPATH\Database\BaseBuilder.php(2309): CodeIgniter\Database\BaseConnection->query('INSERT INTO `barangay_content` (`brgy_name`, `brngy_capt`, `mission`, `vision`, `img_logo`, `img_capt`, `status`, `created_date`) VALUES (:brgy_name:, :brngy_capt:, :mission:, :vision:, :img_logo:, :img_capt:, :status:, :created_date:)', [...], false)
 2 SYSTEMPATH\Model.php(330): CodeIgniter\Database\BaseBuilder->insert()
 3 SYSTEMPATH\BaseModel.php(782): CodeIgniter\Model->doInsert([...])
 4 SYSTEMPATH\Model.php(730): CodeIgniter\BaseModel->insert([...], true)
 5 APPPATH\Controllers\Admin.php(277): CodeIgniter\Model->insert([...])
 6 SYSTEMPATH\CodeIgniter.php(934): App\Controllers\Admin->ajax('create_barangay')
 7 SYSTEMPATH\CodeIgniter.php(499): CodeIgniter\CodeIgniter->runController(Object(App\Controllers\Admin))
 8 SYSTEMPATH\CodeIgniter.php(368): CodeIgniter\CodeIgniter->handleRequest(null, Object(Config\Cache), false)
 9 FCPATH\index.php(67): CodeIgniter\CodeIgniter->run()
INFO - 2024-05-29 00:53:01 --> Session: Class initialized using 'CodeIgniter\Session\Handlers\FileHandler' driver.
INFO - 2024-05-29 00:53:03 --> Session: Class initialized using 'CodeIgniter\Session\Handlers\FileHandler' driver.
INFO - 2024-05-29 00:53:03 --> Session: Class initialized using 'CodeIgniter\Session\Handlers\FileHandler' driver.
INFO - 2024-05-29 00:53:03 --> Session: Class initialized using 'CodeIgniter\Session\Handlers\FileHandler' driver.
INFO - 2024-05-29 00:53:03 --> Session: Class initialized using 'CodeIgniter\Session\Handlers\FileHandler' driver.
INFO - 2024-05-29 00:53:03 --> Session: Class initialized using 'CodeIgniter\Session\Handlers\FileHandler' driver.
INFO - 2024-05-29 00:53:58 --> Session: Class initialized using 'CodeIgniter\Session\Handlers\FileHandler' driver.
INFO - 2024-05-29 00:53:59 --> Session: Class initialized using 'CodeIgniter\Session\Handlers\FileHandler' driver.
INFO - 2024-05-29 00:53:59 --> Session: Class initialized using 'CodeIgniter\Session\Handlers\FileHandler' driver.
INFO - 2024-05-29 00:53:59 --> Session: Class initialized using 'CodeIgniter\Session\Handlers\FileHandler' driver.
INFO - 2024-05-29 00:53:59 --> Session: Class initialized using 'CodeIgniter\Session\Handlers\FileHandler' driver.
INFO - 2024-05-29 00:54:00 --> Session: Class initialized using 'CodeIgniter\Session\Handlers\FileHandler' driver.
INFO - 2024-05-29 00:54:00 --> Session: Class initialized using 'CodeIgniter\Session\Handlers\FileHandler' driver.
INFO - 2024-05-29 00:54:00 --> Session: Class initialized using 'CodeIgniter\Session\Handlers\FileHandler' driver.
INFO - 2024-05-29 00:54:10 --> Session: Class initialized using 'CodeIgniter\Session\Handlers\FileHandler' driver.
INFO - 2024-05-29 00:54:23 --> Session: Class initialized using 'CodeIgniter\Session\Handlers\FileHandler' driver.
INFO - 2024-05-29 00:54:25 --> Session: Class initialized using 'CodeIgniter\Session\Handlers\FileHandler' driver.
INFO - 2024-05-29 00:54:26 --> Session: Class initialized using 'CodeIgniter\Session\Handlers\FileHandler' driver.
INFO - 2024-05-29 00:54:26 --> Session: Class initialized using 'CodeIgniter\Session\Handlers\FileHandler' driver.
INFO - 2024-05-29 00:54:26 --> Session: Class initialized using 'CodeIgniter\Session\Handlers\FileHandler' driver.
INFO - 2024-05-29 00:54:26 --> Session: Class initialized using 'CodeIgniter\Session\Handlers\FileHandler' driver.
INFO - 2024-05-29 00:54:26 --> Session: Class initialized using 'CodeIgniter\Session\Handlers\FileHandler' driver.
INFO - 2024-05-29 00:54:26 --> Session: Class initialized using 'CodeIgniter\Session\Handlers\FileHandler' driver.
INFO - 2024-05-29 00:54:35 --> Session: Class initialized using 'CodeIgniter\Session\Handlers\FileHandler' driver.
INFO - 2024-05-29 00:54:40 --> Session: Class initialized using 'CodeIgniter\Session\Handlers\FileHandler' driver.
INFO - 2024-05-29 00:54:42 --> Session: Class initialized using 'CodeIgniter\Session\Handlers\FileHandler' driver.
INFO - 2024-05-29 00:54:42 --> Session: Class initialized using 'CodeIgniter\Session\Handlers\FileHandler' driver.
INFO - 2024-05-29 00:54:42 --> Session: Class initialized using 'CodeIgniter\Session\Handlers\FileHandler' driver.
INFO - 2024-05-29 00:54:42 --> Session: Class initialized using 'CodeIgniter\Session\Handlers\FileHandler' driver.
INFO - 2024-05-29 00:54:42 --> Session: Class initialized using 'CodeIgniter\Session\Handlers\FileHandler' driver.
INFO - 2024-05-29 00:54:42 --> Session: Class initialized using 'CodeIgniter\Session\Handlers\FileHandler' driver.
INFO - 2024-05-29 00:54:42 --> Session: Class initialized using 'CodeIgniter\Session\Handlers\FileHandler' driver.
INFO - 2024-05-29 00:55:18 --> Session: Class initialized using 'CodeIgniter\Session\Handlers\FileHandler' driver.
INFO - 2024-05-29 00:55:18 --> Session: Class initialized using 'CodeIgniter\Session\Handlers\FileHandler' driver.
INFO - 2024-05-29 00:55:18 --> Session: Class initialized using 'CodeIgniter\Session\Handlers\FileHandler' driver.
INFO - 2024-05-29 00:55:18 --> Session: Class initialized using 'CodeIgniter\Session\Handlers\FileHandler' driver.
INFO - 2024-05-29 00:55:18 --> Session: Class initialized using 'CodeIgniter\Session\Handlers\FileHandler' driver.
INFO - 2024-05-29 00:55:18 --> Session: Class initialized using 'CodeIgniter\Session\Handlers\FileHandler' driver.
INFO - 2024-05-29 01:53:29 --> Session: Class initialized using 'CodeIgniter\Session\Handlers\FileHandler' driver.
INFO - 2024-05-29 01:53:33 --> Session: Class initialized using 'CodeIgniter\Session\Handlers\FileHandler' driver.
INFO - 2024-05-29 01:53:34 --> Session: Class initialized using 'CodeIgniter\Session\Handlers\FileHandler' driver.
INFO - 2024-05-29 01:53:35 --> Session: Class initialized using 'CodeIgniter\Session\Handlers\FileHandler' driver.
INFO - 2024-05-29 01:53:36 --> Session: Class initialized using 'CodeIgniter\Session\Handlers\FileHandler' driver.
INFO - 2024-05-29 01:53:37 --> Session: Class initialized using 'CodeIgniter\Session\Handlers\FileHandler' driver.
INFO - 2024-05-29 01:53:40 --> Session: Class initialized using 'CodeIgniter\Session\Handlers\FileHandler' driver.
INFO - 2024-05-29 01:53:40 --> Session: Class initialized using 'CodeIgniter\Session\Handlers\FileHandler' driver.
INFO - 2024-05-29 01:53:41 --> Session: Class initialized using 'CodeIgniter\Session\Handlers\FileHandler' driver.
INFO - 2024-05-29 03:23:18 --> Session: Class initialized using 'CodeIgniter\Session\Handlers\FileHandler' driver.
INFO - 2024-05-29 06:01:20 --> Session: Class initialized using 'CodeIgniter\Session\Handlers\FileHandler' driver.
CRITICAL - 2024-05-29 06:01:20 --> Trying to get property 'fname' of non-object
in APPPATH\Views\admin\admin_page.php on line 49.
 1 APPPATH\Views\admin\admin_page.php(49): CodeIgniter\Debug\Exceptions->errorHandler(8, 'Trying to get property \'fname\' of non-object', 'APPPATH\\Views\\admin\\admin_page.php', 49, [...])
 2 SYSTEMPATH\View\View.php(213): include('APPPATH\\Views\\admin\\admin_page.php')
 3 SYSTEMPATH\View\View.php(216): CodeIgniter\View\View->CodeIgniter\View\{closure}()
 4 SYSTEMPATH\Common.php(1184): CodeIgniter\View\View->render('admin/admin_page', [], true)
 5 APPPATH\Controllers\Admin.php(70): view('admin/admin_page', [...])
 6 SYSTEMPATH\CodeIgniter.php(934): App\Controllers\Admin->mode('cityOff')
 7 SYSTEMPATH\CodeIgniter.php(499): CodeIgniter\CodeIgniter->runController(Object(App\Controllers\Admin))
 8 SYSTEMPATH\CodeIgniter.php(368): CodeIgniter\CodeIgniter->handleRequest(null, Object(Config\Cache), false)
 9 FCPATH\index.php(67): CodeIgniter\CodeIgniter->run()
INFO - 2024-05-29 06:01:26 --> Session: Class initialized using 'CodeIgniter\Session\Handlers\FileHandler' driver.
CRITICAL - 2024-05-29 06:01:26 --> Trying to get property 'fname' of non-object
in APPPATH\Views\admin\admin_page.php on line 49.
 1 APPPATH\Views\admin\admin_page.php(49): CodeIgniter\Debug\Exceptions->errorHandler(8, 'Trying to get property \'fname\' of non-object', 'APPPATH\\Views\\admin\\admin_page.php', 49, [...])
 2 SYSTEMPATH\View\View.php(213): include('APPPATH\\Views\\admin\\admin_page.php')
 3 SYSTEMPATH\View\View.php(216): CodeIgniter\View\View->CodeIgniter\View\{closure}()
 4 SYSTEMPATH\Common.php(1184): CodeIgniter\View\View->render('admin/admin_page', [], true)
 5 APPPATH\Controllers\Admin.php(70): view('admin/admin_page', [...])
 6 SYSTEMPATH\CodeIgniter.php(934): App\Controllers\Admin->mode('dept')
 7 SYSTEMPATH\CodeIgniter.php(499): CodeIgniter\CodeIgniter->runController(Object(App\Controllers\Admin))
 8 SYSTEMPATH\CodeIgniter.php(368): CodeIgniter\CodeIgniter->handleRequest(null, Object(Config\Cache), false)
 9 FCPATH\index.php(67): CodeIgniter\CodeIgniter->run()
INFO - 2024-05-29 06:01:27 --> Session: Class initialized using 'CodeIgniter\Session\Handlers\FileHandler' driver.
CRITICAL - 2024-05-29 06:01:27 --> Trying to get property 'fname' of non-object
in APPPATH\Views\admin\admin_page.php on line 49.
 1 APPPATH\Views\admin\admin_page.php(49): CodeIgniter\Debug\Exceptions->errorHandler(8, 'Trying to get property \'fname\' of non-object', 'APPPATH\\Views\\admin\\admin_page.php', 49, [...])
 2 SYSTEMPATH\View\View.php(213): include('APPPATH\\Views\\admin\\admin_page.php')
 3 SYSTEMPATH\View\View.php(216): CodeIgniter\View\View->CodeIgniter\View\{closure}()
 4 SYSTEMPATH\Common.php(1184): CodeIgniter\View\View->render('admin/admin_page', [], true)
 5 APPPATH\Controllers\Admin.php(70): view('admin/admin_page', [...])
 6 SYSTEMPATH\CodeIgniter.php(934): App\Controllers\Admin->mode('news_events')
 7 SYSTEMPATH\CodeIgniter.php(499): CodeIgniter\CodeIgniter->runController(Object(App\Controllers\Admin))
 8 SYSTEMPATH\CodeIgniter.php(368): CodeIgniter\CodeIgniter->handleRequest(null, Object(Config\Cache), false)
 9 FCPATH\index.php(67): CodeIgniter\CodeIgniter->run()
INFO - 2024-05-29 06:01:28 --> Session: Class initialized using 'CodeIgniter\Session\Handlers\FileHandler' driver.
CRITICAL - 2024-05-29 06:01:28 --> Trying to get property 'fname' of non-object
in APPPATH\Views\admin\admin_page.php on line 49.
 1 APPPATH\Views\admin\admin_page.php(49): CodeIgniter\Debug\Exceptions->errorHandler(8, 'Trying to get property \'fname\' of non-object', 'APPPATH\\Views\\admin\\admin_page.php', 49, [...])
 2 SYSTEMPATH\View\View.php(213): include('APPPATH\\Views\\admin\\admin_page.php')
 3 SYSTEMPATH\View\View.php(216): CodeIgniter\View\View->CodeIgniter\View\{closure}()
 4 SYSTEMPATH\Common.php(1184): CodeIgniter\View\View->render('admin/admin_page', [], true)
 5 APPPATH\Controllers\Admin.php(70): view('admin/admin_page', [...])
 6 SYSTEMPATH\CodeIgniter.php(934): App\Controllers\Admin->mode('announcements')
 7 SYSTEMPATH\CodeIgniter.php(499): CodeIgniter\CodeIgniter->runController(Object(App\Controllers\Admin))
 8 SYSTEMPATH\CodeIgniter.php(368): CodeIgniter\CodeIgniter->handleRequest(null, Object(Config\Cache), false)
 9 FCPATH\index.php(67): CodeIgniter\CodeIgniter->run()
INFO - 2024-05-29 06:01:29 --> Session: Class initialized using 'CodeIgniter\Session\Handlers\FileHandler' driver.
CRITICAL - 2024-05-29 06:01:29 --> Trying to get property 'fname' of non-object
in APPPATH\Views\admin\admin_page.php on line 49.
 1 APPPATH\Views\admin\admin_page.php(49): CodeIgniter\Debug\Exceptions->errorHandler(8, 'Trying to get property \'fname\' of non-object', 'APPPATH\\Views\\admin\\admin_page.php', 49, [...])
 2 SYSTEMPATH\View\View.php(213): include('APPPATH\\Views\\admin\\admin_page.php')
 3 SYSTEMPATH\View\View.php(216): CodeIgniter\View\View->CodeIgniter\View\{closure}()
 4 SYSTEMPATH\Common.php(1184): CodeIgniter\View\View->render('admin/admin_page', [], true)
 5 APPPATH\Controllers\Admin.php(70): view('admin/admin_page', [...])
 6 SYSTEMPATH\CodeIgniter.php(934): App\Controllers\Admin->mode('accounts_mgmt')
 7 SYSTEMPATH\CodeIgniter.php(499): CodeIgniter\CodeIgniter->runController(Object(App\Controllers\Admin))
 8 SYSTEMPATH\CodeIgniter.php(368): CodeIgniter\CodeIgniter->handleRequest(null, Object(Config\Cache), false)
 9 FCPATH\index.php(67): CodeIgniter\CodeIgniter->run()
INFO - 2024-05-29 06:01:30 --> Session: Class initialized using 'CodeIgniter\Session\Handlers\FileHandler' driver.
CRITICAL - 2024-05-29 06:01:30 --> Trying to get property 'fname' of non-object
in APPPATH\Views\admin\admin_page.php on line 49.
 1 APPPATH\Views\admin\admin_page.php(49): CodeIgniter\Debug\Exceptions->errorHandler(8, 'Trying to get property \'fname\' of non-object', 'APPPATH\\Views\\admin\\admin_page.php', 49, [...])
 2 SYSTEMPATH\View\View.php(213): include('APPPATH\\Views\\admin\\admin_page.php')
 3 SYSTEMPATH\View\View.php(216): CodeIgniter\View\View->CodeIgniter\View\{closure}()
 4 SYSTEMPATH\Common.php(1184): CodeIgniter\View\View->render('admin/admin_page', [], true)
 5 APPPATH\Controllers\Admin.php(70): view('admin/admin_page', [...])
 6 SYSTEMPATH\CodeIgniter.php(934): App\Controllers\Admin->mode('cityOff')
 7 SYSTEMPATH\CodeIgniter.php(499): CodeIgniter\CodeIgniter->runController(Object(App\Controllers\Admin))
 8 SYSTEMPATH\CodeIgniter.php(368): CodeIgniter\CodeIgniter->handleRequest(null, Object(Config\Cache), false)
 9 FCPATH\index.php(67): CodeIgniter\CodeIgniter->run()
INFO - 2024-05-29 06:01:31 --> Session: Class initialized using 'CodeIgniter\Session\Handlers\FileHandler' driver.
CRITICAL - 2024-05-29 06:01:31 --> Trying to get property 'fname' of non-object
in APPPATH\Views\admin\admin_page.php on line 49.
 1 APPPATH\Views\admin\admin_page.php(49): CodeIgniter\Debug\Exceptions->errorHandler(8, 'Trying to get property \'fname\' of non-object', 'APPPATH\\Views\\admin\\admin_page.php', 49, [...])
 2 SYSTEMPATH\View\View.php(213): include('APPPATH\\Views\\admin\\admin_page.php')
 3 SYSTEMPATH\View\View.php(216): CodeIgniter\View\View->CodeIgniter\View\{closure}()
 4 SYSTEMPATH\Common.php(1184): CodeIgniter\View\View->render('admin/admin_page', [], true)
 5 APPPATH\Controllers\Admin.php(70): view('admin/admin_page', [...])
 6 SYSTEMPATH\CodeIgniter.php(934): App\Controllers\Admin->mode('brgy')
 7 SYSTEMPATH\CodeIgniter.php(499): CodeIgniter\CodeIgniter->runController(Object(App\Controllers\Admin))
 8 SYSTEMPATH\CodeIgniter.php(368): CodeIgniter\CodeIgniter->handleRequest(null, Object(Config\Cache), false)
 9 FCPATH\index.php(67): CodeIgniter\CodeIgniter->run()
INFO - 2024-05-29 06:01:32 --> Session: Class initialized using 'CodeIgniter\Session\Handlers\FileHandler' driver.
CRITICAL - 2024-05-29 06:01:32 --> Trying to get property 'fname' of non-object
in APPPATH\Views\admin\admin_page.php on line 49.
 1 APPPATH\Views\admin\admin_page.php(49): CodeIgniter\Debug\Exceptions->errorHandler(8, 'Trying to get property \'fname\' of non-object', 'APPPATH\\Views\\admin\\admin_page.php', 49, [...])
 2 SYSTEMPATH\View\View.php(213): include('APPPATH\\Views\\admin\\admin_page.php')
 3 SYSTEMPATH\View\View.php(216): CodeIgniter\View\View->CodeIgniter\View\{closure}()
 4 SYSTEMPATH\Common.php(1184): CodeIgniter\View\View->render('admin/admin_page', [], true)
 5 APPPATH\Controllers\Admin.php(70): view('admin/admin_page', [...])
 6 SYSTEMPATH\CodeIgniter.php(934): App\Controllers\Admin->mode('accounts_mgmt')
 7 SYSTEMPATH\CodeIgniter.php(499): CodeIgniter\CodeIgniter->runController(Object(App\Controllers\Admin))
 8 SYSTEMPATH\CodeIgniter.php(368): CodeIgniter\CodeIgniter->handleRequest(null, Object(Config\Cache), false)
 9 FCPATH\index.php(67): CodeIgniter\CodeIgniter->run()
INFO - 2024-05-29 06:01:33 --> Session: Class initialized using 'CodeIgniter\Session\Handlers\FileHandler' driver.
CRITICAL - 2024-05-29 06:01:33 --> Trying to get property 'fname' of non-object
in APPPATH\Views\admin\admin_page.php on line 49.
 1 APPPATH\Views\admin\admin_page.php(49): CodeIgniter\Debug\Exceptions->errorHandler(8, 'Trying to get property \'fname\' of non-object', 'APPPATH\\Views\\admin\\admin_page.php', 49, [...])
 2 SYSTEMPATH\View\View.php(213): include('APPPATH\\Views\\admin\\admin_page.php')
 3 SYSTEMPATH\View\View.php(216): CodeIgniter\View\View->CodeIgniter\View\{closure}()
 4 SYSTEMPATH\Common.php(1184): CodeIgniter\View\View->render('admin/admin_page', [], true)
 5 APPPATH\Controllers\Admin.php(70): view('admin/admin_page', [...])
 6 SYSTEMPATH\CodeIgniter.php(934): App\Controllers\Admin->mode('cityOff')
 7 SYSTEMPATH\CodeIgniter.php(499): CodeIgniter\CodeIgniter->runController(Object(App\Controllers\Admin))
 8 SYSTEMPATH\CodeIgniter.php(368): CodeIgniter\CodeIgniter->handleRequest(null, Object(Config\Cache), false)
 9 FCPATH\index.php(67): CodeIgniter\CodeIgniter->run()
INFO - 2024-05-29 06:01:34 --> Session: Class initialized using 'CodeIgniter\Session\Handlers\FileHandler' driver.
CRITICAL - 2024-05-29 06:01:34 --> Trying to get property 'fname' of non-object
in APPPATH\Views\admin\admin_page.php on line 49.
 1 APPPATH\Views\admin\admin_page.php(49): CodeIgniter\Debug\Exceptions->errorHandler(8, 'Trying to get property \'fname\' of non-object', 'APPPATH\\Views\\admin\\admin_page.php', 49, [...])
 2 SYSTEMPATH\View\View.php(213): include('APPPATH\\Views\\admin\\admin_page.php')
 3 SYSTEMPATH\View\View.php(216): CodeIgniter\View\View->CodeIgniter\View\{closure}()
 4 SYSTEMPATH\Common.php(1184): CodeIgniter\View\View->render('admin/admin_page', [], true)
 5 APPPATH\Controllers\Admin.php(70): view('admin/admin_page', [...])
 6 SYSTEMPATH\CodeIgniter.php(934): App\Controllers\Admin->mode('accounts_mgmt')
 7 SYSTEMPATH\CodeIgniter.php(499): CodeIgniter\CodeIgniter->runController(Object(App\Controllers\Admin))
 8 SYSTEMPATH\CodeIgniter.php(368): CodeIgniter\CodeIgniter->handleRequest(null, Object(Config\Cache), false)
 9 FCPATH\index.php(67): CodeIgniter\CodeIgniter->run()
INFO - 2024-05-29 06:01:36 --> Session: Class initialized using 'CodeIgniter\Session\Handlers\FileHandler' driver.
CRITICAL - 2024-05-29 06:01:36 --> Trying to get property 'fname' of non-object
in APPPATH\Views\admin\admin_page.php on line 49.
 1 APPPATH\Views\admin\admin_page.php(49): CodeIgniter\Debug\Exceptions->errorHandler(8, 'Trying to get property \'fname\' of non-object', 'APPPATH\\Views\\admin\\admin_page.php', 49, [...])
 2 SYSTEMPATH\View\View.php(213): include('APPPATH\\Views\\admin\\admin_page.php')
 3 SYSTEMPATH\View\View.php(216): CodeIgniter\View\View->CodeIgniter\View\{closure}()
 4 SYSTEMPATH\Common.php(1184): CodeIgniter\View\View->render('admin/admin_page', [], true)
 5 APPPATH\Controllers\Admin.php(70): view('admin/admin_page', [...])
 6 SYSTEMPATH\CodeIgniter.php(934): App\Controllers\Admin->mode('brgy')
 7 SYSTEMPATH\CodeIgniter.php(499): CodeIgniter\CodeIgniter->runController(Object(App\Controllers\Admin))
 8 SYSTEMPATH\CodeIgniter.php(368): CodeIgniter\CodeIgniter->handleRequest(null, Object(Config\Cache), false)
 9 FCPATH\index.php(67): CodeIgniter\CodeIgniter->run()
INFO - 2024-05-29 06:01:37 --> Session: Class initialized using 'CodeIgniter\Session\Handlers\FileHandler' driver.
CRITICAL - 2024-05-29 06:01:37 --> Trying to get property 'fname' of non-object
in APPPATH\Views\admin\admin_page.php on line 49.
 1 APPPATH\Views\admin\admin_page.php(49): CodeIgniter\Debug\Exceptions->errorHandler(8, 'Trying to get property \'fname\' of non-object', 'APPPATH\\Views\\admin\\admin_page.php', 49, [...])
 2 SYSTEMPATH\View\View.php(213): include('APPPATH\\Views\\admin\\admin_page.php')
 3 SYSTEMPATH\View\View.php(216): CodeIgniter\View\View->CodeIgniter\View\{closure}()
 4 SYSTEMPATH\Common.php(1184): CodeIgniter\View\View->render('admin/admin_page', [], true)
 5 APPPATH\Controllers\Admin.php(70): view('admin/admin_page', [...])
 6 SYSTEMPATH\CodeIgniter.php(934): App\Controllers\Admin->mode('accounts_mgmt')
 7 SYSTEMPATH\CodeIgniter.php(499): CodeIgniter\CodeIgniter->runController(Object(App\Controllers\Admin))
 8 SYSTEMPATH\CodeIgniter.php(368): CodeIgniter\CodeIgniter->handleRequest(null, Object(Config\Cache), false)
 9 FCPATH\index.php(67): CodeIgniter\CodeIgniter->run()
INFO - 2024-05-29 06:01:38 --> Session: Class initialized using 'CodeIgniter\Session\Handlers\FileHandler' driver.
CRITICAL - 2024-05-29 06:01:38 --> Trying to get property 'fname' of non-object
in APPPATH\Views\admin\admin_page.php on line 49.
 1 APPPATH\Views\admin\admin_page.php(49): CodeIgniter\Debug\Exceptions->errorHandler(8, 'Trying to get property \'fname\' of non-object', 'APPPATH\\Views\\admin\\admin_page.php', 49, [...])
 2 SYSTEMPATH\View\View.php(213): include('APPPATH\\Views\\admin\\admin_page.php')
 3 SYSTEMPATH\View\View.php(216): CodeIgniter\View\View->CodeIgniter\View\{closure}()
 4 SYSTEMPATH\Common.php(1184): CodeIgniter\View\View->render('admin/admin_page', [], true)
 5 APPPATH\Controllers\Admin.php(70): view('admin/admin_page', [...])
 6 SYSTEMPATH\CodeIgniter.php(934): App\Controllers\Admin->mode('dept')
 7 SYSTEMPATH\CodeIgniter.php(499): CodeIgniter\CodeIgniter->runController(Object(App\Controllers\Admin))
 8 SYSTEMPATH\CodeIgniter.php(368): CodeIgniter\CodeIgniter->handleRequest(null, Object(Config\Cache), false)
 9 FCPATH\index.php(67): CodeIgniter\CodeIgniter->run()
INFO - 2024-05-29 06:01:38 --> Session: Class initialized using 'CodeIgniter\Session\Handlers\FileHandler' driver.
CRITICAL - 2024-05-29 06:01:38 --> Trying to get property 'fname' of non-object
in APPPATH\Views\admin\admin_page.php on line 49.
 1 APPPATH\Views\admin\admin_page.php(49): CodeIgniter\Debug\Exceptions->errorHandler(8, 'Trying to get property \'fname\' of non-object', 'APPPATH\\Views\\admin\\admin_page.php', 49, [...])
 2 SYSTEMPATH\View\View.php(213): include('APPPATH\\Views\\admin\\admin_page.php')
 3 SYSTEMPATH\View\View.php(216): CodeIgniter\View\View->CodeIgniter\View\{closure}()
 4 SYSTEMPATH\Common.php(1184): CodeIgniter\View\View->render('admin/admin_page', [], true)
 5 APPPATH\Controllers\Admin.php(70): view('admin/admin_page', [...])
 6 SYSTEMPATH\CodeIgniter.php(934): App\Controllers\Admin->mode('dashboard')
 7 SYSTEMPATH\CodeIgniter.php(499): CodeIgniter\CodeIgniter->runController(Object(App\Controllers\Admin))
 8 SYSTEMPATH\CodeIgniter.php(368): CodeIgniter\CodeIgniter->handleRequest(null, Object(Config\Cache), false)
 9 FCPATH\index.php(67): CodeIgniter\CodeIgniter->run()
INFO - 2024-05-29 06:01:42 --> Session: Class initialized using 'CodeIgniter\Session\Handlers\FileHandler' driver.
INFO - 2024-05-29 06:01:43 --> Session: Class initialized using 'CodeIgniter\Session\Handlers\FileHandler' driver.
INFO - 2024-05-29 06:01:43 --> Session: Class initialized using 'CodeIgniter\Session\Handlers\FileHandler' driver.
INFO - 2024-05-29 06:01:43 --> Session: Class initialized using 'CodeIgniter\Session\Handlers\FileHandler' driver.
INFO - 2024-05-29 06:01:47 --> Session: Class initialized using 'CodeIgniter\Session\Handlers\FileHandler' driver.
INFO - 2024-05-29 07:13:50 --> Session: Class initialized using 'CodeIgniter\Session\Handlers\FileHandler' driver.
INFO - 2024-05-29 07:37:33 --> Session: Class initialized using 'CodeIgniter\Session\Handlers\FileHandler' driver.
INFO - 2024-05-29 08:12:35 --> Session: Class initialized using 'CodeIgniter\Session\Handlers\FileHandler' driver.
INFO - 2024-05-29 08:13:24 --> Session: Class initialized using 'CodeIgniter\Session\Handlers\FileHandler' driver.
INFO - 2024-05-29 08:13:48 --> Session: Class initialized using 'CodeIgniter\Session\Handlers\FileHandler' driver.
INFO - 2024-05-29 08:14:15 --> Session: Class initialized using 'CodeIgniter\Session\Handlers\FileHandler' driver.
INFO - 2024-05-29 08:14:41 --> Session: Class initialized using 'CodeIgniter\Session\Handlers\FileHandler' driver.
INFO - 2024-05-29 13:53:26 --> Session: Class initialized using 'CodeIgniter\Session\Handlers\FileHandler' driver.
CRITICAL - 2024-05-29 13:53:26 --> Trying to get property 'fname' of non-object
in APPPATH\Views\admin\admin_page.php on line 49.
 1 APPPATH\Views\admin\admin_page.php(49): CodeIgniter\Debug\Exceptions->errorHandler(8, 'Trying to get property \'fname\' of non-object', 'APPPATH\\Views\\admin\\admin_page.php', 49, [...])
 2 SYSTEMPATH\View\View.php(213): include('APPPATH\\Views\\admin\\admin_page.php')
 3 SYSTEMPATH\View\View.php(216): CodeIgniter\View\View->CodeIgniter\View\{closure}()
 4 SYSTEMPATH\Common.php(1184): CodeIgniter\View\View->render('admin/admin_page', [], true)
 5 APPPATH\Controllers\Admin.php(70): view('admin/admin_page', [...])
 6 SYSTEMPATH\CodeIgniter.php(934): App\Controllers\Admin->mode('cityOff')
 7 SYSTEMPATH\CodeIgniter.php(499): CodeIgniter\CodeIgniter->runController(Object(App\Controllers\Admin))
 8 SYSTEMPATH\CodeIgniter.php(368): CodeIgniter\CodeIgniter->handleRequest(null, Object(Config\Cache), false)
 9 FCPATH\index.php(67): CodeIgniter\CodeIgniter->run()
INFO - 2024-05-29 13:53:30 --> Session: Class initialized using 'CodeIgniter\Session\Handlers\FileHandler' driver.
CRITICAL - 2024-05-29 13:53:30 --> Trying to get property 'fname' of non-object
in APPPATH\Views\admin\admin_page.php on line 49.
 1 APPPATH\Views\admin\admin_page.php(49): CodeIgniter\Debug\Exceptions->errorHandler(8, 'Trying to get property \'fname\' of non-object', 'APPPATH\\Views\\admin\\admin_page.php', 49, [...])
 2 SYSTEMPATH\View\View.php(213): include('APPPATH\\Views\\admin\\admin_page.php')
 3 SYSTEMPATH\View\View.php(216): CodeIgniter\View\View->CodeIgniter\View\{closure}()
 4 SYSTEMPATH\Common.php(1184): CodeIgniter\View\View->render('admin/admin_page', [], true)
 5 APPPATH\Controllers\Admin.php(70): view('admin/admin_page', [...])
 6 SYSTEMPATH\CodeIgniter.php(934): App\Controllers\Admin->mode('dashboard')
 7 SYSTEMPATH\CodeIgniter.php(499): CodeIgniter\CodeIgniter->runController(Object(App\Controllers\Admin))
 8 SYSTEMPATH\CodeIgniter.php(368): CodeIgniter\CodeIgniter->handleRequest(null, Object(Config\Cache), false)
 9 FCPATH\index.php(67): CodeIgniter\CodeIgniter->run()
INFO - 2024-05-29 13:53:38 --> Session: Class initialized using 'CodeIgniter\Session\Handlers\FileHandler' driver.
INFO - 2024-05-29 13:53:38 --> Session: Class initialized using 'CodeIgniter\Session\Handlers\FileHandler' driver.
INFO - 2024-05-29 13:53:38 --> Session: Class initialized using 'CodeIgniter\Session\Handlers\FileHandler' driver.
INFO - 2024-05-29 13:53:38 --> Session: Class initialized using 'CodeIgniter\Session\Handlers\FileHandler' driver.
INFO - 2024-05-29 15:46:11 --> Session: Class initialized using 'CodeIgniter\Session\Handlers\FileHandler' driver.
INFO - 2024-05-29 16:36:11 --> Session: Class initialized using 'CodeIgniter\Session\Handlers\FileHandler' driver.
INFO - 2024-05-29 16:36:14 --> Session: Class initialized using 'CodeIgniter\Session\Handlers\FileHandler' driver.
INFO - 2024-05-29 16:36:26 --> Session: Class initialized using 'CodeIgniter\Session\Handlers\FileHandler' driver.
INFO - 2024-05-29 16:58:53 --> Session: Class initialized using 'CodeIgniter\Session\Handlers\FileHandler' driver.
INFO - 2024-05-29 16:58:57 --> Session: Class initialized using 'CodeIgniter\Session\Handlers\FileHandler' driver.
=======
CRITICAL - 2024-05-29 08:12:49 --> Unknown column 'img_capt' in 'field list'
in SYSTEMPATH\Database\BaseConnection.php on line 645.
 1 SYSTEMPATH\Database\BaseBuilder.php(2476): CodeIgniter\Database\BaseConnection->query('UPDATE `department_content` SET `dept_name` = :dept_name:, `head` = :head:, `post_title` = :post_title:, `mission` = :mission:, `vision` = :vision:, `quality_policy` = :quality_policy:, `status` = :status:, `updated_date` = :updated_date:, `img_capt` = :img_capt:
WHERE `department_content`.`ID` IN :department_content.ID:', [...], false)
 2 SYSTEMPATH\Model.php(396): CodeIgniter\Database\BaseBuilder->update()
 3 SYSTEMPATH\BaseModel.php(943): CodeIgniter\Model->doUpdate([...], [...])
 4 SYSTEMPATH\Model.php(756): CodeIgniter\BaseModel->update([...], [...])
 5 APPPATH\Controllers\Admin.php(515): CodeIgniter\Model->update('42', [...])
 6 SYSTEMPATH\CodeIgniter.php(934): App\Controllers\Admin->ajax('update_dept')
 7 SYSTEMPATH\CodeIgniter.php(499): CodeIgniter\CodeIgniter->runController(Object(App\Controllers\Admin))
 8 SYSTEMPATH\CodeIgniter.php(368): CodeIgniter\CodeIgniter->handleRequest(null, Object(Config\Cache), false)
 9 FCPATH\index.php(67): CodeIgniter\CodeIgniter->run()
INFO - 2024-05-29 08:13:07 --> Session: Class initialized using 'CodeIgniter\Session\Handlers\FileHandler' driver.
INFO - 2024-05-29 08:13:08 --> Session: Class initialized using 'CodeIgniter\Session\Handlers\FileHandler' driver.
INFO - 2024-05-29 08:13:08 --> Session: Class initialized using 'CodeIgniter\Session\Handlers\FileHandler' driver.
INFO - 2024-05-29 08:13:08 --> Session: Class initialized using 'CodeIgniter\Session\Handlers\FileHandler' driver.
INFO - 2024-05-29 08:14:01 --> Session: Class initialized using 'CodeIgniter\Session\Handlers\FileHandler' driver.
INFO - 2024-05-29 08:14:01 --> Session: Class initialized using 'CodeIgniter\Session\Handlers\FileHandler' driver.
INFO - 2024-05-29 08:14:02 --> Session: Class initialized using 'CodeIgniter\Session\Handlers\FileHandler' driver.
INFO - 2024-05-29 08:14:02 --> Session: Class initialized using 'CodeIgniter\Session\Handlers\FileHandler' driver.
INFO - 2024-05-29 08:14:02 --> Session: Class initialized using 'CodeIgniter\Session\Handlers\FileHandler' driver.
INFO - 2024-05-29 08:14:02 --> Session: Class initialized using 'CodeIgniter\Session\Handlers\FileHandler' driver.
INFO - 2024-05-29 08:14:02 --> Session: Class initialized using 'CodeIgniter\Session\Handlers\FileHandler' driver.
INFO - 2024-05-29 08:14:02 --> Session: Class initialized using 'CodeIgniter\Session\Handlers\FileHandler' driver.
INFO - 2024-05-29 08:15:34 --> Session: Class initialized using 'CodeIgniter\Session\Handlers\FileHandler' driver.
INFO - 2024-05-29 08:15:36 --> Session: Class initialized using 'CodeIgniter\Session\Handlers\FileHandler' driver.
INFO - 2024-05-29 08:15:36 --> Session: Class initialized using 'CodeIgniter\Session\Handlers\FileHandler' driver.
INFO - 2024-05-29 08:15:36 --> Session: Class initialized using 'CodeIgniter\Session\Handlers\FileHandler' driver.
INFO - 2024-05-29 08:15:37 --> Session: Class initialized using 'CodeIgniter\Session\Handlers\FileHandler' driver.
INFO - 2024-05-29 08:15:42 --> Session: Class initialized using 'CodeIgniter\Session\Handlers\FileHandler' driver.
INFO - 2024-05-29 08:15:43 --> Session: Class initialized using 'CodeIgniter\Session\Handlers\FileHandler' driver.
INFO - 2024-05-29 08:15:44 --> Session: Class initialized using 'CodeIgniter\Session\Handlers\FileHandler' driver.
INFO - 2024-05-29 08:15:44 --> Session: Class initialized using 'CodeIgniter\Session\Handlers\FileHandler' driver.
INFO - 2024-05-29 08:15:46 --> Session: Class initialized using 'CodeIgniter\Session\Handlers\FileHandler' driver.
INFO - 2024-05-29 08:15:46 --> Session: Class initialized using 'CodeIgniter\Session\Handlers\FileHandler' driver.
INFO - 2024-05-29 08:15:53 --> Session: Class initialized using 'CodeIgniter\Session\Handlers\FileHandler' driver.
INFO - 2024-05-29 08:15:53 --> Session: Class initialized using 'CodeIgniter\Session\Handlers\FileHandler' driver.
INFO - 2024-05-29 08:15:53 --> Session: Class initialized using 'CodeIgniter\Session\Handlers\FileHandler' driver.
INFO - 2024-05-29 08:15:53 --> Session: Class initialized using 'CodeIgniter\Session\Handlers\FileHandler' driver.
INFO - 2024-05-29 08:15:56 --> Session: Class initialized using 'CodeIgniter\Session\Handlers\FileHandler' driver.
INFO - 2024-05-29 08:15:56 --> Session: Class initialized using 'CodeIgniter\Session\Handlers\FileHandler' driver.
INFO - 2024-05-29 08:15:56 --> Session: Class initialized using 'CodeIgniter\Session\Handlers\FileHandler' driver.
INFO - 2024-05-29 08:15:56 --> Session: Class initialized using 'CodeIgniter\Session\Handlers\FileHandler' driver.
INFO - 2024-05-29 08:16:04 --> Session: Class initialized using 'CodeIgniter\Session\Handlers\FileHandler' driver.
INFO - 2024-05-29 08:16:04 --> Session: Class initialized using 'CodeIgniter\Session\Handlers\FileHandler' driver.
INFO - 2024-05-29 08:16:48 --> Session: Class initialized using 'CodeIgniter\Session\Handlers\FileHandler' driver.
INFO - 2024-05-29 08:16:48 --> Session: Class initialized using 'CodeIgniter\Session\Handlers\FileHandler' driver.
INFO - 2024-05-29 08:20:38 --> Session: Class initialized using 'CodeIgniter\Session\Handlers\FileHandler' driver.
INFO - 2024-05-29 08:20:39 --> Session: Class initialized using 'CodeIgniter\Session\Handlers\FileHandler' driver.
INFO - 2024-05-29 08:20:40 --> Session: Class initialized using 'CodeIgniter\Session\Handlers\FileHandler' driver.
INFO - 2024-05-29 08:20:41 --> Session: Class initialized using 'CodeIgniter\Session\Handlers\FileHandler' driver.
INFO - 2024-05-29 08:20:42 --> Session: Class initialized using 'CodeIgniter\Session\Handlers\FileHandler' driver.
INFO - 2024-05-29 08:20:42 --> Session: Class initialized using 'CodeIgniter\Session\Handlers\FileHandler' driver.
INFO - 2024-05-29 08:20:42 --> Session: Class initialized using 'CodeIgniter\Session\Handlers\FileHandler' driver.
INFO - 2024-05-29 08:20:43 --> Session: Class initialized using 'CodeIgniter\Session\Handlers\FileHandler' driver.
INFO - 2024-05-29 08:20:43 --> Session: Class initialized using 'CodeIgniter\Session\Handlers\FileHandler' driver.
INFO - 2024-05-29 08:20:43 --> Session: Class initialized using 'CodeIgniter\Session\Handlers\FileHandler' driver.
INFO - 2024-05-29 08:20:43 --> Session: Class initialized using 'CodeIgniter\Session\Handlers\FileHandler' driver.
INFO - 2024-05-29 08:20:43 --> Session: Class initialized using 'CodeIgniter\Session\Handlers\FileHandler' driver.
INFO - 2024-05-29 08:20:43 --> Session: Class initialized using 'CodeIgniter\Session\Handlers\FileHandler' driver.
INFO - 2024-05-29 08:20:43 --> Session: Class initialized using 'CodeIgniter\Session\Handlers\FileHandler' driver.
INFO - 2024-05-29 08:20:43 --> Session: Class initialized using 'CodeIgniter\Session\Handlers\FileHandler' driver.
INFO - 2024-05-29 08:20:43 --> Session: Class initialized using 'CodeIgniter\Session\Handlers\FileHandler' driver.
INFO - 2024-05-29 08:21:54 --> Session: Class initialized using 'CodeIgniter\Session\Handlers\FileHandler' driver.
INFO - 2024-05-29 08:21:54 --> Session: Class initialized using 'CodeIgniter\Session\Handlers\FileHandler' driver.
INFO - 2024-05-29 08:21:54 --> Session: Class initialized using 'CodeIgniter\Session\Handlers\FileHandler' driver.
INFO - 2024-05-29 08:21:54 --> Session: Class initialized using 'CodeIgniter\Session\Handlers\FileHandler' driver.
INFO - 2024-05-29 08:21:56 --> Session: Class initialized using 'CodeIgniter\Session\Handlers\FileHandler' driver.
INFO - 2024-05-29 08:22:04 --> Session: Class initialized using 'CodeIgniter\Session\Handlers\FileHandler' driver.
INFO - 2024-05-29 08:22:05 --> Session: Class initialized using 'CodeIgniter\Session\Handlers\FileHandler' driver.
INFO - 2024-05-29 08:22:05 --> Session: Class initialized using 'CodeIgniter\Session\Handlers\FileHandler' driver.
INFO - 2024-05-29 08:22:05 --> Session: Class initialized using 'CodeIgniter\Session\Handlers\FileHandler' driver.
>>>>>>> 20465ba33bbdcafabc4b646fb731c8f9a3105fd0
