INFO - 2024-07-11 07:42:12 --> Session: Class initialized using 'CodeIgniter\Session\Handlers\FileHandler' driver.
INFO - 2024-07-11 07:42:12 --> Session: Class initialized using 'CodeIgniter\Session\Handlers\FileHandler' driver.
INFO - 2024-07-11 07:42:12 --> Session: Class initialized using 'CodeIgniter\Session\Handlers\FileHandler' driver.
INFO - 2024-07-11 07:47:53 --> Session: Class initialized using 'CodeIgniter\Session\Handlers\FileHandler' driver.
INFO - 2024-07-11 07:47:53 --> Session: Class initialized using 'CodeIgniter\Session\Handlers\FileHandler' driver.
INFO - 2024-07-11 07:47:53 --> Session: Class initialized using 'CodeIgniter\Session\Handlers\FileHandler' driver.
INFO - 2024-07-11 07:48:01 --> Session: Class initialized using 'CodeIgniter\Session\Handlers\FileHandler' driver.
INFO - 2024-07-11 07:48:01 --> Session: Class initialized using 'CodeIgniter\Session\Handlers\FileHandler' driver.
INFO - 2024-07-11 07:48:01 --> Session: Class initialized using 'CodeIgniter\Session\Handlers\FileHandler' driver.
INFO - 2024-07-11 07:50:14 --> Session: Class initialized using 'CodeIgniter\Session\Handlers\FileHandler' driver.
INFO - 2024-07-11 07:50:14 --> Session: Class initialized using 'CodeIgniter\Session\Handlers\FileHandler' driver.
INFO - 2024-07-11 07:50:14 --> Session: Class initialized using 'CodeIgniter\Session\Handlers\FileHandler' driver.
INFO - 2024-07-11 07:51:36 --> Session: Class initialized using 'CodeIgniter\Session\Handlers\FileHandler' driver.
INFO - 2024-07-11 07:51:36 --> Session: Class initialized using 'CodeIgniter\Session\Handlers\FileHandler' driver.
INFO - 2024-07-11 07:51:36 --> Session: Class initialized using 'CodeIgniter\Session\Handlers\FileHandler' driver.
INFO - 2024-07-11 07:51:37 --> Total Records: 3
INFO - 2024-07-11 07:51:37 --> Announcements Content: Array
(
    [0] => stdClass Object
        (
            [ID] => 31
            [title] => COVID-19 allowance release timed for Sona, decries health workers group
            [author] => John Cruz
            [description] => MANILA, Philippines “Why is it only now if there was funding available all along?”

The Alliance of Health Workers (AHW) raised this concern on Friday as it questioned the timing of President Ferdinand “Bongbong” Marcos Jr.’s directive to fully release the unpaid COVID-19 Health Emergency Allowance (HEA) for all health workers.

AHW National President Robert Mendoza pointed out that Marcos’ directive’s timing perfectly aligns with the upcoming State of the Nation Address (Sona), where the President will outline his accomplishments.

“The timing of the release of long overdue benefits is very timely to the upcoming Sona by the President. Is it because the administration just wants to showcase his accomplishments rather than addressing the urgent needs of health workers?” Mendoza said in a press statement. 

Despite questioning the timing of Marcos’ directive, Mendoza said he is still hoping that all health workers in private and local government unit hospitals and health facilities will be “paid their much-deserved HEA.”

“[B]ecause during our dialogue with Budget and Management Secretary Pangandaman last April 11, 2024, [the] Department of Health has not yet complied with the final lists and mapping of paid and unpaid health workers of their  Covid-19 allowances,” he said. 

Still, Mendoza believes that releasing the HEA is a “significant victory” for health workers who served the country during the COVID-19 pandemic. 

According to Mendoza, health workers will join the people’s Sona on July 22.

He said the event will be a platform for them to convey their demands to the Marcos administration.
            [file_loc] => 1720161861_89876e3080f71f3530d9.jpg
            [category] => ANNS
            [created_date] => 2024-07-05 06:44:21
            [updated_date] => 
            [status] => ACTIVE
            [content_ref_id] => 
        )

    [1] => stdClass Object
        (
            [ID] => 29
            [title] => omg!
            [author] => Jenny Kim
            [description] => shocking announcement
            [file_loc] => 1720095890_69a4840fcf916b911229.jpg
            [category] => ANNS
            [created_date] => 2024-07-04 12:24:50
            [updated_date] => 2024-07-05 05:12:00
            [status] => ACTIVE
            [content_ref_id] => 
        )

    [2] => stdClass Object
        (
            [ID] => 25
            [title] => annoucnement
            [author] => Hammy
            [description] => gsdrgrdhrthr
            [file_loc] => 1720086440_307672a5f0a97bfedd2a.png
            [category] => ANNS
            [created_date] => 2024-07-04 09:47:20
            [updated_date] => 2024-07-08 14:33:50
            [status] => ACTIVE
            [content_ref_id] => 
        )

)

INFO - 2024-07-11 07:51:37 --> Session: Class initialized using 'CodeIgniter\Session\Handlers\FileHandler' driver.
INFO - 2024-07-11 07:51:37 --> Session: Class initialized using 'CodeIgniter\Session\Handlers\FileHandler' driver.
INFO - 2024-07-11 07:51:37 --> Session: Class initialized using 'CodeIgniter\Session\Handlers\FileHandler' driver.
INFO - 2024-07-11 07:52:02 --> Session: Class initialized using 'CodeIgniter\Session\Handlers\FileHandler' driver.
INFO - 2024-07-11 07:52:02 --> Session: Class initialized using 'CodeIgniter\Session\Handlers\FileHandler' driver.
INFO - 2024-07-11 07:52:02 --> Session: Class initialized using 'CodeIgniter\Session\Handlers\FileHandler' driver.
INFO - 2024-07-11 07:52:36 --> Session: Class initialized using 'CodeIgniter\Session\Handlers\FileHandler' driver.
INFO - 2024-07-11 07:52:36 --> Session: Class initialized using 'CodeIgniter\Session\Handlers\FileHandler' driver.
INFO - 2024-07-11 07:52:36 --> Session: Class initialized using 'CodeIgniter\Session\Handlers\FileHandler' driver.
INFO - 2024-07-11 07:52:38 --> Session: Class initialized using 'CodeIgniter\Session\Handlers\FileHandler' driver.
INFO - 2024-07-11 07:52:38 --> Session: Class initialized using 'CodeIgniter\Session\Handlers\FileHandler' driver.
INFO - 2024-07-11 07:52:38 --> Session: Class initialized using 'CodeIgniter\Session\Handlers\FileHandler' driver.
INFO - 2024-07-11 07:52:42 --> Session: Class initialized using 'CodeIgniter\Session\Handlers\FileHandler' driver.
INFO - 2024-07-11 07:52:42 --> Session: Class initialized using 'CodeIgniter\Session\Handlers\FileHandler' driver.
INFO - 2024-07-11 07:52:42 --> Session: Class initialized using 'CodeIgniter\Session\Handlers\FileHandler' driver.
INFO - 2024-07-11 07:52:44 --> Session: Class initialized using 'CodeIgniter\Session\Handlers\FileHandler' driver.
INFO - 2024-07-11 07:52:44 --> Session: Class initialized using 'CodeIgniter\Session\Handlers\FileHandler' driver.
INFO - 2024-07-11 07:52:44 --> Session: Class initialized using 'CodeIgniter\Session\Handlers\FileHandler' driver.
INFO - 2024-07-11 07:52:46 --> Session: Class initialized using 'CodeIgniter\Session\Handlers\FileHandler' driver.
INFO - 2024-07-11 07:52:46 --> Session: Class initialized using 'CodeIgniter\Session\Handlers\FileHandler' driver.
INFO - 2024-07-11 07:52:46 --> Session: Class initialized using 'CodeIgniter\Session\Handlers\FileHandler' driver.
INFO - 2024-07-11 07:52:46 --> Session: Class initialized using 'CodeIgniter\Session\Handlers\FileHandler' driver.
INFO - 2024-07-11 07:57:45 --> Session: Class initialized using 'CodeIgniter\Session\Handlers\FileHandler' driver.
CRITICAL - 2024-07-11 07:57:45 --> Trying to get property 'fname' of non-object
in APPPATH\Views\admin\admin_page.php on line 50.
 1 APPPATH\Views\admin\admin_page.php(50): CodeIgniter\Debug\Exceptions->errorHandler(8, 'Trying to get property \'fname\' of non-object', 'APPPATH\\Views\\admin\\admin_page.php', 50, [...])
 2 SYSTEMPATH\View\View.php(213): include('APPPATH\\Views\\admin\\admin_page.php')
 3 SYSTEMPATH\View\View.php(216): CodeIgniter\View\View->CodeIgniter\View\{closure}()
 4 SYSTEMPATH\Common.php(1184): CodeIgniter\View\View->render('admin/admin_page', [], true)
 5 APPPATH\Controllers\Admin.php(43): view('admin/admin_page', [...])
 6 SYSTEMPATH\CodeIgniter.php(934): App\Controllers\Admin->mode('dashboard')
 7 SYSTEMPATH\CodeIgniter.php(499): CodeIgniter\CodeIgniter->runController(Object(App\Controllers\Admin))
 8 SYSTEMPATH\CodeIgniter.php(368): CodeIgniter\CodeIgniter->handleRequest(null, Object(Config\Cache), false)
 9 FCPATH\index.php(67): CodeIgniter\CodeIgniter->run()
INFO - 2024-07-11 07:57:51 --> Session: Class initialized using 'CodeIgniter\Session\Handlers\FileHandler' driver.
INFO - 2024-07-11 07:57:57 --> Session: Class initialized using 'CodeIgniter\Session\Handlers\FileHandler' driver.
INFO - 2024-07-11 07:57:57 --> Session: Class initialized using 'CodeIgniter\Session\Handlers\FileHandler' driver.
INFO - 2024-07-11 07:57:59 --> Session: Class initialized using 'CodeIgniter\Session\Handlers\FileHandler' driver.
INFO - 2024-07-11 07:57:59 --> Session: Class initialized using 'CodeIgniter\Session\Handlers\FileHandler' driver.
INFO - 2024-07-11 07:58:00 --> Session: Class initialized using 'CodeIgniter\Session\Handlers\FileHandler' driver.
INFO - 2024-07-11 07:58:00 --> Session: Class initialized using 'CodeIgniter\Session\Handlers\FileHandler' driver.
INFO - 2024-07-11 07:58:00 --> Session: Class initialized using 'CodeIgniter\Session\Handlers\FileHandler' driver.
INFO - 2024-07-11 07:58:00 --> Session: Class initialized using 'CodeIgniter\Session\Handlers\FileHandler' driver.
INFO - 2024-07-11 07:58:00 --> Session: Class initialized using 'CodeIgniter\Session\Handlers\FileHandler' driver.
INFO - 2024-07-11 07:58:00 --> Session: Class initialized using 'CodeIgniter\Session\Handlers\FileHandler' driver.
INFO - 2024-07-11 07:58:00 --> Session: Class initialized using 'CodeIgniter\Session\Handlers\FileHandler' driver.
INFO - 2024-07-11 07:58:00 --> Session: Class initialized using 'CodeIgniter\Session\Handlers\FileHandler' driver.
INFO - 2024-07-11 07:58:00 --> Session: Class initialized using 'CodeIgniter\Session\Handlers\FileHandler' driver.
INFO - 2024-07-11 07:58:01 --> Session: Class initialized using 'CodeIgniter\Session\Handlers\FileHandler' driver.
INFO - 2024-07-11 07:58:01 --> Session: Class initialized using 'CodeIgniter\Session\Handlers\FileHandler' driver.
INFO - 2024-07-11 07:58:01 --> Session: Class initialized using 'CodeIgniter\Session\Handlers\FileHandler' driver.
ERROR - 2024-07-11 07:58:01 --> File not found: C:\xampp_7_4\htdocs\websitebinan\writable\uploads\MAYOR\1717396432_e4f364271dad00758de7.png
INFO - 2024-07-11 08:19:59 --> Session: Class initialized using 'CodeIgniter\Session\Handlers\FileHandler' driver.
INFO - 2024-07-11 08:19:59 --> Session: Class initialized using 'CodeIgniter\Session\Handlers\FileHandler' driver.
INFO - 2024-07-11 08:19:59 --> Session: Class initialized using 'CodeIgniter\Session\Handlers\FileHandler' driver.
INFO - 2024-07-11 08:22:33 --> Session: Class initialized using 'CodeIgniter\Session\Handlers\FileHandler' driver.
INFO - 2024-07-11 08:22:33 --> Session: Class initialized using 'CodeIgniter\Session\Handlers\FileHandler' driver.
INFO - 2024-07-11 08:22:33 --> Session: Class initialized using 'CodeIgniter\Session\Handlers\FileHandler' driver.
INFO - 2024-07-11 08:22:37 --> Session: Class initialized using 'CodeIgniter\Session\Handlers\FileHandler' driver.
INFO - 2024-07-11 08:22:37 --> Session: Class initialized using 'CodeIgniter\Session\Handlers\FileHandler' driver.
INFO - 2024-07-11 08:22:37 --> Session: Class initialized using 'CodeIgniter\Session\Handlers\FileHandler' driver.
INFO - 2024-07-11 08:22:38 --> Session: Class initialized using 'CodeIgniter\Session\Handlers\FileHandler' driver.
INFO - 2024-07-11 08:41:20 --> Session: Class initialized using 'CodeIgniter\Session\Handlers\FileHandler' driver.
INFO - 2024-07-11 08:41:20 --> Session: Class initialized using 'CodeIgniter\Session\Handlers\FileHandler' driver.
INFO - 2024-07-11 08:41:21 --> Session: Class initialized using 'CodeIgniter\Session\Handlers\FileHandler' driver.
ERROR - 2024-07-11 08:41:21 --> File not found: C:\xampp_7_4\htdocs\websitebinan\writable\uploads\MAYOR\1717396432_e4f364271dad00758de7.png
INFO - 2024-07-11 08:41:21 --> Session: Class initialized using 'CodeIgniter\Session\Handlers\FileHandler' driver.
INFO - 2024-07-11 08:42:02 --> Session: Class initialized using 'CodeIgniter\Session\Handlers\FileHandler' driver.
INFO - 2024-07-11 08:42:03 --> Session: Class initialized using 'CodeIgniter\Session\Handlers\FileHandler' driver.
INFO - 2024-07-11 08:42:03 --> Session: Class initialized using 'CodeIgniter\Session\Handlers\FileHandler' driver.
INFO - 2024-07-11 08:42:03 --> Session: Class initialized using 'CodeIgniter\Session\Handlers\FileHandler' driver.
ERROR - 2024-07-11 08:42:03 --> File not found: C:\xampp_7_4\htdocs\websitebinan\writable\uploads\MAYOR\1717396432_e4f364271dad00758de7.png
INFO - 2024-07-11 08:42:58 --> Session: Class initialized using 'CodeIgniter\Session\Handlers\FileHandler' driver.
INFO - 2024-07-11 08:42:58 --> Session: Class initialized using 'CodeIgniter\Session\Handlers\FileHandler' driver.
INFO - 2024-07-11 08:42:59 --> Session: Class initialized using 'CodeIgniter\Session\Handlers\FileHandler' driver.
INFO - 2024-07-11 08:42:59 --> Session: Class initialized using 'CodeIgniter\Session\Handlers\FileHandler' driver.
INFO - 2024-07-11 08:42:59 --> Session: Class initialized using 'CodeIgniter\Session\Handlers\FileHandler' driver.
INFO - 2024-07-11 08:42:59 --> Session: Class initialized using 'CodeIgniter\Session\Handlers\FileHandler' driver.
INFO - 2024-07-11 08:42:59 --> Session: Class initialized using 'CodeIgniter\Session\Handlers\FileHandler' driver.
INFO - 2024-07-11 08:42:59 --> Session: Class initialized using 'CodeIgniter\Session\Handlers\FileHandler' driver.
INFO - 2024-07-11 08:42:59 --> Session: Class initialized using 'CodeIgniter\Session\Handlers\FileHandler' driver.
INFO - 2024-07-11 08:42:59 --> Session: Class initialized using 'CodeIgniter\Session\Handlers\FileHandler' driver.
INFO - 2024-07-11 08:44:09 --> Session: Class initialized using 'CodeIgniter\Session\Handlers\FileHandler' driver.
INFO - 2024-07-11 08:44:09 --> Session: Class initialized using 'CodeIgniter\Session\Handlers\FileHandler' driver.
INFO - 2024-07-11 08:44:09 --> Session: Class initialized using 'CodeIgniter\Session\Handlers\FileHandler' driver.
INFO - 2024-07-11 08:44:09 --> Session: Class initialized using 'CodeIgniter\Session\Handlers\FileHandler' driver.
INFO - 2024-07-11 08:44:09 --> Session: Class initialized using 'CodeIgniter\Session\Handlers\FileHandler' driver.
INFO - 2024-07-11 08:44:09 --> Session: Class initialized using 'CodeIgniter\Session\Handlers\FileHandler' driver.
INFO - 2024-07-11 08:44:09 --> Session: Class initialized using 'CodeIgniter\Session\Handlers\FileHandler' driver.
INFO - 2024-07-11 08:44:09 --> Session: Class initialized using 'CodeIgniter\Session\Handlers\FileHandler' driver.
INFO - 2024-07-11 08:44:10 --> Session: Class initialized using 'CodeIgniter\Session\Handlers\FileHandler' driver.
INFO - 2024-07-11 08:44:10 --> Session: Class initialized using 'CodeIgniter\Session\Handlers\FileHandler' driver.
INFO - 2024-07-11 08:44:10 --> Session: Class initialized using 'CodeIgniter\Session\Handlers\FileHandler' driver.
INFO - 2024-07-11 08:44:35 --> Session: Class initialized using 'CodeIgniter\Session\Handlers\FileHandler' driver.
INFO - 2024-07-11 08:44:35 --> Session: Class initialized using 'CodeIgniter\Session\Handlers\FileHandler' driver.
INFO - 2024-07-11 08:44:36 --> Session: Class initialized using 'CodeIgniter\Session\Handlers\FileHandler' driver.
ERROR - 2024-07-11 08:44:36 --> File not found: C:\xampp_7_4\htdocs\websitebinan\writable\uploads\MAYOR\1717396432_e4f364271dad00758de7.png
INFO - 2024-07-11 08:44:36 --> Session: Class initialized using 'CodeIgniter\Session\Handlers\FileHandler' driver.
INFO - 2024-07-11 08:44:36 --> Session: Class initialized using 'CodeIgniter\Session\Handlers\FileHandler' driver.
INFO - 2024-07-11 08:45:06 --> Session: Class initialized using 'CodeIgniter\Session\Handlers\FileHandler' driver.
INFO - 2024-07-11 08:45:07 --> Session: Class initialized using 'CodeIgniter\Session\Handlers\FileHandler' driver.
INFO - 2024-07-11 08:45:07 --> Session: Class initialized using 'CodeIgniter\Session\Handlers\FileHandler' driver.
INFO - 2024-07-11 08:45:07 --> Session: Class initialized using 'CodeIgniter\Session\Handlers\FileHandler' driver.
INFO - 2024-07-11 08:45:07 --> Session: Class initialized using 'CodeIgniter\Session\Handlers\FileHandler' driver.
INFO - 2024-07-11 08:45:07 --> Session: Class initialized using 'CodeIgniter\Session\Handlers\FileHandler' driver.
INFO - 2024-07-11 08:45:07 --> Session: Class initialized using 'CodeIgniter\Session\Handlers\FileHandler' driver.
INFO - 2024-07-11 08:45:07 --> Session: Class initialized using 'CodeIgniter\Session\Handlers\FileHandler' driver.
INFO - 2024-07-11 08:45:07 --> Session: Class initialized using 'CodeIgniter\Session\Handlers\FileHandler' driver.
INFO - 2024-07-11 08:45:07 --> Session: Class initialized using 'CodeIgniter\Session\Handlers\FileHandler' driver.
INFO - 2024-07-11 08:45:12 --> Session: Class initialized using 'CodeIgniter\Session\Handlers\FileHandler' driver.
INFO - 2024-07-11 08:45:12 --> Session: Class initialized using 'CodeIgniter\Session\Handlers\FileHandler' driver.
INFO - 2024-07-11 08:45:13 --> Session: Class initialized using 'CodeIgniter\Session\Handlers\FileHandler' driver.
INFO - 2024-07-11 08:45:13 --> Session: Class initialized using 'CodeIgniter\Session\Handlers\FileHandler' driver.
ERROR - 2024-07-11 08:45:13 --> File not found: C:\xampp_7_4\htdocs\websitebinan\writable\uploads\MAYOR\1717396432_e4f364271dad00758de7.png
INFO - 2024-07-11 08:45:13 --> Session: Class initialized using 'CodeIgniter\Session\Handlers\FileHandler' driver.
INFO - 2024-07-11 08:45:13 --> Session: Class initialized using 'CodeIgniter\Session\Handlers\FileHandler' driver.
INFO - 2024-07-11 08:45:14 --> Session: Class initialized using 'CodeIgniter\Session\Handlers\FileHandler' driver.
INFO - 2024-07-11 08:45:14 --> Session: Class initialized using 'CodeIgniter\Session\Handlers\FileHandler' driver.
INFO - 2024-07-11 08:45:14 --> Session: Class initialized using 'CodeIgniter\Session\Handlers\FileHandler' driver.
INFO - 2024-07-11 08:45:14 --> Session: Class initialized using 'CodeIgniter\Session\Handlers\FileHandler' driver.
INFO - 2024-07-11 08:45:14 --> Session: Class initialized using 'CodeIgniter\Session\Handlers\FileHandler' driver.
INFO - 2024-07-11 08:45:14 --> Session: Class initialized using 'CodeIgniter\Session\Handlers\FileHandler' driver.
INFO - 2024-07-11 08:45:14 --> Session: Class initialized using 'CodeIgniter\Session\Handlers\FileHandler' driver.
INFO - 2024-07-11 08:45:14 --> Session: Class initialized using 'CodeIgniter\Session\Handlers\FileHandler' driver.
INFO - 2024-07-11 08:45:30 --> Session: Class initialized using 'CodeIgniter\Session\Handlers\FileHandler' driver.
INFO - 2024-07-11 08:45:31 --> Session: Class initialized using 'CodeIgniter\Session\Handlers\FileHandler' driver.
INFO - 2024-07-11 08:45:31 --> Session: Class initialized using 'CodeIgniter\Session\Handlers\FileHandler' driver.
INFO - 2024-07-11 08:45:31 --> Session: Class initialized using 'CodeIgniter\Session\Handlers\FileHandler' driver.
ERROR - 2024-07-11 08:45:31 --> File not found: C:\xampp_7_4\htdocs\websitebinan\writable\uploads\MAYOR\1717396432_e4f364271dad00758de7.png
INFO - 2024-07-11 08:46:05 --> Session: Class initialized using 'CodeIgniter\Session\Handlers\FileHandler' driver.
INFO - 2024-07-11 08:46:05 --> Session: Class initialized using 'CodeIgniter\Session\Handlers\FileHandler' driver.
INFO - 2024-07-11 08:46:05 --> Session: Class initialized using 'CodeIgniter\Session\Handlers\FileHandler' driver.
INFO - 2024-07-11 08:46:05 --> Session: Class initialized using 'CodeIgniter\Session\Handlers\FileHandler' driver.
ERROR - 2024-07-11 08:46:05 --> File not found: C:\xampp_7_4\htdocs\websitebinan\writable\uploads\MAYOR\1717396432_e4f364271dad00758de7.png
INFO - 2024-07-11 08:46:19 --> Session: Class initialized using 'CodeIgniter\Session\Handlers\FileHandler' driver.
INFO - 2024-07-11 08:46:19 --> Session: Class initialized using 'CodeIgniter\Session\Handlers\FileHandler' driver.
INFO - 2024-07-11 08:46:28 --> Session: Class initialized using 'CodeIgniter\Session\Handlers\FileHandler' driver.
INFO - 2024-07-11 08:46:28 --> Session: Class initialized using 'CodeIgniter\Session\Handlers\FileHandler' driver.
INFO - 2024-07-11 08:46:34 --> Session: Class initialized using 'CodeIgniter\Session\Handlers\FileHandler' driver.
INFO - 2024-07-11 08:46:35 --> Session: Class initialized using 'CodeIgniter\Session\Handlers\FileHandler' driver.
INFO - 2024-07-11 08:46:35 --> Session: Class initialized using 'CodeIgniter\Session\Handlers\FileHandler' driver.
INFO - 2024-07-11 08:46:35 --> Session: Class initialized using 'CodeIgniter\Session\Handlers\FileHandler' driver.
INFO - 2024-07-11 08:46:35 --> Session: Class initialized using 'CodeIgniter\Session\Handlers\FileHandler' driver.
INFO - 2024-07-11 08:46:35 --> Session: Class initialized using 'CodeIgniter\Session\Handlers\FileHandler' driver.
INFO - 2024-07-11 08:46:35 --> Session: Class initialized using 'CodeIgniter\Session\Handlers\FileHandler' driver.
INFO - 2024-07-11 08:46:35 --> Session: Class initialized using 'CodeIgniter\Session\Handlers\FileHandler' driver.
INFO - 2024-07-11 08:46:35 --> Session: Class initialized using 'CodeIgniter\Session\Handlers\FileHandler' driver.
INFO - 2024-07-11 08:46:35 --> Session: Class initialized using 'CodeIgniter\Session\Handlers\FileHandler' driver.
INFO - 2024-07-11 08:46:35 --> Session: Class initialized using 'CodeIgniter\Session\Handlers\FileHandler' driver.
INFO - 2024-07-11 08:46:35 --> Session: Class initialized using 'CodeIgniter\Session\Handlers\FileHandler' driver.
INFO - 2024-07-11 08:46:35 --> Session: Class initialized using 'CodeIgniter\Session\Handlers\FileHandler' driver.
INFO - 2024-07-11 08:46:35 --> Session: Class initialized using 'CodeIgniter\Session\Handlers\FileHandler' driver.
INFO - 2024-07-11 08:46:35 --> Session: Class initialized using 'CodeIgniter\Session\Handlers\FileHandler' driver.
INFO - 2024-07-11 08:46:35 --> Session: Class initialized using 'CodeIgniter\Session\Handlers\FileHandler' driver.
INFO - 2024-07-11 08:46:35 --> Session: Class initialized using 'CodeIgniter\Session\Handlers\FileHandler' driver.
INFO - 2024-07-11 08:46:35 --> Session: Class initialized using 'CodeIgniter\Session\Handlers\FileHandler' driver.
INFO - 2024-07-11 08:46:35 --> Session: Class initialized using 'CodeIgniter\Session\Handlers\FileHandler' driver.
INFO - 2024-07-11 08:46:36 --> Session: Class initialized using 'CodeIgniter\Session\Handlers\FileHandler' driver.
INFO - 2024-07-11 08:46:41 --> Session: Class initialized using 'CodeIgniter\Session\Handlers\FileHandler' driver.
INFO - 2024-07-11 08:46:41 --> Session: Class initialized using 'CodeIgniter\Session\Handlers\FileHandler' driver.
INFO - 2024-07-11 08:46:41 --> Session: Class initialized using 'CodeIgniter\Session\Handlers\FileHandler' driver.
INFO - 2024-07-11 08:46:41 --> Session: Class initialized using 'CodeIgniter\Session\Handlers\FileHandler' driver.
INFO - 2024-07-11 08:46:41 --> Session: Class initialized using 'CodeIgniter\Session\Handlers\FileHandler' driver.
INFO - 2024-07-11 08:46:41 --> Session: Class initialized using 'CodeIgniter\Session\Handlers\FileHandler' driver.
INFO - 2024-07-11 08:46:41 --> Session: Class initialized using 'CodeIgniter\Session\Handlers\FileHandler' driver.
INFO - 2024-07-11 08:46:41 --> Session: Class initialized using 'CodeIgniter\Session\Handlers\FileHandler' driver.
INFO - 2024-07-11 08:46:41 --> Session: Class initialized using 'CodeIgniter\Session\Handlers\FileHandler' driver.
INFO - 2024-07-11 08:46:41 --> Session: Class initialized using 'CodeIgniter\Session\Handlers\FileHandler' driver.
INFO - 2024-07-11 08:46:44 --> Session: Class initialized using 'CodeIgniter\Session\Handlers\FileHandler' driver.
INFO - 2024-07-11 08:46:44 --> Session: Class initialized using 'CodeIgniter\Session\Handlers\FileHandler' driver.
INFO - 2024-07-11 08:46:44 --> Session: Class initialized using 'CodeIgniter\Session\Handlers\FileHandler' driver.
INFO - 2024-07-11 08:46:44 --> Session: Class initialized using 'CodeIgniter\Session\Handlers\FileHandler' driver.
INFO - 2024-07-11 08:46:44 --> Session: Class initialized using 'CodeIgniter\Session\Handlers\FileHandler' driver.
INFO - 2024-07-11 08:46:44 --> Session: Class initialized using 'CodeIgniter\Session\Handlers\FileHandler' driver.
INFO - 2024-07-11 08:46:44 --> Session: Class initialized using 'CodeIgniter\Session\Handlers\FileHandler' driver.
INFO - 2024-07-11 08:46:44 --> Session: Class initialized using 'CodeIgniter\Session\Handlers\FileHandler' driver.
INFO - 2024-07-11 08:46:44 --> Session: Class initialized using 'CodeIgniter\Session\Handlers\FileHandler' driver.
INFO - 2024-07-11 08:46:44 --> Session: Class initialized using 'CodeIgniter\Session\Handlers\FileHandler' driver.
INFO - 2024-07-11 08:46:45 --> Session: Class initialized using 'CodeIgniter\Session\Handlers\FileHandler' driver.
INFO - 2024-07-11 08:46:46 --> Session: Class initialized using 'CodeIgniter\Session\Handlers\FileHandler' driver.
INFO - 2024-07-11 08:49:21 --> Session: Class initialized using 'CodeIgniter\Session\Handlers\FileHandler' driver.
INFO - 2024-07-11 08:49:21 --> Session: Class initialized using 'CodeIgniter\Session\Handlers\FileHandler' driver.
INFO - 2024-07-11 08:51:40 --> Session: Class initialized using 'CodeIgniter\Session\Handlers\FileHandler' driver.
INFO - 2024-07-11 08:51:41 --> Session: Class initialized using 'CodeIgniter\Session\Handlers\FileHandler' driver.
INFO - 2024-07-11 08:51:47 --> Session: Class initialized using 'CodeIgniter\Session\Handlers\FileHandler' driver.
INFO - 2024-07-11 08:51:48 --> Session: Class initialized using 'CodeIgniter\Session\Handlers\FileHandler' driver.
INFO - 2024-07-11 08:52:01 --> Session: Class initialized using 'CodeIgniter\Session\Handlers\FileHandler' driver.
INFO - 2024-07-11 08:52:02 --> Session: Class initialized using 'CodeIgniter\Session\Handlers\FileHandler' driver.
INFO - 2024-07-11 08:52:04 --> Session: Class initialized using 'CodeIgniter\Session\Handlers\FileHandler' driver.
INFO - 2024-07-11 08:52:05 --> Session: Class initialized using 'CodeIgniter\Session\Handlers\FileHandler' driver.
INFO - 2024-07-11 08:52:05 --> Session: Class initialized using 'CodeIgniter\Session\Handlers\FileHandler' driver.
INFO - 2024-07-11 08:52:06 --> Session: Class initialized using 'CodeIgniter\Session\Handlers\FileHandler' driver.
INFO - 2024-07-11 08:52:29 --> Session: Class initialized using 'CodeIgniter\Session\Handlers\FileHandler' driver.
INFO - 2024-07-11 08:52:30 --> Session: Class initialized using 'CodeIgniter\Session\Handlers\FileHandler' driver.
INFO - 2024-07-11 09:04:48 --> Session: Class initialized using 'CodeIgniter\Session\Handlers\FileHandler' driver.
INFO - 2024-07-11 09:04:49 --> Session: Class initialized using 'CodeIgniter\Session\Handlers\FileHandler' driver.
INFO - 2024-07-11 09:06:00 --> Session: Class initialized using 'CodeIgniter\Session\Handlers\FileHandler' driver.
INFO - 2024-07-11 09:06:01 --> Session: Class initialized using 'CodeIgniter\Session\Handlers\FileHandler' driver.
INFO - 2024-07-11 09:08:21 --> Session: Class initialized using 'CodeIgniter\Session\Handlers\FileHandler' driver.
ERROR - 2024-07-11 09:08:21 --> mysqli_sql_exception: Unknown column 'personal_data' in 'field list' in C:\xampp_7_4\htdocs\websitebinan\system\Database\MySQLi\Connection.php:295
Stack trace:
#0 C:\xampp_7_4\htdocs\websitebinan\system\Database\MySQLi\Connection.php(295): mysqli->query('INSERT INTO `ma...', 0)
#1 C:\xampp_7_4\htdocs\websitebinan\system\Database\BaseConnection.php(691): CodeIgniter\Database\MySQLi\Connection->execute('INSERT INTO `ma...')
#2 C:\xampp_7_4\htdocs\websitebinan\system\Database\BaseConnection.php(605): CodeIgniter\Database\BaseConnection->simpleQuery('INSERT INTO `ma...')
#3 C:\xampp_7_4\htdocs\websitebinan\system\Database\BaseBuilder.php(2309): CodeIgniter\Database\BaseConnection->query('INSERT INTO `ma...', Array, false)
#4 C:\xampp_7_4\htdocs\websitebinan\system\Model.php(330): CodeIgniter\Database\BaseBuilder->insert()
#5 C:\xampp_7_4\htdocs\websitebinan\system\BaseModel.php(782): CodeIgniter\Model->doInsert(Array)
#6 C:\xampp_7_4\htdocs\websitebinan\system\Model.php(730): CodeIgniter\BaseModel->insert(Array, true)
#7 C:\xampp_7_4\htdocs\websitebinan\app\Controllers\Admin.php(648): CodeIgniter\Model->insert(Array)
#8 C:\xampp_7_4\htdocs\websitebinan\system\CodeIgniter.php(934): App\Controllers\Admin->ajax('create_mayor')
#9 C:\xampp_7_4\htdocs\websitebinan\system\CodeIgniter.php(499): CodeIgniter\CodeIgniter->runController(Object(App\Controllers\Admin))
#10 C:\xampp_7_4\htdocs\websitebinan\system\CodeIgniter.php(368): CodeIgniter\CodeIgniter->handleRequest(NULL, Object(Config\Cache), false)
#11 C:\xampp_7_4\htdocs\websitebinan\public\index.php(67): CodeIgniter\CodeIgniter->run()
#12 {main}
CRITICAL - 2024-07-11 09:08:21 --> Unknown column 'personal_data' in 'field list'
in SYSTEMPATH\Database\BaseConnection.php on line 645.
 1 SYSTEMPATH\Database\BaseBuilder.php(2309): CodeIgniter\Database\BaseConnection->query('INSERT INTO `mayor_content` (`mayor_name`, `personal_data`, `yrs_service`, `awards`, `mayor_img`, `status`, `created_date`) VALUES (:mayor_name:, :personal_data:, :yrs_service:, :awards:, :mayor_img:, :status:, :created_date:)', [...], false)
 2 SYSTEMPATH\Model.php(330): CodeIgniter\Database\BaseBuilder->insert()
 3 SYSTEMPATH\BaseModel.php(782): CodeIgniter\Model->doInsert([...])
 4 SYSTEMPATH\Model.php(730): CodeIgniter\BaseModel->insert([...], true)
 5 APPPATH\Controllers\Admin.php(648): CodeIgniter\Model->insert([...])
 6 SYSTEMPATH\CodeIgniter.php(934): App\Controllers\Admin->ajax('create_mayor')
 7 SYSTEMPATH\CodeIgniter.php(499): CodeIgniter\CodeIgniter->runController(Object(App\Controllers\Admin))
 8 SYSTEMPATH\CodeIgniter.php(368): CodeIgniter\CodeIgniter->handleRequest(null, Object(Config\Cache), false)
 9 FCPATH\index.php(67): CodeIgniter\CodeIgniter->run()
INFO - 2024-07-11 09:10:15 --> Session: Class initialized using 'CodeIgniter\Session\Handlers\FileHandler' driver.
INFO - 2024-07-11 09:10:16 --> Session: Class initialized using 'CodeIgniter\Session\Handlers\FileHandler' driver.
INFO - 2024-07-11 09:10:16 --> Session: Class initialized using 'CodeIgniter\Session\Handlers\FileHandler' driver.
INFO - 2024-07-11 09:10:32 --> Session: Class initialized using 'CodeIgniter\Session\Handlers\FileHandler' driver.
INFO - 2024-07-11 09:10:34 --> Session: Class initialized using 'CodeIgniter\Session\Handlers\FileHandler' driver.
INFO - 2024-07-11 09:10:34 --> Session: Class initialized using 'CodeIgniter\Session\Handlers\FileHandler' driver.
INFO - 2024-07-11 09:10:34 --> Session: Class initialized using 'CodeIgniter\Session\Handlers\FileHandler' driver.
INFO - 2024-07-11 09:10:35 --> Session: Class initialized using 'CodeIgniter\Session\Handlers\FileHandler' driver.
INFO - 2024-07-11 09:10:48 --> Session: Class initialized using 'CodeIgniter\Session\Handlers\FileHandler' driver.
INFO - 2024-07-11 09:11:53 --> Session: Class initialized using 'CodeIgniter\Session\Handlers\FileHandler' driver.
CRITICAL - 2024-07-11 09:11:53 --> The original file is not a valid file.
in SYSTEMPATH\HTTP\Files\UploadedFile.php on line 137.
 1 SYSTEMPATH\HTTP\Files\UploadedFile.php(137): CodeIgniter\HTTP\Exceptions\HTTPException::forInvalidFile()
 2 APPPATH\Controllers\Admin.php(633): CodeIgniter\HTTP\Files\UploadedFile->move('ROOTPATH\\writable\\uploads\\MAYOR', '1720689113_7dda786bf49ff021758c')
 3 SYSTEMPATH\CodeIgniter.php(934): App\Controllers\Admin->ajax('create_mayor')
 4 SYSTEMPATH\CodeIgniter.php(499): CodeIgniter\CodeIgniter->runController(Object(App\Controllers\Admin))
 5 SYSTEMPATH\CodeIgniter.php(368): CodeIgniter\CodeIgniter->handleRequest(null, Object(Config\Cache), false)
 6 FCPATH\index.php(67): CodeIgniter\CodeIgniter->run()
INFO - 2024-07-11 09:11:59 --> Session: Class initialized using 'CodeIgniter\Session\Handlers\FileHandler' driver.
INFO - 2024-07-11 09:12:03 --> Session: Class initialized using 'CodeIgniter\Session\Handlers\FileHandler' driver.
INFO - 2024-07-11 09:14:31 --> Session: Class initialized using 'CodeIgniter\Session\Handlers\FileHandler' driver.
INFO - 2024-07-11 09:14:31 --> Session: Class initialized using 'CodeIgniter\Session\Handlers\FileHandler' driver.
INFO - 2024-07-11 09:14:31 --> Session: Class initialized using 'CodeIgniter\Session\Handlers\FileHandler' driver.
INFO - 2024-07-11 09:14:40 --> Session: Class initialized using 'CodeIgniter\Session\Handlers\FileHandler' driver.
INFO - 2024-07-11 09:14:41 --> Session: Class initialized using 'CodeIgniter\Session\Handlers\FileHandler' driver.
INFO - 2024-07-11 09:14:42 --> Session: Class initialized using 'CodeIgniter\Session\Handlers\FileHandler' driver.
INFO - 2024-07-11 09:14:42 --> Session: Class initialized using 'CodeIgniter\Session\Handlers\FileHandler' driver.
INFO - 2024-07-11 09:15:22 --> Session: Class initialized using 'CodeIgniter\Session\Handlers\FileHandler' driver.
INFO - 2024-07-11 09:15:22 --> Session: Class initialized using 'CodeIgniter\Session\Handlers\FileHandler' driver.
INFO - 2024-07-11 09:15:22 --> Session: Class initialized using 'CodeIgniter\Session\Handlers\FileHandler' driver.
INFO - 2024-07-11 09:15:47 --> Session: Class initialized using 'CodeIgniter\Session\Handlers\FileHandler' driver.
INFO - 2024-07-11 09:15:47 --> Session: Class initialized using 'CodeIgniter\Session\Handlers\FileHandler' driver.
INFO - 2024-07-11 09:15:47 --> Session: Class initialized using 'CodeIgniter\Session\Handlers\FileHandler' driver.
INFO - 2024-07-11 09:16:01 --> Session: Class initialized using 'CodeIgniter\Session\Handlers\FileHandler' driver.
INFO - 2024-07-11 09:16:01 --> Session: Class initialized using 'CodeIgniter\Session\Handlers\FileHandler' driver.
INFO - 2024-07-11 09:16:01 --> Session: Class initialized using 'CodeIgniter\Session\Handlers\FileHandler' driver.
INFO - 2024-07-11 09:16:09 --> Session: Class initialized using 'CodeIgniter\Session\Handlers\FileHandler' driver.
INFO - 2024-07-11 09:16:09 --> Session: Class initialized using 'CodeIgniter\Session\Handlers\FileHandler' driver.
INFO - 2024-07-11 09:16:10 --> Session: Class initialized using 'CodeIgniter\Session\Handlers\FileHandler' driver.
INFO - 2024-07-11 09:16:17 --> Session: Class initialized using 'CodeIgniter\Session\Handlers\FileHandler' driver.
INFO - 2024-07-11 09:16:17 --> Session: Class initialized using 'CodeIgniter\Session\Handlers\FileHandler' driver.
INFO - 2024-07-11 09:16:17 --> Session: Class initialized using 'CodeIgniter\Session\Handlers\FileHandler' driver.
INFO - 2024-07-11 09:16:56 --> Session: Class initialized using 'CodeIgniter\Session\Handlers\FileHandler' driver.
INFO - 2024-07-11 09:16:57 --> Session: Class initialized using 'CodeIgniter\Session\Handlers\FileHandler' driver.
INFO - 2024-07-11 09:16:58 --> Session: Class initialized using 'CodeIgniter\Session\Handlers\FileHandler' driver.
INFO - 2024-07-11 09:16:58 --> Session: Class initialized using 'CodeIgniter\Session\Handlers\FileHandler' driver.
INFO - 2024-07-11 09:16:58 --> Session: Class initialized using 'CodeIgniter\Session\Handlers\FileHandler' driver.
INFO - 2024-07-11 09:17:01 --> Session: Class initialized using 'CodeIgniter\Session\Handlers\FileHandler' driver.
INFO - 2024-07-11 09:17:01 --> Session: Class initialized using 'CodeIgniter\Session\Handlers\FileHandler' driver.
INFO - 2024-07-11 09:17:01 --> Session: Class initialized using 'CodeIgniter\Session\Handlers\FileHandler' driver.
INFO - 2024-07-11 09:17:05 --> Session: Class initialized using 'CodeIgniter\Session\Handlers\FileHandler' driver.
INFO - 2024-07-11 09:17:05 --> Session: Class initialized using 'CodeIgniter\Session\Handlers\FileHandler' driver.
INFO - 2024-07-11 09:17:05 --> Session: Class initialized using 'CodeIgniter\Session\Handlers\FileHandler' driver.
INFO - 2024-07-11 09:20:23 --> Session: Class initialized using 'CodeIgniter\Session\Handlers\FileHandler' driver.
INFO - 2024-07-11 09:20:27 --> Session: Class initialized using 'CodeIgniter\Session\Handlers\FileHandler' driver.
INFO - 2024-07-11 09:23:14 --> Session: Class initialized using 'CodeIgniter\Session\Handlers\FileHandler' driver.
INFO - 2024-07-11 09:23:14 --> Session: Class initialized using 'CodeIgniter\Session\Handlers\FileHandler' driver.
INFO - 2024-07-11 09:23:14 --> Session: Class initialized using 'CodeIgniter\Session\Handlers\FileHandler' driver.
INFO - 2024-07-11 09:23:16 --> Session: Class initialized using 'CodeIgniter\Session\Handlers\FileHandler' driver.
INFO - 2024-07-11 09:23:17 --> Session: Class initialized using 'CodeIgniter\Session\Handlers\FileHandler' driver.
INFO - 2024-07-11 09:23:46 --> Session: Class initialized using 'CodeIgniter\Session\Handlers\FileHandler' driver.
INFO - 2024-07-11 09:23:48 --> Session: Class initialized using 'CodeIgniter\Session\Handlers\FileHandler' driver.
INFO - 2024-07-11 09:23:49 --> Session: Class initialized using 'CodeIgniter\Session\Handlers\FileHandler' driver.
INFO - 2024-07-11 09:23:52 --> Session: Class initialized using 'CodeIgniter\Session\Handlers\FileHandler' driver.
INFO - 2024-07-11 09:23:58 --> Session: Class initialized using 'CodeIgniter\Session\Handlers\FileHandler' driver.
INFO - 2024-07-11 09:45:27 --> Session: Class initialized using 'CodeIgniter\Session\Handlers\FileHandler' driver.
INFO - 2024-07-11 09:45:28 --> Session: Class initialized using 'CodeIgniter\Session\Handlers\FileHandler' driver.
INFO - 2024-07-11 09:45:28 --> Session: Class initialized using 'CodeIgniter\Session\Handlers\FileHandler' driver.
INFO - 2024-07-11 09:45:29 --> Session: Class initialized using 'CodeIgniter\Session\Handlers\FileHandler' driver.
INFO - 2024-07-11 09:45:36 --> Session: Class initialized using 'CodeIgniter\Session\Handlers\FileHandler' driver.
INFO - 2024-07-11 09:45:37 --> Session: Class initialized using 'CodeIgniter\Session\Handlers\FileHandler' driver.
INFO - 2024-07-11 09:45:37 --> Session: Class initialized using 'CodeIgniter\Session\Handlers\FileHandler' driver.
INFO - 2024-07-11 09:45:38 --> Session: Class initialized using 'CodeIgniter\Session\Handlers\FileHandler' driver.
INFO - 2024-07-11 09:46:31 --> Session: Class initialized using 'CodeIgniter\Session\Handlers\FileHandler' driver.
INFO - 2024-07-11 09:46:31 --> Session: Class initialized using 'CodeIgniter\Session\Handlers\FileHandler' driver.
INFO - 2024-07-11 09:46:31 --> Session: Class initialized using 'CodeIgniter\Session\Handlers\FileHandler' driver.
INFO - 2024-07-11 09:46:34 --> Session: Class initialized using 'CodeIgniter\Session\Handlers\FileHandler' driver.
INFO - 2024-07-11 09:48:38 --> Session: Class initialized using 'CodeIgniter\Session\Handlers\FileHandler' driver.
INFO - 2024-07-11 09:48:38 --> Session: Class initialized using 'CodeIgniter\Session\Handlers\FileHandler' driver.
INFO - 2024-07-11 09:48:38 --> Session: Class initialized using 'CodeIgniter\Session\Handlers\FileHandler' driver.
INFO - 2024-07-11 09:49:24 --> Session: Class initialized using 'CodeIgniter\Session\Handlers\FileHandler' driver.
INFO - 2024-07-11 09:49:24 --> Session: Class initialized using 'CodeIgniter\Session\Handlers\FileHandler' driver.
INFO - 2024-07-11 09:49:24 --> Session: Class initialized using 'CodeIgniter\Session\Handlers\FileHandler' driver.
INFO - 2024-07-11 09:49:30 --> Session: Class initialized using 'CodeIgniter\Session\Handlers\FileHandler' driver.
INFO - 2024-07-11 09:49:31 --> Session: Class initialized using 'CodeIgniter\Session\Handlers\FileHandler' driver.
INFO - 2024-07-11 09:49:31 --> Session: Class initialized using 'CodeIgniter\Session\Handlers\FileHandler' driver.
INFO - 2024-07-11 09:49:33 --> Session: Class initialized using 'CodeIgniter\Session\Handlers\FileHandler' driver.
INFO - 2024-07-11 09:49:33 --> Session: Class initialized using 'CodeIgniter\Session\Handlers\FileHandler' driver.
INFO - 2024-07-11 09:49:33 --> Session: Class initialized using 'CodeIgniter\Session\Handlers\FileHandler' driver.
INFO - 2024-07-11 09:50:06 --> Session: Class initialized using 'CodeIgniter\Session\Handlers\FileHandler' driver.
INFO - 2024-07-11 09:50:06 --> Session: Class initialized using 'CodeIgniter\Session\Handlers\FileHandler' driver.
INFO - 2024-07-11 09:50:06 --> Session: Class initialized using 'CodeIgniter\Session\Handlers\FileHandler' driver.
INFO - 2024-07-11 10:02:42 --> Session: Class initialized using 'CodeIgniter\Session\Handlers\FileHandler' driver.
INFO - 2024-07-11 10:02:42 --> Session: Class initialized using 'CodeIgniter\Session\Handlers\FileHandler' driver.
INFO - 2024-07-11 10:02:42 --> Session: Class initialized using 'CodeIgniter\Session\Handlers\FileHandler' driver.
INFO - 2024-07-11 10:03:14 --> Session: Class initialized using 'CodeIgniter\Session\Handlers\FileHandler' driver.
INFO - 2024-07-11 10:03:14 --> Session: Class initialized using 'CodeIgniter\Session\Handlers\FileHandler' driver.
INFO - 2024-07-11 10:03:14 --> Session: Class initialized using 'CodeIgniter\Session\Handlers\FileHandler' driver.
INFO - 2024-07-11 10:03:14 --> Session: Class initialized using 'CodeIgniter\Session\Handlers\FileHandler' driver.
ERROR - 2024-07-11 10:03:14 --> File not found: C:\xampp_7_4\htdocs\websitebinan\writable\uploads\MAYOR\[
INFO - 2024-07-11 10:03:24 --> Session: Class initialized using 'CodeIgniter\Session\Handlers\FileHandler' driver.
INFO - 2024-07-11 10:04:46 --> Session: Class initialized using 'CodeIgniter\Session\Handlers\FileHandler' driver.
INFO - 2024-07-11 10:04:46 --> Session: Class initialized using 'CodeIgniter\Session\Handlers\FileHandler' driver.
INFO - 2024-07-11 10:04:46 --> Session: Class initialized using 'CodeIgniter\Session\Handlers\FileHandler' driver.
INFO - 2024-07-11 10:04:46 --> Session: Class initialized using 'CodeIgniter\Session\Handlers\FileHandler' driver.
ERROR - 2024-07-11 10:04:46 --> File not found: C:\xampp_7_4\htdocs\websitebinan\writable\uploads\MAYOR\[
INFO - 2024-07-11 10:05:20 --> Session: Class initialized using 'CodeIgniter\Session\Handlers\FileHandler' driver.
INFO - 2024-07-11 10:05:20 --> Session: Class initialized using 'CodeIgniter\Session\Handlers\FileHandler' driver.
INFO - 2024-07-11 10:05:20 --> Session: Class initialized using 'CodeIgniter\Session\Handlers\FileHandler' driver.
INFO - 2024-07-11 10:05:20 --> Session: Class initialized using 'CodeIgniter\Session\Handlers\FileHandler' driver.
ERROR - 2024-07-11 10:05:20 --> File not found: C:\xampp_7_4\htdocs\websitebinan\writable\uploads\MAYOR\[
INFO - 2024-07-11 10:05:21 --> Session: Class initialized using 'CodeIgniter\Session\Handlers\FileHandler' driver.
INFO - 2024-07-11 10:05:45 --> Session: Class initialized using 'CodeIgniter\Session\Handlers\FileHandler' driver.
INFO - 2024-07-11 10:05:52 --> Session: Class initialized using 'CodeIgniter\Session\Handlers\FileHandler' driver.
INFO - 2024-07-11 10:05:53 --> Session: Class initialized using 'CodeIgniter\Session\Handlers\FileHandler' driver.
INFO - 2024-07-11 10:05:53 --> Session: Class initialized using 'CodeIgniter\Session\Handlers\FileHandler' driver.
ERROR - 2024-07-11 10:05:53 --> File not found: C:\xampp_7_4\htdocs\websitebinan\writable\uploads\MAYOR\[
INFO - 2024-07-11 10:05:55 --> Session: Class initialized using 'CodeIgniter\Session\Handlers\FileHandler' driver.
INFO - 2024-07-11 10:05:59 --> Session: Class initialized using 'CodeIgniter\Session\Handlers\FileHandler' driver.
INFO - 2024-07-11 10:06:01 --> Session: Class initialized using 'CodeIgniter\Session\Handlers\FileHandler' driver.
INFO - 2024-07-11 10:06:16 --> Session: Class initialized using 'CodeIgniter\Session\Handlers\FileHandler' driver.
INFO - 2024-07-11 10:06:17 --> Session: Class initialized using 'CodeIgniter\Session\Handlers\FileHandler' driver.
INFO - 2024-07-11 10:06:17 --> Session: Class initialized using 'CodeIgniter\Session\Handlers\FileHandler' driver.
ERROR - 2024-07-11 10:06:17 --> File not found: C:\xampp_7_4\htdocs\websitebinan\writable\uploads\MAYOR\[
INFO - 2024-07-11 10:06:19 --> Session: Class initialized using 'CodeIgniter\Session\Handlers\FileHandler' driver.
INFO - 2024-07-11 10:06:29 --> Session: Class initialized using 'CodeIgniter\Session\Handlers\FileHandler' driver.
INFO - 2024-07-11 10:10:57 --> Session: Class initialized using 'CodeIgniter\Session\Handlers\FileHandler' driver.
INFO - 2024-07-11 10:10:57 --> Session: Class initialized using 'CodeIgniter\Session\Handlers\FileHandler' driver.
INFO - 2024-07-11 10:13:42 --> Session: Class initialized using 'CodeIgniter\Session\Handlers\FileHandler' driver.
INFO - 2024-07-11 10:13:43 --> Session: Class initialized using 'CodeIgniter\Session\Handlers\FileHandler' driver.
INFO - 2024-07-11 10:13:43 --> Session: Class initialized using 'CodeIgniter\Session\Handlers\FileHandler' driver.
INFO - 2024-07-11 10:13:43 --> Session: Class initialized using 'CodeIgniter\Session\Handlers\FileHandler' driver.
INFO - 2024-07-11 10:13:43 --> Session: Class initialized using 'CodeIgniter\Session\Handlers\FileHandler' driver.
INFO - 2024-07-11 10:13:49 --> Session: Class initialized using 'CodeIgniter\Session\Handlers\FileHandler' driver.
INFO - 2024-07-11 10:13:54 --> Session: Class initialized using 'CodeIgniter\Session\Handlers\FileHandler' driver.
INFO - 2024-07-11 10:13:59 --> Session: Class initialized using 'CodeIgniter\Session\Handlers\FileHandler' driver.
INFO - 2024-07-11 10:14:07 --> Session: Class initialized using 'CodeIgniter\Session\Handlers\FileHandler' driver.
INFO - 2024-07-11 10:14:13 --> Session: Class initialized using 'CodeIgniter\Session\Handlers\FileHandler' driver.
INFO - 2024-07-11 10:14:14 --> Session: Class initialized using 'CodeIgniter\Session\Handlers\FileHandler' driver.
INFO - 2024-07-11 10:14:14 --> Session: Class initialized using 'CodeIgniter\Session\Handlers\FileHandler' driver.
INFO - 2024-07-11 10:14:16 --> Session: Class initialized using 'CodeIgniter\Session\Handlers\FileHandler' driver.
INFO - 2024-07-11 10:14:37 --> Session: Class initialized using 'CodeIgniter\Session\Handlers\FileHandler' driver.
INFO - 2024-07-11 10:14:44 --> Session: Class initialized using 'CodeIgniter\Session\Handlers\FileHandler' driver.
INFO - 2024-07-11 10:14:44 --> Session: Class initialized using 'CodeIgniter\Session\Handlers\FileHandler' driver.
INFO - 2024-07-11 10:14:44 --> Session: Class initialized using 'CodeIgniter\Session\Handlers\FileHandler' driver.
INFO - 2024-07-11 10:14:44 --> Session: Class initialized using 'CodeIgniter\Session\Handlers\FileHandler' driver.
INFO - 2024-07-11 10:14:50 --> Session: Class initialized using 'CodeIgniter\Session\Handlers\FileHandler' driver.
INFO - 2024-07-11 10:14:51 --> Session: Class initialized using 'CodeIgniter\Session\Handlers\FileHandler' driver.
INFO - 2024-07-11 10:14:51 --> Session: Class initialized using 'CodeIgniter\Session\Handlers\FileHandler' driver.
INFO - 2024-07-11 10:14:51 --> Session: Class initialized using 'CodeIgniter\Session\Handlers\FileHandler' driver.
INFO - 2024-07-11 10:14:52 --> Session: Class initialized using 'CodeIgniter\Session\Handlers\FileHandler' driver.
INFO - 2024-07-11 10:15:08 --> Session: Class initialized using 'CodeIgniter\Session\Handlers\FileHandler' driver.
INFO - 2024-07-11 10:15:08 --> Session: Class initialized using 'CodeIgniter\Session\Handlers\FileHandler' driver.
INFO - 2024-07-11 10:15:08 --> Session: Class initialized using 'CodeIgniter\Session\Handlers\FileHandler' driver.
INFO - 2024-07-11 10:15:08 --> Session: Class initialized using 'CodeIgniter\Session\Handlers\FileHandler' driver.
INFO - 2024-07-11 10:15:17 --> Session: Class initialized using 'CodeIgniter\Session\Handlers\FileHandler' driver.
INFO - 2024-07-11 10:15:17 --> Session: Class initialized using 'CodeIgniter\Session\Handlers\FileHandler' driver.
INFO - 2024-07-11 10:15:17 --> Session: Class initialized using 'CodeIgniter\Session\Handlers\FileHandler' driver.
INFO - 2024-07-11 10:15:45 --> Session: Class initialized using 'CodeIgniter\Session\Handlers\FileHandler' driver.
INFO - 2024-07-11 10:15:45 --> Session: Class initialized using 'CodeIgniter\Session\Handlers\FileHandler' driver.
INFO - 2024-07-11 10:15:45 --> Session: Class initialized using 'CodeIgniter\Session\Handlers\FileHandler' driver.
INFO - 2024-07-11 10:15:45 --> Session: Class initialized using 'CodeIgniter\Session\Handlers\FileHandler' driver.
INFO - 2024-07-11 10:15:50 --> Session: Class initialized using 'CodeIgniter\Session\Handlers\FileHandler' driver.
INFO - 2024-07-11 10:17:02 --> Session: Class initialized using 'CodeIgniter\Session\Handlers\FileHandler' driver.
INFO - 2024-07-11 10:17:05 --> Session: Class initialized using 'CodeIgniter\Session\Handlers\FileHandler' driver.
INFO - 2024-07-11 10:18:03 --> Session: Class initialized using 'CodeIgniter\Session\Handlers\FileHandler' driver.
INFO - 2024-07-11 10:18:03 --> Session: Class initialized using 'CodeIgniter\Session\Handlers\FileHandler' driver.
INFO - 2024-07-11 10:18:03 --> Session: Class initialized using 'CodeIgniter\Session\Handlers\FileHandler' driver.
INFO - 2024-07-11 10:18:03 --> Session: Class initialized using 'CodeIgniter\Session\Handlers\FileHandler' driver.
INFO - 2024-07-11 10:18:04 --> Session: Class initialized using 'CodeIgniter\Session\Handlers\FileHandler' driver.
INFO - 2024-07-11 10:18:07 --> Session: Class initialized using 'CodeIgniter\Session\Handlers\FileHandler' driver.
INFO - 2024-07-11 10:18:24 --> Session: Class initialized using 'CodeIgniter\Session\Handlers\FileHandler' driver.
INFO - 2024-07-11 10:18:24 --> Session: Class initialized using 'CodeIgniter\Session\Handlers\FileHandler' driver.
INFO - 2024-07-11 10:18:24 --> Session: Class initialized using 'CodeIgniter\Session\Handlers\FileHandler' driver.
CRITICAL - 2024-07-11 10:18:26 --> Undefined property: stdClass::$personal_data
in APPPATH\Views\mayor_page.php on line 65.
 1 APPPATH\Views\mayor_page.php(65): CodeIgniter\Debug\Exceptions->errorHandler(8, 'Undefined property: stdClass::$personal_data', 'APPPATH\\Views\\mayor_page.php', 65, [...])
 2 SYSTEMPATH\View\View.php(213): include('APPPATH\\Views\\mayor_page.php')
 3 SYSTEMPATH\View\View.php(216): CodeIgniter\View\View->CodeIgniter\View\{closure}()
 4 SYSTEMPATH\Common.php(1184): CodeIgniter\View\View->render('mayor_page', [], true)
 5 APPPATH\Controllers\Home.php(41): view('mayor_page', [...])
 6 SYSTEMPATH\CodeIgniter.php(934): App\Controllers\Home->mayor()
 7 SYSTEMPATH\CodeIgniter.php(499): CodeIgniter\CodeIgniter->runController(Object(App\Controllers\Home))
 8 SYSTEMPATH\CodeIgniter.php(368): CodeIgniter\CodeIgniter->handleRequest(null, Object(Config\Cache), false)
 9 FCPATH\index.php(67): CodeIgniter\CodeIgniter->run()
INFO - 2024-07-11 10:19:13 --> Session: Class initialized using 'CodeIgniter\Session\Handlers\FileHandler' driver.
INFO - 2024-07-11 10:19:13 --> Session: Class initialized using 'CodeIgniter\Session\Handlers\FileHandler' driver.
INFO - 2024-07-11 10:19:14 --> Session: Class initialized using 'CodeIgniter\Session\Handlers\FileHandler' driver.
INFO - 2024-07-11 10:19:14 --> Session: Class initialized using 'CodeIgniter\Session\Handlers\FileHandler' driver.
INFO - 2024-07-11 10:19:15 --> Session: Class initialized using 'CodeIgniter\Session\Handlers\FileHandler' driver.
INFO - 2024-07-11 10:19:21 --> Session: Class initialized using 'CodeIgniter\Session\Handlers\FileHandler' driver.
INFO - 2024-07-11 10:19:25 --> Session: Class initialized using 'CodeIgniter\Session\Handlers\FileHandler' driver.
INFO - 2024-07-11 10:19:39 --> Session: Class initialized using 'CodeIgniter\Session\Handlers\FileHandler' driver.
INFO - 2024-07-11 10:19:40 --> Session: Class initialized using 'CodeIgniter\Session\Handlers\FileHandler' driver.
INFO - 2024-07-11 10:19:40 --> Session: Class initialized using 'CodeIgniter\Session\Handlers\FileHandler' driver.
INFO - 2024-07-11 10:19:50 --> Session: Class initialized using 'CodeIgniter\Session\Handlers\FileHandler' driver.
INFO - 2024-07-11 10:21:47 --> Session: Class initialized using 'CodeIgniter\Session\Handlers\FileHandler' driver.
INFO - 2024-07-11 10:21:48 --> Session: Class initialized using 'CodeIgniter\Session\Handlers\FileHandler' driver.
INFO - 2024-07-11 10:21:48 --> Session: Class initialized using 'CodeIgniter\Session\Handlers\FileHandler' driver.
INFO - 2024-07-11 10:21:49 --> Session: Class initialized using 'CodeIgniter\Session\Handlers\FileHandler' driver.
INFO - 2024-07-11 10:21:57 --> Session: Class initialized using 'CodeIgniter\Session\Handlers\FileHandler' driver.
INFO - 2024-07-11 10:21:58 --> Session: Class initialized using 'CodeIgniter\Session\Handlers\FileHandler' driver.
INFO - 2024-07-11 10:22:01 --> Session: Class initialized using 'CodeIgniter\Session\Handlers\FileHandler' driver.
INFO - 2024-07-11 10:22:21 --> Session: Class initialized using 'CodeIgniter\Session\Handlers\FileHandler' driver.
INFO - 2024-07-11 10:22:21 --> Session: Class initialized using 'CodeIgniter\Session\Handlers\FileHandler' driver.
INFO - 2024-07-11 10:22:23 --> Session: Class initialized using 'CodeIgniter\Session\Handlers\FileHandler' driver.
INFO - 2024-07-11 10:22:30 --> Session: Class initialized using 'CodeIgniter\Session\Handlers\FileHandler' driver.
INFO - 2024-07-11 10:22:31 --> Session: Class initialized using 'CodeIgniter\Session\Handlers\FileHandler' driver.
INFO - 2024-07-11 10:22:31 --> Session: Class initialized using 'CodeIgniter\Session\Handlers\FileHandler' driver.
INFO - 2024-07-11 10:22:31 --> Session: Class initialized using 'CodeIgniter\Session\Handlers\FileHandler' driver.
INFO - 2024-07-11 10:22:33 --> Session: Class initialized using 'CodeIgniter\Session\Handlers\FileHandler' driver.
INFO - 2024-07-11 10:22:40 --> Session: Class initialized using 'CodeIgniter\Session\Handlers\FileHandler' driver.
INFO - 2024-07-11 10:22:45 --> Session: Class initialized using 'CodeIgniter\Session\Handlers\FileHandler' driver.
INFO - 2024-07-11 10:22:45 --> Session: Class initialized using 'CodeIgniter\Session\Handlers\FileHandler' driver.
INFO - 2024-07-11 10:22:45 --> Session: Class initialized using 'CodeIgniter\Session\Handlers\FileHandler' driver.
INFO - 2024-07-11 10:22:45 --> Session: Class initialized using 'CodeIgniter\Session\Handlers\FileHandler' driver.
INFO - 2024-07-11 10:22:45 --> Session: Class initialized using 'CodeIgniter\Session\Handlers\FileHandler' driver.
INFO - 2024-07-11 10:22:47 --> Session: Class initialized using 'CodeIgniter\Session\Handlers\FileHandler' driver.
INFO - 2024-07-11 10:22:52 --> Session: Class initialized using 'CodeIgniter\Session\Handlers\FileHandler' driver.
INFO - 2024-07-11 10:22:53 --> Session: Class initialized using 'CodeIgniter\Session\Handlers\FileHandler' driver.
INFO - 2024-07-11 10:22:53 --> Session: Class initialized using 'CodeIgniter\Session\Handlers\FileHandler' driver.
INFO - 2024-07-11 10:22:53 --> Session: Class initialized using 'CodeIgniter\Session\Handlers\FileHandler' driver.
INFO - 2024-07-11 10:22:53 --> Session: Class initialized using 'CodeIgniter\Session\Handlers\FileHandler' driver.
INFO - 2024-07-11 10:22:54 --> Session: Class initialized using 'CodeIgniter\Session\Handlers\FileHandler' driver.
INFO - 2024-07-11 10:23:33 --> Session: Class initialized using 'CodeIgniter\Session\Handlers\FileHandler' driver.
INFO - 2024-07-11 10:23:33 --> Session: Class initialized using 'CodeIgniter\Session\Handlers\FileHandler' driver.
INFO - 2024-07-11 10:23:34 --> Session: Class initialized using 'CodeIgniter\Session\Handlers\FileHandler' driver.
INFO - 2024-07-11 10:23:34 --> Session: Class initialized using 'CodeIgniter\Session\Handlers\FileHandler' driver.
INFO - 2024-07-11 10:23:34 --> Session: Class initialized using 'CodeIgniter\Session\Handlers\FileHandler' driver.
INFO - 2024-07-11 10:23:38 --> Session: Class initialized using 'CodeIgniter\Session\Handlers\FileHandler' driver.
INFO - 2024-07-11 10:23:42 --> Session: Class initialized using 'CodeIgniter\Session\Handlers\FileHandler' driver.
INFO - 2024-07-11 10:23:45 --> Session: Class initialized using 'CodeIgniter\Session\Handlers\FileHandler' driver.
INFO - 2024-07-11 10:23:45 --> Session: Class initialized using 'CodeIgniter\Session\Handlers\FileHandler' driver.
INFO - 2024-07-11 10:23:45 --> Session: Class initialized using 'CodeIgniter\Session\Handlers\FileHandler' driver.
INFO - 2024-07-11 10:23:45 --> Session: Class initialized using 'CodeIgniter\Session\Handlers\FileHandler' driver.
INFO - 2024-07-11 10:23:45 --> Session: Class initialized using 'CodeIgniter\Session\Handlers\FileHandler' driver.
INFO - 2024-07-11 10:23:47 --> Session: Class initialized using 'CodeIgniter\Session\Handlers\FileHandler' driver.
INFO - 2024-07-11 10:23:50 --> Session: Class initialized using 'CodeIgniter\Session\Handlers\FileHandler' driver.
INFO - 2024-07-11 10:23:52 --> Session: Class initialized using 'CodeIgniter\Session\Handlers\FileHandler' driver.
INFO - 2024-07-11 10:23:52 --> Session: Class initialized using 'CodeIgniter\Session\Handlers\FileHandler' driver.
INFO - 2024-07-11 10:23:52 --> Session: Class initialized using 'CodeIgniter\Session\Handlers\FileHandler' driver.
INFO - 2024-07-11 10:24:18 --> Session: Class initialized using 'CodeIgniter\Session\Handlers\FileHandler' driver.
INFO - 2024-07-11 10:24:18 --> Session: Class initialized using 'CodeIgniter\Session\Handlers\FileHandler' driver.
INFO - 2024-07-11 10:24:18 --> Session: Class initialized using 'CodeIgniter\Session\Handlers\FileHandler' driver.
INFO - 2024-07-11 10:24:20 --> Session: Class initialized using 'CodeIgniter\Session\Handlers\FileHandler' driver.
INFO - 2024-07-11 10:24:25 --> Session: Class initialized using 'CodeIgniter\Session\Handlers\FileHandler' driver.
INFO - 2024-07-11 10:24:26 --> Session: Class initialized using 'CodeIgniter\Session\Handlers\FileHandler' driver.
INFO - 2024-07-11 10:24:26 --> Session: Class initialized using 'CodeIgniter\Session\Handlers\FileHandler' driver.
INFO - 2024-07-11 10:24:26 --> Session: Class initialized using 'CodeIgniter\Session\Handlers\FileHandler' driver.
INFO - 2024-07-11 10:24:28 --> Session: Class initialized using 'CodeIgniter\Session\Handlers\FileHandler' driver.
INFO - 2024-07-11 10:24:38 --> Session: Class initialized using 'CodeIgniter\Session\Handlers\FileHandler' driver.
INFO - 2024-07-11 10:24:40 --> Session: Class initialized using 'CodeIgniter\Session\Handlers\FileHandler' driver.
INFO - 2024-07-11 10:24:40 --> Session: Class initialized using 'CodeIgniter\Session\Handlers\FileHandler' driver.
INFO - 2024-07-11 10:24:41 --> Session: Class initialized using 'CodeIgniter\Session\Handlers\FileHandler' driver.
INFO - 2024-07-11 10:24:41 --> Session: Class initialized using 'CodeIgniter\Session\Handlers\FileHandler' driver.
INFO - 2024-07-11 10:24:41 --> Session: Class initialized using 'CodeIgniter\Session\Handlers\FileHandler' driver.
INFO - 2024-07-11 10:24:41 --> Session: Class initialized using 'CodeIgniter\Session\Handlers\FileHandler' driver.
INFO - 2024-07-11 10:24:41 --> Session: Class initialized using 'CodeIgniter\Session\Handlers\FileHandler' driver.
INFO - 2024-07-11 10:24:45 --> Session: Class initialized using 'CodeIgniter\Session\Handlers\FileHandler' driver.
INFO - 2024-07-11 10:24:49 --> Session: Class initialized using 'CodeIgniter\Session\Handlers\FileHandler' driver.
INFO - 2024-07-11 10:24:50 --> Session: Class initialized using 'CodeIgniter\Session\Handlers\FileHandler' driver.
INFO - 2024-07-11 10:24:50 --> Session: Class initialized using 'CodeIgniter\Session\Handlers\FileHandler' driver.
INFO - 2024-07-11 10:24:50 --> Session: Class initialized using 'CodeIgniter\Session\Handlers\FileHandler' driver.
INFO - 2024-07-11 10:24:50 --> Session: Class initialized using 'CodeIgniter\Session\Handlers\FileHandler' driver.
INFO - 2024-07-11 10:24:50 --> Session: Class initialized using 'CodeIgniter\Session\Handlers\FileHandler' driver.
INFO - 2024-07-11 10:24:50 --> Session: Class initialized using 'CodeIgniter\Session\Handlers\FileHandler' driver.
INFO - 2024-07-11 10:24:54 --> Session: Class initialized using 'CodeIgniter\Session\Handlers\FileHandler' driver.
INFO - 2024-07-11 10:24:54 --> Session: Class initialized using 'CodeIgniter\Session\Handlers\FileHandler' driver.
INFO - 2024-07-11 10:24:54 --> Session: Class initialized using 'CodeIgniter\Session\Handlers\FileHandler' driver.
INFO - 2024-07-11 10:24:54 --> Session: Class initialized using 'CodeIgniter\Session\Handlers\FileHandler' driver.
INFO - 2024-07-11 10:24:54 --> Session: Class initialized using 'CodeIgniter\Session\Handlers\FileHandler' driver.
INFO - 2024-07-11 10:24:54 --> Session: Class initialized using 'CodeIgniter\Session\Handlers\FileHandler' driver.
INFO - 2024-07-11 10:24:54 --> Session: Class initialized using 'CodeIgniter\Session\Handlers\FileHandler' driver.
INFO - 2024-07-11 10:25:18 --> Session: Class initialized using 'CodeIgniter\Session\Handlers\FileHandler' driver.
INFO - 2024-07-11 10:25:19 --> Session: Class initialized using 'CodeIgniter\Session\Handlers\FileHandler' driver.
INFO - 2024-07-11 10:25:19 --> Session: Class initialized using 'CodeIgniter\Session\Handlers\FileHandler' driver.
INFO - 2024-07-11 10:25:19 --> Session: Class initialized using 'CodeIgniter\Session\Handlers\FileHandler' driver.
INFO - 2024-07-11 10:25:19 --> Session: Class initialized using 'CodeIgniter\Session\Handlers\FileHandler' driver.
INFO - 2024-07-11 10:25:19 --> Session: Class initialized using 'CodeIgniter\Session\Handlers\FileHandler' driver.
INFO - 2024-07-11 10:25:19 --> Session: Class initialized using 'CodeIgniter\Session\Handlers\FileHandler' driver.
INFO - 2024-07-11 10:25:25 --> Session: Class initialized using 'CodeIgniter\Session\Handlers\FileHandler' driver.
INFO - 2024-07-11 10:25:25 --> Session: Class initialized using 'CodeIgniter\Session\Handlers\FileHandler' driver.
INFO - 2024-07-11 10:25:25 --> Session: Class initialized using 'CodeIgniter\Session\Handlers\FileHandler' driver.
INFO - 2024-07-11 10:25:25 --> Session: Class initialized using 'CodeIgniter\Session\Handlers\FileHandler' driver.
INFO - 2024-07-11 10:25:25 --> Session: Class initialized using 'CodeIgniter\Session\Handlers\FileHandler' driver.
INFO - 2024-07-11 10:25:25 --> Session: Class initialized using 'CodeIgniter\Session\Handlers\FileHandler' driver.
INFO - 2024-07-11 10:25:25 --> Session: Class initialized using 'CodeIgniter\Session\Handlers\FileHandler' driver.
INFO - 2024-07-11 10:25:25 --> Session: Class initialized using 'CodeIgniter\Session\Handlers\FileHandler' driver.
INFO - 2024-07-11 10:25:25 --> Session: Class initialized using 'CodeIgniter\Session\Handlers\FileHandler' driver.
INFO - 2024-07-11 10:25:25 --> Session: Class initialized using 'CodeIgniter\Session\Handlers\FileHandler' driver.
INFO - 2024-07-11 10:25:26 --> Session: Class initialized using 'CodeIgniter\Session\Handlers\FileHandler' driver.
INFO - 2024-07-11 10:25:26 --> Session: Class initialized using 'CodeIgniter\Session\Handlers\FileHandler' driver.
INFO - 2024-07-11 10:25:26 --> Session: Class initialized using 'CodeIgniter\Session\Handlers\FileHandler' driver.
INFO - 2024-07-11 10:25:26 --> Session: Class initialized using 'CodeIgniter\Session\Handlers\FileHandler' driver.
INFO - 2024-07-11 10:25:26 --> Session: Class initialized using 'CodeIgniter\Session\Handlers\FileHandler' driver.
INFO - 2024-07-11 10:25:26 --> Session: Class initialized using 'CodeIgniter\Session\Handlers\FileHandler' driver.
INFO - 2024-07-11 10:25:26 --> Session: Class initialized using 'CodeIgniter\Session\Handlers\FileHandler' driver.
INFO - 2024-07-11 10:25:26 --> Session: Class initialized using 'CodeIgniter\Session\Handlers\FileHandler' driver.
INFO - 2024-07-11 10:25:26 --> Session: Class initialized using 'CodeIgniter\Session\Handlers\FileHandler' driver.
INFO - 2024-07-11 10:25:26 --> Session: Class initialized using 'CodeIgniter\Session\Handlers\FileHandler' driver.
INFO - 2024-07-11 10:25:26 --> Session: Class initialized using 'CodeIgniter\Session\Handlers\FileHandler' driver.
INFO - 2024-07-11 10:25:26 --> Session: Class initialized using 'CodeIgniter\Session\Handlers\FileHandler' driver.
INFO - 2024-07-11 10:25:26 --> Session: Class initialized using 'CodeIgniter\Session\Handlers\FileHandler' driver.
INFO - 2024-07-11 10:25:26 --> Session: Class initialized using 'CodeIgniter\Session\Handlers\FileHandler' driver.
INFO - 2024-07-11 10:25:26 --> Session: Class initialized using 'CodeIgniter\Session\Handlers\FileHandler' driver.
INFO - 2024-07-11 10:25:26 --> Session: Class initialized using 'CodeIgniter\Session\Handlers\FileHandler' driver.
INFO - 2024-07-11 10:25:26 --> Session: Class initialized using 'CodeIgniter\Session\Handlers\FileHandler' driver.
INFO - 2024-07-11 10:25:26 --> Session: Class initialized using 'CodeIgniter\Session\Handlers\FileHandler' driver.
INFO - 2024-07-11 10:25:26 --> Session: Class initialized using 'CodeIgniter\Session\Handlers\FileHandler' driver.
INFO - 2024-07-11 10:25:26 --> Session: Class initialized using 'CodeIgniter\Session\Handlers\FileHandler' driver.
INFO - 2024-07-11 10:25:26 --> Session: Class initialized using 'CodeIgniter\Session\Handlers\FileHandler' driver.
INFO - 2024-07-11 10:25:27 --> Session: Class initialized using 'CodeIgniter\Session\Handlers\FileHandler' driver.
INFO - 2024-07-11 10:25:27 --> Session: Class initialized using 'CodeIgniter\Session\Handlers\FileHandler' driver.
INFO - 2024-07-11 10:25:27 --> Session: Class initialized using 'CodeIgniter\Session\Handlers\FileHandler' driver.
INFO - 2024-07-11 10:25:27 --> Session: Class initialized using 'CodeIgniter\Session\Handlers\FileHandler' driver.
INFO - 2024-07-11 10:25:27 --> Session: Class initialized using 'CodeIgniter\Session\Handlers\FileHandler' driver.
INFO - 2024-07-11 10:25:27 --> Session: Class initialized using 'CodeIgniter\Session\Handlers\FileHandler' driver.
INFO - 2024-07-11 10:25:27 --> Session: Class initialized using 'CodeIgniter\Session\Handlers\FileHandler' driver.
INFO - 2024-07-11 10:25:27 --> Session: Class initialized using 'CodeIgniter\Session\Handlers\FileHandler' driver.
INFO - 2024-07-11 10:25:27 --> Session: Class initialized using 'CodeIgniter\Session\Handlers\FileHandler' driver.
INFO - 2024-07-11 10:25:27 --> Session: Class initialized using 'CodeIgniter\Session\Handlers\FileHandler' driver.
INFO - 2024-07-11 10:25:27 --> Session: Class initialized using 'CodeIgniter\Session\Handlers\FileHandler' driver.
INFO - 2024-07-11 10:28:27 --> Session: Class initialized using 'CodeIgniter\Session\Handlers\FileHandler' driver.
INFO - 2024-07-11 10:28:27 --> Session: Class initialized using 'CodeIgniter\Session\Handlers\FileHandler' driver.
INFO - 2024-07-11 10:28:27 --> Session: Class initialized using 'CodeIgniter\Session\Handlers\FileHandler' driver.
INFO - 2024-07-11 10:29:07 --> Session: Class initialized using 'CodeIgniter\Session\Handlers\FileHandler' driver.
INFO - 2024-07-11 10:29:07 --> Session: Class initialized using 'CodeIgniter\Session\Handlers\FileHandler' driver.
INFO - 2024-07-11 10:29:07 --> Session: Class initialized using 'CodeIgniter\Session\Handlers\FileHandler' driver.
INFO - 2024-07-11 10:29:07 --> Session: Class initialized using 'CodeIgniter\Session\Handlers\FileHandler' driver.
INFO - 2024-07-11 10:29:07 --> Session: Class initialized using 'CodeIgniter\Session\Handlers\FileHandler' driver.
INFO - 2024-07-11 10:29:07 --> Session: Class initialized using 'CodeIgniter\Session\Handlers\FileHandler' driver.
INFO - 2024-07-11 10:29:07 --> Session: Class initialized using 'CodeIgniter\Session\Handlers\FileHandler' driver.
INFO - 2024-07-11 10:29:34 --> Session: Class initialized using 'CodeIgniter\Session\Handlers\FileHandler' driver.
INFO - 2024-07-11 10:29:34 --> Session: Class initialized using 'CodeIgniter\Session\Handlers\FileHandler' driver.
INFO - 2024-07-11 10:29:34 --> Session: Class initialized using 'CodeIgniter\Session\Handlers\FileHandler' driver.
INFO - 2024-07-11 10:29:36 --> Session: Class initialized using 'CodeIgniter\Session\Handlers\FileHandler' driver.
INFO - 2024-07-11 10:29:36 --> Session: Class initialized using 'CodeIgniter\Session\Handlers\FileHandler' driver.
INFO - 2024-07-11 10:29:36 --> Session: Class initialized using 'CodeIgniter\Session\Handlers\FileHandler' driver.
INFO - 2024-07-11 10:29:36 --> Session: Class initialized using 'CodeIgniter\Session\Handlers\FileHandler' driver.
INFO - 2024-07-11 10:29:37 --> Session: Class initialized using 'CodeIgniter\Session\Handlers\FileHandler' driver.
INFO - 2024-07-11 10:29:37 --> Session: Class initialized using 'CodeIgniter\Session\Handlers\FileHandler' driver.
INFO - 2024-07-11 10:29:37 --> Session: Class initialized using 'CodeIgniter\Session\Handlers\FileHandler' driver.
INFO - 2024-07-11 10:31:12 --> Session: Class initialized using 'CodeIgniter\Session\Handlers\FileHandler' driver.
INFO - 2024-07-11 10:31:12 --> Session: Class initialized using 'CodeIgniter\Session\Handlers\FileHandler' driver.
INFO - 2024-07-11 10:31:12 --> Session: Class initialized using 'CodeIgniter\Session\Handlers\FileHandler' driver.
INFO - 2024-07-11 10:31:59 --> Session: Class initialized using 'CodeIgniter\Session\Handlers\FileHandler' driver.
INFO - 2024-07-11 10:31:59 --> Session: Class initialized using 'CodeIgniter\Session\Handlers\FileHandler' driver.
INFO - 2024-07-11 10:31:59 --> Session: Class initialized using 'CodeIgniter\Session\Handlers\FileHandler' driver.
INFO - 2024-07-11 10:32:05 --> Session: Class initialized using 'CodeIgniter\Session\Handlers\FileHandler' driver.
INFO - 2024-07-11 10:32:05 --> Session: Class initialized using 'CodeIgniter\Session\Handlers\FileHandler' driver.
INFO - 2024-07-11 10:32:05 --> Session: Class initialized using 'CodeIgniter\Session\Handlers\FileHandler' driver.
INFO - 2024-07-11 10:32:20 --> Session: Class initialized using 'CodeIgniter\Session\Handlers\FileHandler' driver.
INFO - 2024-07-11 10:32:20 --> Session: Class initialized using 'CodeIgniter\Session\Handlers\FileHandler' driver.
INFO - 2024-07-11 10:32:20 --> Session: Class initialized using 'CodeIgniter\Session\Handlers\FileHandler' driver.
INFO - 2024-07-11 10:32:32 --> Session: Class initialized using 'CodeIgniter\Session\Handlers\FileHandler' driver.
INFO - 2024-07-11 10:32:32 --> Session: Class initialized using 'CodeIgniter\Session\Handlers\FileHandler' driver.
INFO - 2024-07-11 10:32:32 --> Session: Class initialized using 'CodeIgniter\Session\Handlers\FileHandler' driver.
INFO - 2024-07-11 10:32:55 --> Session: Class initialized using 'CodeIgniter\Session\Handlers\FileHandler' driver.
INFO - 2024-07-11 10:32:55 --> Session: Class initialized using 'CodeIgniter\Session\Handlers\FileHandler' driver.
INFO - 2024-07-11 10:32:55 --> Session: Class initialized using 'CodeIgniter\Session\Handlers\FileHandler' driver.
INFO - 2024-07-11 10:32:56 --> Session: Class initialized using 'CodeIgniter\Session\Handlers\FileHandler' driver.
INFO - 2024-07-11 10:32:56 --> Session: Class initialized using 'CodeIgniter\Session\Handlers\FileHandler' driver.
INFO - 2024-07-11 10:32:56 --> Session: Class initialized using 'CodeIgniter\Session\Handlers\FileHandler' driver.
INFO - 2024-07-11 10:32:56 --> Session: Class initialized using 'CodeIgniter\Session\Handlers\FileHandler' driver.
INFO - 2024-07-11 10:33:06 --> Session: Class initialized using 'CodeIgniter\Session\Handlers\FileHandler' driver.
INFO - 2024-07-11 10:33:06 --> Session: Class initialized using 'CodeIgniter\Session\Handlers\FileHandler' driver.
INFO - 2024-07-11 10:33:07 --> Session: Class initialized using 'CodeIgniter\Session\Handlers\FileHandler' driver.
INFO - 2024-07-11 10:41:50 --> Session: Class initialized using 'CodeIgniter\Session\Handlers\FileHandler' driver.
INFO - 2024-07-11 10:41:50 --> Session: Class initialized using 'CodeIgniter\Session\Handlers\FileHandler' driver.
INFO - 2024-07-11 10:41:50 --> Session: Class initialized using 'CodeIgniter\Session\Handlers\FileHandler' driver.
INFO - 2024-07-11 10:43:37 --> Session: Class initialized using 'CodeIgniter\Session\Handlers\FileHandler' driver.
INFO - 2024-07-11 10:43:37 --> Session: Class initialized using 'CodeIgniter\Session\Handlers\FileHandler' driver.
INFO - 2024-07-11 10:43:38 --> Session: Class initialized using 'CodeIgniter\Session\Handlers\FileHandler' driver.
INFO - 2024-07-11 10:43:38 --> Session: Class initialized using 'CodeIgniter\Session\Handlers\FileHandler' driver.
INFO - 2024-07-11 10:43:38 --> Session: Class initialized using 'CodeIgniter\Session\Handlers\FileHandler' driver.
INFO - 2024-07-11 10:43:38 --> Session: Class initialized using 'CodeIgniter\Session\Handlers\FileHandler' driver.
INFO - 2024-07-11 10:43:38 --> Session: Class initialized using 'CodeIgniter\Session\Handlers\FileHandler' driver.
INFO - 2024-07-11 10:46:36 --> Session: Class initialized using 'CodeIgniter\Session\Handlers\FileHandler' driver.
INFO - 2024-07-11 10:46:36 --> Session: Class initialized using 'CodeIgniter\Session\Handlers\FileHandler' driver.
INFO - 2024-07-11 10:46:36 --> Session: Class initialized using 'CodeIgniter\Session\Handlers\FileHandler' driver.
INFO - 2024-07-11 10:46:36 --> Session: Class initialized using 'CodeIgniter\Session\Handlers\FileHandler' driver.
INFO - 2024-07-11 10:46:36 --> Session: Class initialized using 'CodeIgniter\Session\Handlers\FileHandler' driver.
INFO - 2024-07-11 10:46:38 --> Session: Class initialized using 'CodeIgniter\Session\Handlers\FileHandler' driver.
INFO - 2024-07-11 10:46:43 --> Session: Class initialized using 'CodeIgniter\Session\Handlers\FileHandler' driver.
INFO - 2024-07-11 10:46:44 --> Session: Class initialized using 'CodeIgniter\Session\Handlers\FileHandler' driver.
INFO - 2024-07-11 10:46:44 --> Session: Class initialized using 'CodeIgniter\Session\Handlers\FileHandler' driver.
INFO - 2024-07-11 10:46:44 --> Session: Class initialized using 'CodeIgniter\Session\Handlers\FileHandler' driver.
INFO - 2024-07-11 10:46:44 --> Session: Class initialized using 'CodeIgniter\Session\Handlers\FileHandler' driver.
INFO - 2024-07-11 10:46:44 --> Session: Class initialized using 'CodeIgniter\Session\Handlers\FileHandler' driver.
INFO - 2024-07-11 10:46:44 --> Session: Class initialized using 'CodeIgniter\Session\Handlers\FileHandler' driver.
INFO - 2024-07-11 10:46:44 --> Session: Class initialized using 'CodeIgniter\Session\Handlers\FileHandler' driver.
CRITICAL - 2024-07-11 10:50:47 --> Cannot use object of type stdClass as array
in APPPATH\Views\home_page.php on line 182.
 1 SYSTEMPATH\View\View.php(213): include()
 2 SYSTEMPATH\View\View.php(216): CodeIgniter\View\View->CodeIgniter\View\{closure}()
 3 SYSTEMPATH\Common.php(1184): CodeIgniter\View\View->render('home_page', [], true)
 4 APPPATH\Controllers\Home.php(41): view('home_page', [...])
 5 SYSTEMPATH\CodeIgniter.php(934): App\Controllers\Home->home_page()
 6 SYSTEMPATH\CodeIgniter.php(499): CodeIgniter\CodeIgniter->runController(Object(App\Controllers\Home))
 7 SYSTEMPATH\CodeIgniter.php(368): CodeIgniter\CodeIgniter->handleRequest(null, Object(Config\Cache), false)
 8 FCPATH\index.php(67): CodeIgniter\CodeIgniter->run()
INFO - 2024-07-11 10:51:30 --> Session: Class initialized using 'CodeIgniter\Session\Handlers\FileHandler' driver.
INFO - 2024-07-11 10:51:30 --> Session: Class initialized using 'CodeIgniter\Session\Handlers\FileHandler' driver.
INFO - 2024-07-11 10:51:30 --> Session: Class initialized using 'CodeIgniter\Session\Handlers\FileHandler' driver.
INFO - 2024-07-11 10:51:30 --> Session: Class initialized using 'CodeIgniter\Session\Handlers\FileHandler' driver.
INFO - 2024-07-11 10:51:49 --> Session: Class initialized using 'CodeIgniter\Session\Handlers\FileHandler' driver.
INFO - 2024-07-11 10:51:49 --> Session: Class initialized using 'CodeIgniter\Session\Handlers\FileHandler' driver.
INFO - 2024-07-11 10:51:49 --> Session: Class initialized using 'CodeIgniter\Session\Handlers\FileHandler' driver.
INFO - 2024-07-11 10:51:49 --> Session: Class initialized using 'CodeIgniter\Session\Handlers\FileHandler' driver.
INFO - 2024-07-11 10:51:59 --> Session: Class initialized using 'CodeIgniter\Session\Handlers\FileHandler' driver.
INFO - 2024-07-11 10:52:09 --> Session: Class initialized using 'CodeIgniter\Session\Handlers\FileHandler' driver.
INFO - 2024-07-11 10:52:10 --> Session: Class initialized using 'CodeIgniter\Session\Handlers\FileHandler' driver.
INFO - 2024-07-11 10:52:10 --> Session: Class initialized using 'CodeIgniter\Session\Handlers\FileHandler' driver.
INFO - 2024-07-11 10:52:10 --> Session: Class initialized using 'CodeIgniter\Session\Handlers\FileHandler' driver.
INFO - 2024-07-11 10:52:10 --> Session: Class initialized using 'CodeIgniter\Session\Handlers\FileHandler' driver.
INFO - 2024-07-11 10:52:10 --> Session: Class initialized using 'CodeIgniter\Session\Handlers\FileHandler' driver.
INFO - 2024-07-11 10:52:10 --> Session: Class initialized using 'CodeIgniter\Session\Handlers\FileHandler' driver.
INFO - 2024-07-11 10:52:10 --> Session: Class initialized using 'CodeIgniter\Session\Handlers\FileHandler' driver.
INFO - 2024-07-11 10:52:12 --> Session: Class initialized using 'CodeIgniter\Session\Handlers\FileHandler' driver.
INFO - 2024-07-11 10:52:12 --> Session: Class initialized using 'CodeIgniter\Session\Handlers\FileHandler' driver.
INFO - 2024-07-11 10:52:12 --> Session: Class initialized using 'CodeIgniter\Session\Handlers\FileHandler' driver.
INFO - 2024-07-11 10:52:12 --> Session: Class initialized using 'CodeIgniter\Session\Handlers\FileHandler' driver.
INFO - 2024-07-11 10:52:23 --> Session: Class initialized using 'CodeIgniter\Session\Handlers\FileHandler' driver.
INFO - 2024-07-11 10:52:30 --> Session: Class initialized using 'CodeIgniter\Session\Handlers\FileHandler' driver.
INFO - 2024-07-11 10:52:31 --> Session: Class initialized using 'CodeIgniter\Session\Handlers\FileHandler' driver.
INFO - 2024-07-11 10:52:31 --> Session: Class initialized using 'CodeIgniter\Session\Handlers\FileHandler' driver.
INFO - 2024-07-11 10:52:31 --> Session: Class initialized using 'CodeIgniter\Session\Handlers\FileHandler' driver.
INFO - 2024-07-11 10:52:31 --> Session: Class initialized using 'CodeIgniter\Session\Handlers\FileHandler' driver.
INFO - 2024-07-11 10:52:31 --> Session: Class initialized using 'CodeIgniter\Session\Handlers\FileHandler' driver.
INFO - 2024-07-11 10:52:31 --> Session: Class initialized using 'CodeIgniter\Session\Handlers\FileHandler' driver.
INFO - 2024-07-11 10:52:31 --> Session: Class initialized using 'CodeIgniter\Session\Handlers\FileHandler' driver.
INFO - 2024-07-11 10:52:33 --> Session: Class initialized using 'CodeIgniter\Session\Handlers\FileHandler' driver.
INFO - 2024-07-11 10:52:33 --> Session: Class initialized using 'CodeIgniter\Session\Handlers\FileHandler' driver.
INFO - 2024-07-11 10:52:33 --> Session: Class initialized using 'CodeIgniter\Session\Handlers\FileHandler' driver.
INFO - 2024-07-11 10:52:33 --> Session: Class initialized using 'CodeIgniter\Session\Handlers\FileHandler' driver.
CRITICAL - 2024-07-11 10:54:21 --> Undefined property: stdClass::$personal_data
in APPPATH\Views\mayor_page.php on line 65.
 1 APPPATH\Views\mayor_page.php(65): CodeIgniter\Debug\Exceptions->errorHandler(8, 'Undefined property: stdClass::$personal_data', 'APPPATH\\Views\\mayor_page.php', 65, [...])
 2 SYSTEMPATH\View\View.php(213): include('APPPATH\\Views\\mayor_page.php')
 3 SYSTEMPATH\View\View.php(216): CodeIgniter\View\View->CodeIgniter\View\{closure}()
 4 SYSTEMPATH\Common.php(1184): CodeIgniter\View\View->render('mayor_page', [], true)
 5 APPPATH\Controllers\Home.php(49): view('mayor_page', [...])
 6 SYSTEMPATH\CodeIgniter.php(934): App\Controllers\Home->mayor()
 7 SYSTEMPATH\CodeIgniter.php(499): CodeIgniter\CodeIgniter->runController(Object(App\Controllers\Home))
 8 SYSTEMPATH\CodeIgniter.php(368): CodeIgniter\CodeIgniter->handleRequest(null, Object(Config\Cache), false)
 9 FCPATH\index.php(67): CodeIgniter\CodeIgniter->run()
CRITICAL - 2024-07-11 11:06:26 --> Undefined property: stdClass::$yrs_service
in APPPATH\Views\mayor_page.php on line 105.
 1 APPPATH\Views\mayor_page.php(105): CodeIgniter\Debug\Exceptions->errorHandler(8, 'Undefined property: stdClass::$yrs_service', 'APPPATH\\Views\\mayor_page.php', 105, [...])
 2 SYSTEMPATH\View\View.php(213): include('APPPATH\\Views\\mayor_page.php')
 3 SYSTEMPATH\View\View.php(216): CodeIgniter\View\View->CodeIgniter\View\{closure}()
 4 SYSTEMPATH\Common.php(1184): CodeIgniter\View\View->render('mayor_page', [], true)
 5 APPPATH\Controllers\Home.php(50): view('mayor_page', [...])
 6 SYSTEMPATH\CodeIgniter.php(934): App\Controllers\Home->mayor()
 7 SYSTEMPATH\CodeIgniter.php(499): CodeIgniter\CodeIgniter->runController(Object(App\Controllers\Home))
 8 SYSTEMPATH\CodeIgniter.php(368): CodeIgniter\CodeIgniter->handleRequest(null, Object(Config\Cache), false)
 9 FCPATH\index.php(67): CodeIgniter\CodeIgniter->run()
CRITICAL - 2024-07-11 11:06:27 --> Undefined property: stdClass::$yrs_service
in APPPATH\Views\mayor_page.php on line 105.
 1 APPPATH\Views\mayor_page.php(105): CodeIgniter\Debug\Exceptions->errorHandler(8, 'Undefined property: stdClass::$yrs_service', 'APPPATH\\Views\\mayor_page.php', 105, [...])
 2 SYSTEMPATH\View\View.php(213): include('APPPATH\\Views\\mayor_page.php')
 3 SYSTEMPATH\View\View.php(216): CodeIgniter\View\View->CodeIgniter\View\{closure}()
 4 SYSTEMPATH\Common.php(1184): CodeIgniter\View\View->render('mayor_page', [], true)
 5 APPPATH\Controllers\Home.php(50): view('mayor_page', [...])
 6 SYSTEMPATH\CodeIgniter.php(934): App\Controllers\Home->mayor()
 7 SYSTEMPATH\CodeIgniter.php(499): CodeIgniter\CodeIgniter->runController(Object(App\Controllers\Home))
 8 SYSTEMPATH\CodeIgniter.php(368): CodeIgniter\CodeIgniter->handleRequest(null, Object(Config\Cache), false)
 9 FCPATH\index.php(67): CodeIgniter\CodeIgniter->run()
INFO - 2024-07-11 11:06:28 --> Session: Class initialized using 'CodeIgniter\Session\Handlers\FileHandler' driver.
INFO - 2024-07-11 11:06:28 --> Session: Class initialized using 'CodeIgniter\Session\Handlers\FileHandler' driver.
INFO - 2024-07-11 11:06:28 --> Session: Class initialized using 'CodeIgniter\Session\Handlers\FileHandler' driver.
INFO - 2024-07-11 11:06:28 --> Session: Class initialized using 'CodeIgniter\Session\Handlers\FileHandler' driver.
CRITICAL - 2024-07-11 11:06:29 --> Undefined property: stdClass::$yrs_service
in APPPATH\Views\mayor_page.php on line 105.
 1 APPPATH\Views\mayor_page.php(105): CodeIgniter\Debug\Exceptions->errorHandler(8, 'Undefined property: stdClass::$yrs_service', 'APPPATH\\Views\\mayor_page.php', 105, [...])
 2 SYSTEMPATH\View\View.php(213): include('APPPATH\\Views\\mayor_page.php')
 3 SYSTEMPATH\View\View.php(216): CodeIgniter\View\View->CodeIgniter\View\{closure}()
 4 SYSTEMPATH\Common.php(1184): CodeIgniter\View\View->render('mayor_page', [], true)
 5 APPPATH\Controllers\Home.php(50): view('mayor_page', [...])
 6 SYSTEMPATH\CodeIgniter.php(934): App\Controllers\Home->mayor()
 7 SYSTEMPATH\CodeIgniter.php(499): CodeIgniter\CodeIgniter->runController(Object(App\Controllers\Home))
 8 SYSTEMPATH\CodeIgniter.php(368): CodeIgniter\CodeIgniter->handleRequest(null, Object(Config\Cache), false)
 9 FCPATH\index.php(67): CodeIgniter\CodeIgniter->run()
INFO - 2024-07-11 11:09:43 --> Session: Class initialized using 'CodeIgniter\Session\Handlers\FileHandler' driver.
INFO - 2024-07-11 11:09:43 --> Session: Class initialized using 'CodeIgniter\Session\Handlers\FileHandler' driver.
INFO - 2024-07-11 11:09:43 --> Session: Class initialized using 'CodeIgniter\Session\Handlers\FileHandler' driver.
INFO - 2024-07-11 11:09:43 --> Session: Class initialized using 'CodeIgniter\Session\Handlers\FileHandler' driver.
INFO - 2024-07-11 11:11:18 --> Session: Class initialized using 'CodeIgniter\Session\Handlers\FileHandler' driver.
INFO - 2024-07-11 11:11:18 --> Session: Class initialized using 'CodeIgniter\Session\Handlers\FileHandler' driver.
INFO - 2024-07-11 11:11:18 --> Session: Class initialized using 'CodeIgniter\Session\Handlers\FileHandler' driver.
INFO - 2024-07-11 11:11:18 --> Session: Class initialized using 'CodeIgniter\Session\Handlers\FileHandler' driver.
CRITICAL - 2024-07-11 11:13:39 --> Undefined property: stdClass::$personal_data
in APPPATH\Views\mayor_page.php on line 149.
 1 APPPATH\Views\mayor_page.php(149): CodeIgniter\Debug\Exceptions->errorHandler(8, 'Undefined property: stdClass::$personal_data', 'APPPATH\\Views\\mayor_page.php', 149, [...])
 2 SYSTEMPATH\View\View.php(213): include('APPPATH\\Views\\mayor_page.php')
 3 SYSTEMPATH\View\View.php(216): CodeIgniter\View\View->CodeIgniter\View\{closure}()
 4 SYSTEMPATH\Common.php(1184): CodeIgniter\View\View->render('mayor_page', [], true)
 5 APPPATH\Controllers\Home.php(50): view('mayor_page', [...])
 6 SYSTEMPATH\CodeIgniter.php(934): App\Controllers\Home->mayor()
 7 SYSTEMPATH\CodeIgniter.php(499): CodeIgniter\CodeIgniter->runController(Object(App\Controllers\Home))
 8 SYSTEMPATH\CodeIgniter.php(368): CodeIgniter\CodeIgniter->handleRequest(null, Object(Config\Cache), false)
 9 FCPATH\index.php(67): CodeIgniter\CodeIgniter->run()
CRITICAL - 2024-07-11 11:13:47 --> Undefined property: stdClass::$personal_data
in APPPATH\Views\mayor_page.php on line 149.
 1 APPPATH\Views\mayor_page.php(149): CodeIgniter\Debug\Exceptions->errorHandler(8, 'Undefined property: stdClass::$personal_data', 'APPPATH\\Views\\mayor_page.php', 149, [...])
 2 SYSTEMPATH\View\View.php(213): include('APPPATH\\Views\\mayor_page.php')
 3 SYSTEMPATH\View\View.php(216): CodeIgniter\View\View->CodeIgniter\View\{closure}()
 4 SYSTEMPATH\Common.php(1184): CodeIgniter\View\View->render('mayor_page', [], true)
 5 APPPATH\Controllers\Home.php(43): view('mayor_page', [...])
 6 SYSTEMPATH\CodeIgniter.php(934): App\Controllers\Home->mayor()
 7 SYSTEMPATH\CodeIgniter.php(499): CodeIgniter\CodeIgniter->runController(Object(App\Controllers\Home))
 8 SYSTEMPATH\CodeIgniter.php(368): CodeIgniter\CodeIgniter->handleRequest(null, Object(Config\Cache), false)
 9 FCPATH\index.php(67): CodeIgniter\CodeIgniter->run()
CRITICAL - 2024-07-11 11:13:47 --> Undefined property: stdClass::$personal_data
in APPPATH\Views\mayor_page.php on line 149.
 1 APPPATH\Views\mayor_page.php(149): CodeIgniter\Debug\Exceptions->errorHandler(8, 'Undefined property: stdClass::$personal_data', 'APPPATH\\Views\\mayor_page.php', 149, [...])
 2 SYSTEMPATH\View\View.php(213): include('APPPATH\\Views\\mayor_page.php')
 3 SYSTEMPATH\View\View.php(216): CodeIgniter\View\View->CodeIgniter\View\{closure}()
 4 SYSTEMPATH\Common.php(1184): CodeIgniter\View\View->render('mayor_page', [], true)
 5 APPPATH\Controllers\Home.php(43): view('mayor_page', [...])
 6 SYSTEMPATH\CodeIgniter.php(934): App\Controllers\Home->mayor()
 7 SYSTEMPATH\CodeIgniter.php(499): CodeIgniter\CodeIgniter->runController(Object(App\Controllers\Home))
 8 SYSTEMPATH\CodeIgniter.php(368): CodeIgniter\CodeIgniter->handleRequest(null, Object(Config\Cache), false)
 9 FCPATH\index.php(67): CodeIgniter\CodeIgniter->run()
CRITICAL - 2024-07-11 11:14:07 --> Undefined property: stdClass::$yrs_service
in APPPATH\Views\mayor_page.php on line 232.
 1 APPPATH\Views\mayor_page.php(232): CodeIgniter\Debug\Exceptions->errorHandler(8, 'Undefined property: stdClass::$yrs_service', 'APPPATH\\Views\\mayor_page.php', 232, [...])
 2 SYSTEMPATH\View\View.php(213): include('APPPATH\\Views\\mayor_page.php')
 3 SYSTEMPATH\View\View.php(216): CodeIgniter\View\View->CodeIgniter\View\{closure}()
 4 SYSTEMPATH\Common.php(1184): CodeIgniter\View\View->render('mayor_page', [], true)
 5 APPPATH\Controllers\Home.php(43): view('mayor_page', [...])
 6 SYSTEMPATH\CodeIgniter.php(934): App\Controllers\Home->mayor()
 7 SYSTEMPATH\CodeIgniter.php(499): CodeIgniter\CodeIgniter->runController(Object(App\Controllers\Home))
 8 SYSTEMPATH\CodeIgniter.php(368): CodeIgniter\CodeIgniter->handleRequest(null, Object(Config\Cache), false)
 9 FCPATH\index.php(67): CodeIgniter\CodeIgniter->run()
CRITICAL - 2024-07-11 11:14:08 --> Undefined property: stdClass::$yrs_service
in APPPATH\Views\mayor_page.php on line 232.
 1 APPPATH\Views\mayor_page.php(232): CodeIgniter\Debug\Exceptions->errorHandler(8, 'Undefined property: stdClass::$yrs_service', 'APPPATH\\Views\\mayor_page.php', 232, [...])
 2 SYSTEMPATH\View\View.php(213): include('APPPATH\\Views\\mayor_page.php')
 3 SYSTEMPATH\View\View.php(216): CodeIgniter\View\View->CodeIgniter\View\{closure}()
 4 SYSTEMPATH\Common.php(1184): CodeIgniter\View\View->render('mayor_page', [], true)
 5 APPPATH\Controllers\Home.php(43): view('mayor_page', [...])
 6 SYSTEMPATH\CodeIgniter.php(934): App\Controllers\Home->mayor()
 7 SYSTEMPATH\CodeIgniter.php(499): CodeIgniter\CodeIgniter->runController(Object(App\Controllers\Home))
 8 SYSTEMPATH\CodeIgniter.php(368): CodeIgniter\CodeIgniter->handleRequest(null, Object(Config\Cache), false)
 9 FCPATH\index.php(67): CodeIgniter\CodeIgniter->run()
CRITICAL - 2024-07-11 11:14:33 --> Undefined property: stdClass::$awards
in APPPATH\Views\mayor_page.php on line 229.
 1 APPPATH\Views\mayor_page.php(229): CodeIgniter\Debug\Exceptions->errorHandler(8, 'Undefined property: stdClass::$awards', 'APPPATH\\Views\\mayor_page.php', 229, [...])
 2 SYSTEMPATH\View\View.php(213): include('APPPATH\\Views\\mayor_page.php')
 3 SYSTEMPATH\View\View.php(216): CodeIgniter\View\View->CodeIgniter\View\{closure}()
 4 SYSTEMPATH\Common.php(1184): CodeIgniter\View\View->render('mayor_page', [], true)
 5 APPPATH\Controllers\Home.php(43): view('mayor_page', [...])
 6 SYSTEMPATH\CodeIgniter.php(934): App\Controllers\Home->mayor()
 7 SYSTEMPATH\CodeIgniter.php(499): CodeIgniter\CodeIgniter->runController(Object(App\Controllers\Home))
 8 SYSTEMPATH\CodeIgniter.php(368): CodeIgniter\CodeIgniter->handleRequest(null, Object(Config\Cache), false)
 9 FCPATH\index.php(67): CodeIgniter\CodeIgniter->run()
INFO - 2024-07-11 11:14:59 --> Session: Class initialized using 'CodeIgniter\Session\Handlers\FileHandler' driver.
INFO - 2024-07-11 11:14:59 --> Session: Class initialized using 'CodeIgniter\Session\Handlers\FileHandler' driver.
INFO - 2024-07-11 11:14:59 --> Session: Class initialized using 'CodeIgniter\Session\Handlers\FileHandler' driver.
INFO - 2024-07-11 11:14:59 --> Session: Class initialized using 'CodeIgniter\Session\Handlers\FileHandler' driver.
INFO - 2024-07-11 11:17:34 --> Session: Class initialized using 'CodeIgniter\Session\Handlers\FileHandler' driver.
INFO - 2024-07-11 11:17:34 --> Session: Class initialized using 'CodeIgniter\Session\Handlers\FileHandler' driver.
ERROR - 2024-07-11 11:17:34 --> File not found: C:\xampp_7_4\htdocs\websitebinan\writable\uploads\MAYOR\[
INFO - 2024-07-11 11:17:34 --> Session: Class initialized using 'CodeIgniter\Session\Handlers\FileHandler' driver.
INFO - 2024-07-11 11:17:34 --> Session: Class initialized using 'CodeIgniter\Session\Handlers\FileHandler' driver.
INFO - 2024-07-11 11:17:34 --> Session: Class initialized using 'CodeIgniter\Session\Handlers\FileHandler' driver.
INFO - 2024-07-11 11:17:46 --> Session: Class initialized using 'CodeIgniter\Session\Handlers\FileHandler' driver.
INFO - 2024-07-11 11:17:51 --> Session: Class initialized using 'CodeIgniter\Session\Handlers\FileHandler' driver.
INFO - 2024-07-11 11:17:58 --> Session: Class initialized using 'CodeIgniter\Session\Handlers\FileHandler' driver.
INFO - 2024-07-11 11:17:59 --> Session: Class initialized using 'CodeIgniter\Session\Handlers\FileHandler' driver.
INFO - 2024-07-11 11:17:59 --> Session: Class initialized using 'CodeIgniter\Session\Handlers\FileHandler' driver.
INFO - 2024-07-11 11:17:59 --> Session: Class initialized using 'CodeIgniter\Session\Handlers\FileHandler' driver.
INFO - 2024-07-11 11:17:59 --> Session: Class initialized using 'CodeIgniter\Session\Handlers\FileHandler' driver.
INFO - 2024-07-11 11:17:59 --> Session: Class initialized using 'CodeIgniter\Session\Handlers\FileHandler' driver.
INFO - 2024-07-11 11:18:00 --> Session: Class initialized using 'CodeIgniter\Session\Handlers\FileHandler' driver.
INFO - 2024-07-11 11:18:00 --> Session: Class initialized using 'CodeIgniter\Session\Handlers\FileHandler' driver.
INFO - 2024-07-11 11:18:01 --> Session: Class initialized using 'CodeIgniter\Session\Handlers\FileHandler' driver.
INFO - 2024-07-11 11:18:01 --> Session: Class initialized using 'CodeIgniter\Session\Handlers\FileHandler' driver.
ERROR - 2024-07-11 11:18:01 --> File not found: C:\xampp_7_4\htdocs\websitebinan\writable\uploads\MAYOR\[
INFO - 2024-07-11 11:18:01 --> Session: Class initialized using 'CodeIgniter\Session\Handlers\FileHandler' driver.
INFO - 2024-07-11 11:18:01 --> Session: Class initialized using 'CodeIgniter\Session\Handlers\FileHandler' driver.
INFO - 2024-07-11 11:18:01 --> Session: Class initialized using 'CodeIgniter\Session\Handlers\FileHandler' driver.
INFO - 2024-07-11 11:23:00 --> Session: Class initialized using 'CodeIgniter\Session\Handlers\FileHandler' driver.
INFO - 2024-07-11 11:23:05 --> Session: Class initialized using 'CodeIgniter\Session\Handlers\FileHandler' driver.
INFO - 2024-07-11 11:23:08 --> Session: Class initialized using 'CodeIgniter\Session\Handlers\FileHandler' driver.
INFO - 2024-07-11 11:23:09 --> Session: Class initialized using 'CodeIgniter\Session\Handlers\FileHandler' driver.
INFO - 2024-07-11 11:23:09 --> Session: Class initialized using 'CodeIgniter\Session\Handlers\FileHandler' driver.
INFO - 2024-07-11 11:23:09 --> Session: Class initialized using 'CodeIgniter\Session\Handlers\FileHandler' driver.
INFO - 2024-07-11 11:23:09 --> Session: Class initialized using 'CodeIgniter\Session\Handlers\FileHandler' driver.
INFO - 2024-07-11 11:23:09 --> Session: Class initialized using 'CodeIgniter\Session\Handlers\FileHandler' driver.
INFO - 2024-07-11 11:23:09 --> Session: Class initialized using 'CodeIgniter\Session\Handlers\FileHandler' driver.
INFO - 2024-07-11 11:23:09 --> Session: Class initialized using 'CodeIgniter\Session\Handlers\FileHandler' driver.
INFO - 2024-07-11 11:23:12 --> Session: Class initialized using 'CodeIgniter\Session\Handlers\FileHandler' driver.
INFO - 2024-07-11 11:23:12 --> Session: Class initialized using 'CodeIgniter\Session\Handlers\FileHandler' driver.
ERROR - 2024-07-11 11:23:12 --> File not found: C:\xampp_7_4\htdocs\websitebinan\writable\uploads\MAYOR\[
INFO - 2024-07-11 11:23:12 --> Session: Class initialized using 'CodeIgniter\Session\Handlers\FileHandler' driver.
INFO - 2024-07-11 11:23:12 --> Session: Class initialized using 'CodeIgniter\Session\Handlers\FileHandler' driver.
INFO - 2024-07-11 11:23:12 --> Session: Class initialized using 'CodeIgniter\Session\Handlers\FileHandler' driver.
INFO - 2024-07-11 11:23:18 --> Session: Class initialized using 'CodeIgniter\Session\Handlers\FileHandler' driver.
INFO - 2024-07-11 11:23:46 --> Session: Class initialized using 'CodeIgniter\Session\Handlers\FileHandler' driver.
INFO - 2024-07-11 11:23:47 --> Session: Class initialized using 'CodeIgniter\Session\Handlers\FileHandler' driver.
INFO - 2024-07-11 11:23:47 --> Session: Class initialized using 'CodeIgniter\Session\Handlers\FileHandler' driver.
INFO - 2024-07-11 11:23:47 --> Session: Class initialized using 'CodeIgniter\Session\Handlers\FileHandler' driver.
INFO - 2024-07-11 11:23:47 --> Session: Class initialized using 'CodeIgniter\Session\Handlers\FileHandler' driver.
INFO - 2024-07-11 11:23:47 --> Session: Class initialized using 'CodeIgniter\Session\Handlers\FileHandler' driver.
INFO - 2024-07-11 11:23:47 --> Session: Class initialized using 'CodeIgniter\Session\Handlers\FileHandler' driver.
INFO - 2024-07-11 11:23:47 --> Session: Class initialized using 'CodeIgniter\Session\Handlers\FileHandler' driver.
INFO - 2024-07-11 11:23:49 --> Session: Class initialized using 'CodeIgniter\Session\Handlers\FileHandler' driver.
INFO - 2024-07-11 11:23:49 --> Session: Class initialized using 'CodeIgniter\Session\Handlers\FileHandler' driver.
ERROR - 2024-07-11 11:23:49 --> File not found: C:\xampp_7_4\htdocs\websitebinan\writable\uploads\MAYOR\[
INFO - 2024-07-11 11:23:50 --> Session: Class initialized using 'CodeIgniter\Session\Handlers\FileHandler' driver.
INFO - 2024-07-11 11:23:50 --> Session: Class initialized using 'CodeIgniter\Session\Handlers\FileHandler' driver.
INFO - 2024-07-11 11:23:50 --> Session: Class initialized using 'CodeIgniter\Session\Handlers\FileHandler' driver.
INFO - 2024-07-11 11:27:54 --> Session: Class initialized using 'CodeIgniter\Session\Handlers\FileHandler' driver.
ERROR - 2024-07-11 11:27:54 --> File not found: C:\xampp_7_4\htdocs\websitebinan\writable\uploads\MAYOR\[
INFO - 2024-07-11 11:27:54 --> Session: Class initialized using 'CodeIgniter\Session\Handlers\FileHandler' driver.
INFO - 2024-07-11 11:27:54 --> Session: Class initialized using 'CodeIgniter\Session\Handlers\FileHandler' driver.
INFO - 2024-07-11 11:27:54 --> Session: Class initialized using 'CodeIgniter\Session\Handlers\FileHandler' driver.
INFO - 2024-07-11 11:27:54 --> Session: Class initialized using 'CodeIgniter\Session\Handlers\FileHandler' driver.
INFO - 2024-07-11 11:28:02 --> Session: Class initialized using 'CodeIgniter\Session\Handlers\FileHandler' driver.
ERROR - 2024-07-11 11:28:02 --> File not found: C:\xampp_7_4\htdocs\websitebinan\writable\uploads\MAYOR\[
INFO - 2024-07-11 11:28:02 --> Session: Class initialized using 'CodeIgniter\Session\Handlers\FileHandler' driver.
INFO - 2024-07-11 11:28:02 --> Session: Class initialized using 'CodeIgniter\Session\Handlers\FileHandler' driver.
INFO - 2024-07-11 11:28:02 --> Session: Class initialized using 'CodeIgniter\Session\Handlers\FileHandler' driver.
INFO - 2024-07-11 11:28:02 --> Session: Class initialized using 'CodeIgniter\Session\Handlers\FileHandler' driver.
INFO - 2024-07-11 11:28:07 --> Session: Class initialized using 'CodeIgniter\Session\Handlers\FileHandler' driver.
ERROR - 2024-07-11 11:28:07 --> File not found: C:\xampp_7_4\htdocs\websitebinan\writable\uploads\MAYOR\[
INFO - 2024-07-11 11:28:07 --> Session: Class initialized using 'CodeIgniter\Session\Handlers\FileHandler' driver.
INFO - 2024-07-11 11:28:07 --> Session: Class initialized using 'CodeIgniter\Session\Handlers\FileHandler' driver.
INFO - 2024-07-11 11:28:07 --> Session: Class initialized using 'CodeIgniter\Session\Handlers\FileHandler' driver.
INFO - 2024-07-11 11:28:07 --> Session: Class initialized using 'CodeIgniter\Session\Handlers\FileHandler' driver.
INFO - 2024-07-11 11:28:13 --> Session: Class initialized using 'CodeIgniter\Session\Handlers\FileHandler' driver.
ERROR - 2024-07-11 11:28:13 --> File not found: C:\xampp_7_4\htdocs\websitebinan\writable\uploads\MAYOR\[
INFO - 2024-07-11 11:28:13 --> Session: Class initialized using 'CodeIgniter\Session\Handlers\FileHandler' driver.
INFO - 2024-07-11 11:28:13 --> Session: Class initialized using 'CodeIgniter\Session\Handlers\FileHandler' driver.
INFO - 2024-07-11 11:28:13 --> Session: Class initialized using 'CodeIgniter\Session\Handlers\FileHandler' driver.
INFO - 2024-07-11 11:28:13 --> Session: Class initialized using 'CodeIgniter\Session\Handlers\FileHandler' driver.
INFO - 2024-07-11 11:29:15 --> Session: Class initialized using 'CodeIgniter\Session\Handlers\FileHandler' driver.
ERROR - 2024-07-11 11:29:15 --> File not found: C:\xampp_7_4\htdocs\websitebinan\writable\uploads\MAYOR\[
INFO - 2024-07-11 11:29:15 --> Session: Class initialized using 'CodeIgniter\Session\Handlers\FileHandler' driver.
INFO - 2024-07-11 11:29:15 --> Session: Class initialized using 'CodeIgniter\Session\Handlers\FileHandler' driver.
INFO - 2024-07-11 11:29:15 --> Session: Class initialized using 'CodeIgniter\Session\Handlers\FileHandler' driver.
INFO - 2024-07-11 11:29:15 --> Session: Class initialized using 'CodeIgniter\Session\Handlers\FileHandler' driver.
INFO - 2024-07-11 11:29:21 --> Session: Class initialized using 'CodeIgniter\Session\Handlers\FileHandler' driver.
ERROR - 2024-07-11 11:29:21 --> File not found: C:\xampp_7_4\htdocs\websitebinan\writable\uploads\MAYOR\[
INFO - 2024-07-11 11:29:21 --> Session: Class initialized using 'CodeIgniter\Session\Handlers\FileHandler' driver.
INFO - 2024-07-11 11:29:21 --> Session: Class initialized using 'CodeIgniter\Session\Handlers\FileHandler' driver.
INFO - 2024-07-11 11:29:21 --> Session: Class initialized using 'CodeIgniter\Session\Handlers\FileHandler' driver.
INFO - 2024-07-11 11:29:21 --> Session: Class initialized using 'CodeIgniter\Session\Handlers\FileHandler' driver.
INFO - 2024-07-11 11:29:53 --> Session: Class initialized using 'CodeIgniter\Session\Handlers\FileHandler' driver.
INFO - 2024-07-11 11:29:53 --> Session: Class initialized using 'CodeIgniter\Session\Handlers\FileHandler' driver.
ERROR - 2024-07-11 11:29:53 --> File not found: C:\xampp_7_4\htdocs\websitebinan\writable\uploads\MAYOR\[
INFO - 2024-07-11 11:29:53 --> Session: Class initialized using 'CodeIgniter\Session\Handlers\FileHandler' driver.
INFO - 2024-07-11 11:29:53 --> Session: Class initialized using 'CodeIgniter\Session\Handlers\FileHandler' driver.
INFO - 2024-07-11 11:29:53 --> Session: Class initialized using 'CodeIgniter\Session\Handlers\FileHandler' driver.
INFO - 2024-07-11 11:31:03 --> Session: Class initialized using 'CodeIgniter\Session\Handlers\FileHandler' driver.
INFO - 2024-07-11 11:31:03 --> Session: Class initialized using 'CodeIgniter\Session\Handlers\FileHandler' driver.
ERROR - 2024-07-11 11:31:03 --> File not found: C:\xampp_7_4\htdocs\websitebinan\writable\uploads\MAYOR\[
INFO - 2024-07-11 11:31:03 --> Session: Class initialized using 'CodeIgniter\Session\Handlers\FileHandler' driver.
INFO - 2024-07-11 11:31:03 --> Session: Class initialized using 'CodeIgniter\Session\Handlers\FileHandler' driver.
INFO - 2024-07-11 11:31:03 --> Session: Class initialized using 'CodeIgniter\Session\Handlers\FileHandler' driver.
INFO - 2024-07-11 11:31:31 --> Session: Class initialized using 'CodeIgniter\Session\Handlers\FileHandler' driver.
INFO - 2024-07-11 11:31:31 --> Session: Class initialized using 'CodeIgniter\Session\Handlers\FileHandler' driver.
ERROR - 2024-07-11 11:31:31 --> File not found: C:\xampp_7_4\htdocs\websitebinan\writable\uploads\MAYOR\[
INFO - 2024-07-11 11:31:31 --> Session: Class initialized using 'CodeIgniter\Session\Handlers\FileHandler' driver.
INFO - 2024-07-11 11:31:31 --> Session: Class initialized using 'CodeIgniter\Session\Handlers\FileHandler' driver.
INFO - 2024-07-11 11:31:31 --> Session: Class initialized using 'CodeIgniter\Session\Handlers\FileHandler' driver.
INFO - 2024-07-11 11:32:38 --> Session: Class initialized using 'CodeIgniter\Session\Handlers\FileHandler' driver.
INFO - 2024-07-11 11:32:38 --> Session: Class initialized using 'CodeIgniter\Session\Handlers\FileHandler' driver.
ERROR - 2024-07-11 11:32:38 --> File not found: C:\xampp_7_4\htdocs\websitebinan\writable\uploads\MAYOR\[
INFO - 2024-07-11 11:32:39 --> Session: Class initialized using 'CodeIgniter\Session\Handlers\FileHandler' driver.
INFO - 2024-07-11 11:32:39 --> Session: Class initialized using 'CodeIgniter\Session\Handlers\FileHandler' driver.
INFO - 2024-07-11 11:32:39 --> Session: Class initialized using 'CodeIgniter\Session\Handlers\FileHandler' driver.
INFO - 2024-07-11 11:33:18 --> Session: Class initialized using 'CodeIgniter\Session\Handlers\FileHandler' driver.
ERROR - 2024-07-11 11:33:18 --> File not found: C:\xampp_7_4\htdocs\websitebinan\writable\uploads\MAYOR\[
INFO - 2024-07-11 11:33:18 --> Session: Class initialized using 'CodeIgniter\Session\Handlers\FileHandler' driver.
INFO - 2024-07-11 11:33:18 --> Session: Class initialized using 'CodeIgniter\Session\Handlers\FileHandler' driver.
INFO - 2024-07-11 11:33:18 --> Session: Class initialized using 'CodeIgniter\Session\Handlers\FileHandler' driver.
INFO - 2024-07-11 11:33:18 --> Session: Class initialized using 'CodeIgniter\Session\Handlers\FileHandler' driver.
INFO - 2024-07-11 11:33:22 --> Session: Class initialized using 'CodeIgniter\Session\Handlers\FileHandler' driver.
INFO - 2024-07-11 11:33:22 --> Session: Class initialized using 'CodeIgniter\Session\Handlers\FileHandler' driver.
ERROR - 2024-07-11 11:33:22 --> File not found: C:\xampp_7_4\htdocs\websitebinan\writable\uploads\MAYOR\[
INFO - 2024-07-11 11:33:22 --> Session: Class initialized using 'CodeIgniter\Session\Handlers\FileHandler' driver.
INFO - 2024-07-11 11:33:22 --> Session: Class initialized using 'CodeIgniter\Session\Handlers\FileHandler' driver.
INFO - 2024-07-11 11:33:22 --> Session: Class initialized using 'CodeIgniter\Session\Handlers\FileHandler' driver.
INFO - 2024-07-11 11:33:53 --> Session: Class initialized using 'CodeIgniter\Session\Handlers\FileHandler' driver.
ERROR - 2024-07-11 11:33:53 --> File not found: C:\xampp_7_4\htdocs\websitebinan\writable\uploads\MAYOR\[
INFO - 2024-07-11 11:33:53 --> Session: Class initialized using 'CodeIgniter\Session\Handlers\FileHandler' driver.
INFO - 2024-07-11 11:33:53 --> Session: Class initialized using 'CodeIgniter\Session\Handlers\FileHandler' driver.
INFO - 2024-07-11 11:33:53 --> Session: Class initialized using 'CodeIgniter\Session\Handlers\FileHandler' driver.
INFO - 2024-07-11 11:33:53 --> Session: Class initialized using 'CodeIgniter\Session\Handlers\FileHandler' driver.
INFO - 2024-07-11 11:34:28 --> Session: Class initialized using 'CodeIgniter\Session\Handlers\FileHandler' driver.
ERROR - 2024-07-11 11:34:28 --> File not found: C:\xampp_7_4\htdocs\websitebinan\writable\uploads\MAYOR\[
INFO - 2024-07-11 11:34:29 --> Session: Class initialized using 'CodeIgniter\Session\Handlers\FileHandler' driver.
INFO - 2024-07-11 11:34:29 --> Session: Class initialized using 'CodeIgniter\Session\Handlers\FileHandler' driver.
INFO - 2024-07-11 11:34:29 --> Session: Class initialized using 'CodeIgniter\Session\Handlers\FileHandler' driver.
INFO - 2024-07-11 11:34:29 --> Session: Class initialized using 'CodeIgniter\Session\Handlers\FileHandler' driver.
INFO - 2024-07-11 11:34:47 --> Session: Class initialized using 'CodeIgniter\Session\Handlers\FileHandler' driver.
ERROR - 2024-07-11 11:34:47 --> File not found: C:\xampp_7_4\htdocs\websitebinan\writable\uploads\MAYOR\[
INFO - 2024-07-11 11:34:47 --> Session: Class initialized using 'CodeIgniter\Session\Handlers\FileHandler' driver.
INFO - 2024-07-11 11:34:47 --> Session: Class initialized using 'CodeIgniter\Session\Handlers\FileHandler' driver.
INFO - 2024-07-11 11:34:47 --> Session: Class initialized using 'CodeIgniter\Session\Handlers\FileHandler' driver.
INFO - 2024-07-11 11:34:47 --> Session: Class initialized using 'CodeIgniter\Session\Handlers\FileHandler' driver.
INFO - 2024-07-11 11:36:38 --> Session: Class initialized using 'CodeIgniter\Session\Handlers\FileHandler' driver.
INFO - 2024-07-11 11:36:38 --> Session: Class initialized using 'CodeIgniter\Session\Handlers\FileHandler' driver.
ERROR - 2024-07-11 11:36:38 --> File not found: C:\xampp_7_4\htdocs\websitebinan\writable\uploads\MAYOR\[
INFO - 2024-07-11 11:36:38 --> Session: Class initialized using 'CodeIgniter\Session\Handlers\FileHandler' driver.
INFO - 2024-07-11 11:36:38 --> Session: Class initialized using 'CodeIgniter\Session\Handlers\FileHandler' driver.
INFO - 2024-07-11 11:36:38 --> Session: Class initialized using 'CodeIgniter\Session\Handlers\FileHandler' driver.
INFO - 2024-07-11 11:36:59 --> Session: Class initialized using 'CodeIgniter\Session\Handlers\FileHandler' driver.
ERROR - 2024-07-11 11:36:59 --> File not found: C:\xampp_7_4\htdocs\websitebinan\writable\uploads\MAYOR\[
INFO - 2024-07-11 11:36:59 --> Session: Class initialized using 'CodeIgniter\Session\Handlers\FileHandler' driver.
INFO - 2024-07-11 11:36:59 --> Session: Class initialized using 'CodeIgniter\Session\Handlers\FileHandler' driver.
INFO - 2024-07-11 11:36:59 --> Session: Class initialized using 'CodeIgniter\Session\Handlers\FileHandler' driver.
INFO - 2024-07-11 11:36:59 --> Session: Class initialized using 'CodeIgniter\Session\Handlers\FileHandler' driver.
INFO - 2024-07-11 11:39:04 --> Session: Class initialized using 'CodeIgniter\Session\Handlers\FileHandler' driver.
INFO - 2024-07-11 11:39:04 --> Session: Class initialized using 'CodeIgniter\Session\Handlers\FileHandler' driver.
INFO - 2024-07-11 11:39:04 --> Session: Class initialized using 'CodeIgniter\Session\Handlers\FileHandler' driver.
INFO - 2024-07-11 11:39:04 --> Session: Class initialized using 'CodeIgniter\Session\Handlers\FileHandler' driver.
INFO - 2024-07-11 11:39:04 --> Session: Class initialized using 'CodeIgniter\Session\Handlers\FileHandler' driver.
INFO - 2024-07-11 11:39:54 --> Session: Class initialized using 'CodeIgniter\Session\Handlers\FileHandler' driver.
INFO - 2024-07-11 11:39:54 --> Session: Class initialized using 'CodeIgniter\Session\Handlers\FileHandler' driver.
INFO - 2024-07-11 11:39:54 --> Session: Class initialized using 'CodeIgniter\Session\Handlers\FileHandler' driver.
INFO - 2024-07-11 11:39:54 --> Session: Class initialized using 'CodeIgniter\Session\Handlers\FileHandler' driver.
INFO - 2024-07-11 11:39:54 --> Session: Class initialized using 'CodeIgniter\Session\Handlers\FileHandler' driver.
INFO - 2024-07-11 11:40:27 --> Session: Class initialized using 'CodeIgniter\Session\Handlers\FileHandler' driver.
INFO - 2024-07-11 11:40:27 --> Session: Class initialized using 'CodeIgniter\Session\Handlers\FileHandler' driver.
INFO - 2024-07-11 11:40:28 --> Session: Class initialized using 'CodeIgniter\Session\Handlers\FileHandler' driver.
INFO - 2024-07-11 11:40:28 --> Session: Class initialized using 'CodeIgniter\Session\Handlers\FileHandler' driver.
INFO - 2024-07-11 11:40:28 --> Session: Class initialized using 'CodeIgniter\Session\Handlers\FileHandler' driver.
INFO - 2024-07-11 11:40:36 --> Session: Class initialized using 'CodeIgniter\Session\Handlers\FileHandler' driver.
INFO - 2024-07-11 11:40:36 --> Session: Class initialized using 'CodeIgniter\Session\Handlers\FileHandler' driver.
INFO - 2024-07-11 11:40:36 --> Session: Class initialized using 'CodeIgniter\Session\Handlers\FileHandler' driver.
INFO - 2024-07-11 11:40:36 --> Session: Class initialized using 'CodeIgniter\Session\Handlers\FileHandler' driver.
INFO - 2024-07-11 11:40:36 --> Session: Class initialized using 'CodeIgniter\Session\Handlers\FileHandler' driver.
INFO - 2024-07-11 11:42:16 --> Session: Class initialized using 'CodeIgniter\Session\Handlers\FileHandler' driver.
INFO - 2024-07-11 11:42:16 --> Session: Class initialized using 'CodeIgniter\Session\Handlers\FileHandler' driver.
INFO - 2024-07-11 11:42:16 --> Session: Class initialized using 'CodeIgniter\Session\Handlers\FileHandler' driver.
INFO - 2024-07-11 11:42:16 --> Session: Class initialized using 'CodeIgniter\Session\Handlers\FileHandler' driver.
INFO - 2024-07-11 11:42:33 --> Session: Class initialized using 'CodeIgniter\Session\Handlers\FileHandler' driver.
INFO - 2024-07-11 11:42:33 --> Session: Class initialized using 'CodeIgniter\Session\Handlers\FileHandler' driver.
INFO - 2024-07-11 11:42:33 --> Session: Class initialized using 'CodeIgniter\Session\Handlers\FileHandler' driver.
INFO - 2024-07-11 11:42:33 --> Session: Class initialized using 'CodeIgniter\Session\Handlers\FileHandler' driver.
INFO - 2024-07-11 11:42:33 --> Session: Class initialized using 'CodeIgniter\Session\Handlers\FileHandler' driver.
INFO - 2024-07-11 11:42:33 --> Session: Class initialized using 'CodeIgniter\Session\Handlers\FileHandler' driver.
INFO - 2024-07-11 11:49:57 --> Session: Class initialized using 'CodeIgniter\Session\Handlers\FileHandler' driver.
INFO - 2024-07-11 11:49:58 --> Session: Class initialized using 'CodeIgniter\Session\Handlers\FileHandler' driver.
INFO - 2024-07-11 11:49:58 --> Session: Class initialized using 'CodeIgniter\Session\Handlers\FileHandler' driver.
INFO - 2024-07-11 11:49:59 --> Session: Class initialized using 'CodeIgniter\Session\Handlers\FileHandler' driver.
INFO - 2024-07-11 11:49:59 --> Session: Class initialized using 'CodeIgniter\Session\Handlers\FileHandler' driver.
INFO - 2024-07-11 11:50:00 --> Session: Class initialized using 'CodeIgniter\Session\Handlers\FileHandler' driver.
INFO - 2024-07-11 11:50:02 --> Session: Class initialized using 'CodeIgniter\Session\Handlers\FileHandler' driver.
INFO - 2024-07-11 11:50:02 --> Session: Class initialized using 'CodeIgniter\Session\Handlers\FileHandler' driver.
INFO - 2024-07-11 11:50:03 --> Session: Class initialized using 'CodeIgniter\Session\Handlers\FileHandler' driver.
INFO - 2024-07-11 11:50:03 --> Session: Class initialized using 'CodeIgniter\Session\Handlers\FileHandler' driver.
INFO - 2024-07-11 11:50:03 --> Session: Class initialized using 'CodeIgniter\Session\Handlers\FileHandler' driver.
INFO - 2024-07-11 11:50:03 --> Session: Class initialized using 'CodeIgniter\Session\Handlers\FileHandler' driver.
INFO - 2024-07-11 11:50:03 --> Session: Class initialized using 'CodeIgniter\Session\Handlers\FileHandler' driver.
INFO - 2024-07-11 11:50:03 --> Session: Class initialized using 'CodeIgniter\Session\Handlers\FileHandler' driver.
INFO - 2024-07-11 11:50:03 --> Session: Class initialized using 'CodeIgniter\Session\Handlers\FileHandler' driver.
INFO - 2024-07-11 11:50:03 --> Session: Class initialized using 'CodeIgniter\Session\Handlers\FileHandler' driver.
INFO - 2024-07-11 11:50:14 --> Session: Class initialized using 'CodeIgniter\Session\Handlers\FileHandler' driver.
INFO - 2024-07-11 11:50:14 --> Session: Class initialized using 'CodeIgniter\Session\Handlers\FileHandler' driver.
INFO - 2024-07-11 11:50:14 --> Session: Class initialized using 'CodeIgniter\Session\Handlers\FileHandler' driver.
INFO - 2024-07-11 11:50:14 --> Session: Class initialized using 'CodeIgniter\Session\Handlers\FileHandler' driver.
INFO - 2024-07-11 11:50:17 --> Session: Class initialized using 'CodeIgniter\Session\Handlers\FileHandler' driver.
INFO - 2024-07-11 11:50:17 --> Session: Class initialized using 'CodeIgniter\Session\Handlers\FileHandler' driver.
INFO - 2024-07-11 11:50:17 --> Session: Class initialized using 'CodeIgniter\Session\Handlers\FileHandler' driver.
